"id","Sucursal","internal_id","is_local","caja","cuser","out_of_time","Creación de orden","Proceso de orden","Entrega de orden","Orden cancelada","Hora deseada","Usuario","Estatus","Tipo de pago","total","stars","review","coupon","Sub tipo de pago","pc_id","status_id","Id cajero","crname","pay_id","Usuario subsidio/Meal plan","Nómina","ceco","Platillos","Ingredientes","description"
49728788,"Davilas CCU","1",0,1,"Javier Escobedo",,"16:34:00 23-05-2023","16:35:29 23-05-2023","16:36:12 23-05-2023",,"2023-05-23 16:34:00","Caja Davilas UDEM","Entregada","Saldo ",92,,,"0.00",,,4,4086,,1,"  ",,,"ALITAS Estandar 1 $0.00","SALSA BBQ $0.00",""
49729011,"Davilas CCU","2",0,0,"Javier Escobedo",,"16:40:45 23-05-2023",,,"16:42:00 23-05-2023","2023-05-23 16:40:45",,"Cancelada","Saldo ",92,,,"0.00",,,5,,"Problemas de internet por parte del establecimiento",1,"  ",,,"ALITAS Estandar 1 $0.00","SALSA BÚFALO $0.00",""
49729198,"Davilas CCU","3",0,1,"Javier Escobedo",,"16:46:17 23-05-2023","16:46:30 23-05-2023","16:47:24 23-05-2023",,"2023-05-23 16:46:17","Caja Davilas UDEM","Entregada","Saldo ",92,,,"0.00",,,4,4086,,1,"  ",,,"ALITAS Estandar 1 $0.00","SALSA BÚFALO $0.00",""
49729388,"Davilas CCU","4",0,0,"Javier Escobedo",,"16:52:27 23-05-2023",,,"16:54:00 23-05-2023","2023-05-23 18:00:00",,"Cancelada","Saldo ",92,,,"0.00",,,5,,"Problemas de internet por parte del establecimiento",1,"  ",,,"ALITAS Estandar 1 $0.00","SALSA BÚFALO $0.00",""
49729448,"Davilas CCU","5",0,0,"Javier Escobedo",,"16:54:44 23-05-2023",,,"16:56:00 23-05-2023","2023-05-23 18:00:00",,"Cancelada","Saldo ",92,,,"0.00",,,5,,"Problemas de internet por parte del establecimiento",1,"  ",,,"ALITAS Estandar 1 $0.00","SALSA BÚFALO $0.00",""
49729538,"Davilas CCU","6",0,1,"Javier Escobedo",,"16:58:02 23-05-2023","16:58:15 23-05-2023","16:58:46 23-05-2023",,"2023-05-23 16:58:02","Caja Davilas UDEM","Entregada","Saldo ",92,,,"0.00",,,4,4086,,1,"  ",,,"ALITAS Estandar 1 $0.00","SALSA BBQ $0.00",""
49938417,"Davilas CCU","7",0,0,"LourdesCabral",,"12:20:50 31-05-2023",,,"12:22:00 31-05-2023","2023-05-31 12:20:50",,"Cancelada","Efectivo ",46,,,"0.00",,,5,,"Problemas de internet por parte del establecimiento",4,"  ",,,"ORDEN DE PAPAS Estandar 1 $0.00","SALSA BÚFALO $6.00","Pago al recoger ah "
49938580,"Davilas CCU","8",0,1,"VeronicaGómez",,"12:24:05 31-05-2023","12:25:07 31-05-2023","12:31:38 31-05-2023",,"2023-05-31 13:40:00","Caja Davilas UDEM","Entregada","Efectivo ",92,,,"0.00",,,4,4086,,4,"  ",,,"ORDEN TACOS DE CARNE ASADA Estandar 1 $0.00","MAIZ $0.00,CON QUESO $0.00",""
49940122,"Davilas CCU","9",0,0,"RebecaTorres",,"12:54:55 31-05-2023",,,"12:56:00 31-05-2023","2023-05-31 13:20:00",,"Cancelada","Efectivo ",105,,,"0.00",,,5,,"Problemas de internet por parte del establecimiento",4,"  ",,,"CHICKEN TENDERS Estandar 1 $0.00","SALSA BBQ $0.00","CHICKEN TENDERS Estandar: Salsa aparte y con salsa verde aparte tambin \n"
49940636,"Davilas CCU","10",0,0,"RebecaTorres",,"13:03:36 31-05-2023",,,"13:04:00 31-05-2023","2023-05-31 13:20:00",,"Cancelada","Efectivo ",105,,,"0.00",,,5,,"Problemas de internet por parte del establecimiento",4,"  ",,,"CHICKEN TENDERS Estandar 1 $0.00","SALSA BBQ $0.00",""
49940760,"Davilas CCU","11",0,1,"RebecaTorres",,"13:05:35 31-05-2023","13:05:47 31-05-2023","13:12:29 31-05-2023",,"2023-05-31 13:20:00","Caja Davilas UDEM","Entregada","Efectivo ",105,,,"0.00",,,4,4086,,4,"  ",,,"CHICKEN TENDERS Estandar 1 $0.00","SALSA BBQ $0.00","Salsa aparte y salsa verde "
50004177,"Davilas CCU","12",0,1,"Aurora",,"13:02:03 02-06-2023","13:02:59 02-06-2023","13:10:05 02-06-2023",,"2023-06-02 13:05:00","Caja Davilas UDEM","Entregada","Tarjeta Tarjeta Credito",94,,,"0.00","Tarjeta Credito",,4,4086,,2,"  ",,,"GRINGA Estandar 1 $0.00","CON QUESO $0.00","GRINGA Estandar: Con salsa a parte por favor\n"
50006351,"Davilas CCU","13",0,1,"VeronicaGómez",,"13:32:03 02-06-2023","13:34:07 02-06-2023","13:39:14 02-06-2023",,"2023-06-02 13:45:00","Caja Davilas UDEM","Entregada","Tarjeta Tarjeta Credito",92,,,"0.00","Tarjeta Credito",,4,4086,,2,"  ",,,"ORDEN TACOS DE CARNE ASADA Estandar 1 $0.00","MAIZ $0.00,CON QUESO $0.00","ORDEN TACOS DE CARNE ASADA Estandar: Favor de poner dos botes de salsa \n"
50109684,"Davilas CCU","14",0,0,"DavidAlejandroCuevasGarcía",,"10:31:11 06-06-2023",,,"10:42:00 06-06-2023","2023-06-06 13:00:00",,"Cancelada","Tarjeta ",92,,,"0.00",,,5,,"Problemas de internet por parte del establecimiento",2,"  ",,,"TORTA DE PIERNA Estandar 1 $0.00",,""
50116237,"Davilas CCU","15",0,1,"DavidAlejandroCuevasGarcía",,"12:51:37 06-06-2023","12:51:43 06-06-2023","13:00:29 06-06-2023",,"2023-06-06 13:30:00","Caja Davilas UDEM","Entregada","Tarjeta Tarjeta Debito",92,,,"0.00","Tarjeta Debito",,4,4086,,2,"  ",,,"TORTA DE PIERNA Estandar 1 $0.00",,"TORTA DE PIERNA Estandar: Quitar el tomate  por favor\n"
50145367,"Davilas CCU","16",0,1,"Aurora",,"12:43:12 07-06-2023","12:43:13 07-06-2023","13:49:47 07-06-2023",,"2023-06-07 14:00:00","Caja Davilas UDEM","Entregada","Tarjeta Tarjeta Credito",46,,,"0.00","Tarjeta Credito",,4,4086,,2,"  ",,,"ORDEN DE PAPAS Estandar 1 $0.00","SALSA BÚFALO $6.00",""
50145770,"Davilas CCU","17",0,1,"RebecaTorres",,"12:51:29 07-06-2023","12:51:30 07-06-2023","12:55:50 07-06-2023",,"2023-06-07 12:55:00","Caja Davilas UDEM","Entregada","Tarjeta Tarjeta Credito",92,,,"0.00","Tarjeta Credito",,4,4086,,2,"  ",,,"ORDEN TACOS DE CARNE ASADA Estandar 1 $0.00","MAIZ $0.00,CON QUESO $0.00",""
50177248,"Davilas CCU","18",0,1,"LorenaMoralesVázquez",,"13:49:27 08-06-2023","13:49:29 08-06-2023","14:00:23 08-06-2023",,"2023-06-08 14:00:00","Caja Davilas UDEM","Entregada","Tarjeta Tarjeta Debito",96,,,"0.00","Tarjeta Debito",,4,4086,,2,"  ",,,"CAMPECHANA Estandar 1 $0.00","CON QUESO $0.00",""
50308392,"Davilas CCU","19",0,1,"LourdesCabral",,"12:00:37 13-06-2023","12:00:42 13-06-2023","13:17:31 13-06-2023",,"2023-06-13 13:10:00","Caja Davilas UDEM","Entregada","Tarjeta Tarjeta Debito",97,,,"0.00","Tarjeta Debito",,4,4086,,2,"  ",,,"PAPA ASADA CON CARNE ASADA Estandar 1 $0.00","SIN QUESO $0.00,SIN CREMA $0.00",""
50308617,"Davilas CCU","20",0,1,"Aurora",,"12:05:44 13-06-2023","12:05:49 13-06-2023","13:17:03 13-06-2023",,"2023-06-13 13:10:00","Caja Davilas UDEM","Entregada","Tarjeta Tarjeta Credito",96,,,"0.00","Tarjeta Credito",,4,4086,,2,"  ",,,"CAMPECHANA Estandar 1 $0.00","CON QUESO $0.00",""
50312517,"Davilas CCU","21",0,1,"Andrés",,"13:19:41 13-06-2023","13:19:42 13-06-2023","13:31:50 13-06-2023",,"2023-06-13 13:20:00","Caja Davilas UDEM","Entregada","Tarjeta Tarjeta Credito",105,,,"0.00","Tarjeta Credito",,4,4086,,2,"  ",,,"CHICKEN TENDERS Estandar 1 $0.00","SALSA BBQ $0.00",""
50313285,"Davilas CCU","22",0,1,"BenjamínBurciaga",,"13:30:35 13-06-2023","13:30:37 13-06-2023","13:41:59 13-06-2023",,"2023-06-13 14:00:00","Caja Davilas UDEM","Entregada","Tarjeta Tarjeta Credito",98,,,"0.00","Tarjeta Credito",,4,4086,,2,"  ",,,"HAMBURGUESA DE RES Estandar 1 $0.00",,""
50343526,"Davilas CCU","23",0,1,"BenjamínBurciaga",,"13:44:09 14-06-2023","13:44:10 14-06-2023","13:55:06 14-06-2023",,"2023-06-14 13:45:00","Caja Davilas UDEM","Entregada","Tarjeta Tarjeta Credito",125,,,"0.00","Tarjeta Credito",,4,4086,,2,"  ",,,"CHICKEN TENDERS Estandar 1 $0.00,COCA LIGHT Estandar 1 $0.00","SALSA BÚFALO $0.00",""
50370653,"Davilas CCU","24",0,1,"Rodrigo Hernández ",,"12:44:47 15-06-2023","12:44:50 15-06-2023","12:56:29 15-06-2023",,"2023-06-15 12:44:47","Caja Davilas UDEM","Entregada","Tarjeta Tarjeta Credito",98,,,"0.00","Tarjeta Credito",,4,4086,,2,"  ",,,"TORTA DE CARNE ASADA Estandar 1 $0.00",,"TORTA DE CARNE ASADA Estandar: sin cebolla \n"
50371392,"Davilas CCU","25",0,1,"Claudia Palomo",,"12:57:43 15-06-2023","12:57:43 15-06-2023","13:15:33 15-06-2023",,"2023-06-15 13:30:00","Caja Davilas UDEM","Entregada","Tarjeta Tarjeta Debito",55,,,"0.00","Tarjeta Debito",,4,4086,,2,"  ",,,"ORDEN PAPAS ESPECIALES Estandar 1 $0.00",,""
50400379,"Davilas CCU","26",0,1,"Jessica",,"12:20:57 16-06-2023","12:20:58 16-06-2023","12:36:38 16-06-2023",,"2023-06-16 12:45:00","Caja Davilas UDEM","Entregada","Tarjeta Tarjeta Debito",96,,,"0.00","Tarjeta Debito",,4,4086,,2,"  ",,,"CAMPECHANA Estandar 1 $0.00","CON QUESO $0.00",""
50541510,"Davilas CCU","27",0,1,"Rodrigo Hernández ",,"13:56:12 21-06-2023","13:56:15 21-06-2023","13:58:52 21-06-2023",,"2023-06-21 13:56:12","Caja Davilas UDEM","Entregada","Tarjeta Tarjeta Credito",118,,,"0.00","Tarjeta Credito",,4,4086,,2,"  ",,,"HAMBURGUESA DE RES Estandar 1 $0.00,COCA COLA  Estandar 1 $0.00",,""
50542691,"Davilas CCU","28",0,1,"Julio Arriaga",,"14:14:32 21-06-2023",,,"14:14:33 21-06-2023","2023-06-21 14:14:33","Caja Davilas UDEM","Cancelada","Tarjeta ",98,,,"0.00",,,5,4086,"Tarjeta rechazada",2,"  ",,,"TORTA DE CARNE ASADA Estandar 1 $0.00",,""
50928854,"Davilas CCU","29",0,1,"CarlosPalacios",,"13:07:45 05-07-2023",,,"13:07:51 05-07-2023","2023-07-05 13:10:00","Admin Company Davilas UDEM","Cancelada","Tarjeta ",96,,,"0.00",,,5,4084,"Tarjeta rechazada",2,"  ",,,"CAMPECHANA Estandar 1 $0.00","CON QUESO $0.00",""
50928967,"Davilas CCU","30",0,1,"BenjamínBurciaga",,"13:09:38 05-07-2023","13:09:44 05-07-2023","13:39:36 05-07-2023",,"2023-07-05 13:10:00","Admin Company Davilas UDEM","Lista","Tarjeta Tarjeta Credito",125,,,"0.00","Tarjeta Credito",,3,4084,,2,"  ",,,"CHICKEN TENDERS Estandar 1 $0.00,COCA LIGHT Estandar 1 $0.00","SALSA BBQ $0.00",""
50929684,"Davilas CCU","31",0,1,"CarlosPalacios",,"13:20:13 05-07-2023","13:20:14 05-07-2023","13:39:40 05-07-2023",,"2023-07-05 13:20:13","Admin Company Davilas UDEM","Lista","Tarjeta Tarjeta Credito",96,,,"0.00","Tarjeta Credito",,3,4084,,2,"  ",,,"CAMPECHANA Estandar 1 $0.00","CON QUESO $0.00",""
51642219,"Davilas CCU","32",0,1,"Aurora",,"12:29:55 31-07-2023","12:29:57 31-07-2023","12:42:08 31-07-2023",,"2023-07-31 13:00:00","Admin Company Davilas UDEM","Entregada","Tarjeta Tarjeta Credito",92,,,"0.00","Tarjeta Credito",,4,4084,,2,"  ",,,"ORDEN TACOS DE CARNE ASADA Estandar 1 $0.00","MAIZ $0.00,CON QUESO $0.00",""
51872811,"Davilas CCU","33",0,1,"DanielaVázquez",,"13:43:27 08-08-2023","13:43:32 08-08-2023","13:55:01 08-08-2023",,"2023-08-08 13:45:00","Admin Company Davilas UDEM","Entregada","Tarjeta Tarjeta Debito",92,,,"0.00","Tarjeta Debito",,4,4084,,2,"  ",,,"TORTA DE PIERNA Estandar 1 $0.00",,"Para llevar por favor "
52056551,"Davilas CCU","34",0,1,"DiegoTorres",,"16:58:31 14-08-2023","16:58:32 14-08-2023","17:04:02 14-08-2023",,"2023-08-14 17:00:00","Admin Company Davilas UDEM","Entregada","Tarjeta Tarjeta Debito",129,,,"0.00","Tarjeta Debito",,4,4084,,2,"  ",,,"CHICKEN TENDERS Estandar 1 $0.00,FUZE TEA Estandar 1 $0.00","SALSA BÚFALO $0.00","CHICKEN TENDERS Estandar: Baladas en salsa Buffalo\n"
52073503,"Davilas CCU","35",0,1,"norberto ",,"12:42:14 15-08-2023","12:42:17 15-08-2023","12:44:27 15-08-2023",,"2023-08-15 12:42:14","Admin Company Davilas UDEM","Entregada","Tarjeta Tarjeta Debito",105,,,"0.00","Tarjeta Debito",,4,4084,,2,"  ",,,"CHICKEN TENDERS Estandar 1 $0.00","SALSA BBQ $0.00",""
52074705,"Davilas CCU","36",0,1,"AndreaVallejo",,"13:02:38 15-08-2023","13:02:39 15-08-2023","13:05:55 15-08-2023",,"2023-08-15 13:05:00","Admin Company Davilas UDEM","Entregada","Tarjeta Tarjeta Credito",105,,,"0.00","Tarjeta Credito",,4,4084,,2,"  ",,,"CHICKEN TENDERS Estandar 1 $0.00","SALSA BÚFALO $0.00",""
52075733,"Davilas CCU","37",0,1,"Fernanda",,"13:16:06 15-08-2023","13:16:10 15-08-2023","13:18:31 15-08-2023",,"2023-08-15 13:20:00","Admin Company Davilas UDEM","Entregada","Tarjeta Tarjeta Debito",105,,,"0.00","Tarjeta Debito",,4,4084,,2,"  ",,,"CHICKEN TENDERS Estandar 1 $0.00","SALSA BBQ $0.00",""
52077512,"Davilas CCU","38",0,1,"Ramon",,"13:40:19 15-08-2023","13:40:22 15-08-2023","13:45:33 15-08-2023",,"2023-08-15 13:40:19","Admin Company Davilas UDEM","Entregada","Tarjeta Tarjeta Debito",98,,,"0.00","Tarjeta Debito",,4,4084,,2,"  ",,,"BURRITO DE CARNE ASADA Estandar 1 $0.00","CON QUESO $0.00",""
52105497,"Davilas CCU","39",0,1,"Carlos Miguel Bernal ",,"12:40:19 16-08-2023","12:40:21 16-08-2023","12:43:22 16-08-2023",,"2023-08-16 12:40:19","Admin Company Davilas UDEM","Entregada","Tarjeta Tarjeta Debito",104,,,"0.00","Tarjeta Debito",,4,4084,,2,"  ",,,"BURRITO DE CARNE ASADA Estandar 1 $0.00,ADEREZO RANCH Estandar 1 $0.00","SIN QUESO $0.00","BURRITO DE CARNE ASADA Estandar: Aderezo Ranch\n"
52108529,"Davilas CCU","40",0,1,"Mario",,"13:26:17 16-08-2023","13:26:19 16-08-2023","13:28:23 16-08-2023",,"2023-08-16 13:29:16","Admin Company Davilas UDEM","Entregada","Tarjeta Tarjeta Debito",125,,,"0.00","Tarjeta Debito",,4,4084,,2,"  ",,,"BONELESS Estandar 1 $0.00,COCA COLA  Estandar 1 $0.00","SALSA BÚFALO $0.00",""
52111044,"Davilas CCU","41",0,1,"Natalia",,"14:02:49 16-08-2023","14:02:57 16-08-2023","14:07:39 16-08-2023",,"2023-08-16 14:05:00","Admin Company Davilas UDEM","Entregada","Tarjeta Tarjeta Debito",105,,,"0.00","Tarjeta Debito",,4,4084,,2,"  ",,,"CHICKEN TENDERS Estandar 1 $0.00","SALSA BÚFALO $0.00",""
52113876,"Davilas CCU","42",0,1,"Joaquín",,"14:44:30 16-08-2023",,,"14:44:35 16-08-2023","2023-08-16 14:45:00","Admin Company Davilas UDEM","Cancelada","Tarjeta ",98,,,"0.00",,,5,4084,"Tarjeta rechazada",2,"  ",,,"BURRITO DE CARNE ASADA Estandar 1 $0.00","SIN QUESO $0.00",""
52113878,"Davilas CCU","43",0,1,"Maximiliano",,"14:44:31 16-08-2023","14:44:43 16-08-2023","14:48:51 16-08-2023",,"2023-08-16 14:45:00","Admin Company Davilas UDEM","Entregada","Tarjeta Tarjeta Credito",98,,,"0.00","Tarjeta Credito",,4,4084,,2,"  ",,,"BURRITO DE CARNE ASADA Estandar 1 $0.00","CON QUESO $0.00",""
52113946,"Davilas CCU","44",0,1,"Joaquín",,"14:45:56 16-08-2023","14:45:57 16-08-2023","14:49:44 16-08-2023",,"2023-08-16 14:45:56","Admin Company Davilas UDEM","Entregada","Tarjeta Tarjeta Debito",98,,,"0.00","Tarjeta Debito",,4,4084,,2,"  ",,,"BURRITO DE CARNE ASADA Estandar 1 $0.00","SIN QUESO $0.00",""
52135830,"Davilas CCU","45",0,1,"JoséRodrigoMarquezRosales",,"12:11:36 17-08-2023","12:11:38 17-08-2023","12:32:32 17-08-2023",,"2023-08-17 12:50:00","Caja Davilas UDEM","Entregada","Tarjeta Tarjeta Debito",118,,,"0.00","Tarjeta Debito",,4,4086,,2,"  ",,,"BURRITO DE CARNE ASADA Estandar 1 $0.00,COCA COLA  Estandar 1 $0.00","CON QUESO $0.00","COCA COLA  Estandar: Coca Lata\n"
52140831,"Davilas CCU","46",0,1,"Gerardo",,"13:30:26 17-08-2023","13:30:30 17-08-2023","13:36:34 17-08-2023",,"2023-08-17 13:30:26","Caja Davilas UDEM","Entregada","Tarjeta Tarjeta Credito",125,,,"0.00","Tarjeta Credito",,4,4086,,2,"  ",,,"CHICKEN TENDERS Estandar 1 $0.00,COCA COLA  Estandar 1 $0.00","SALSA BÚFALO $0.00",""
52141918,"Davilas CCU","47",0,1,"FernandoCastilla",,"13:46:15 17-08-2023",,,"13:46:19 17-08-2023","2023-08-17 13:50:00","Caja Davilas UDEM","Cancelada","Tarjeta ",96,,,"0.00",,,5,4086,"Tarjeta rechazada",2,"  ",,,"CAMPECHANA Estandar 1 $0.00","CON QUESO $0.00",""
52145697,"Davilas CCU","48",0,1,"Fernando ",,"14:41:30 17-08-2023",,,"14:41:35 17-08-2023","2023-08-17 14:41:30","Caja Davilas UDEM","Cancelada","Tarjeta ",55,,,"0.00",,,5,4086,"Tarjeta rechazada",2,"  ",,,"ORDEN PAPAS ESPECIALES Estandar 1 $0.00",,""
52171701,"Davilas CCU","49",0,1,"norberto ",,"13:16:36 18-08-2023","13:16:39 18-08-2023","13:23:22 18-08-2023",,"2023-08-18 13:16:36","Caja Davilas UDEM","Entregada","Tarjeta Tarjeta Debito",55,,,"0.00","Tarjeta Debito",,4,4086,,2,"  ",,,"ORDEN PAPAS ESPECIALES Estandar 1 $0.00",,""
52175200,"Davilas CCU","50",0,1,"Daira Reyes",,"14:08:34 18-08-2023","14:08:36 18-08-2023","14:20:10 18-08-2023",,"2023-08-18 14:08:34","Caja Davilas UDEM","Entregada","Tarjeta Tarjeta Debito",98,,,"0.00","Tarjeta Debito",,4,4086,,2,"  ",,,"BURRITO DE CARNE ASADA Estandar 1 $0.00","CON QUESO $0.00",""
52175402,"Davilas CCU","51",0,1,"PatricioMolanoGalvan",,"14:11:25 18-08-2023","14:11:30 18-08-2023","14:20:23 18-08-2023",,"2023-08-18 14:15:00","Caja Davilas UDEM","Entregada","Tarjeta Tarjeta Credito",116,,,"0.00","Tarjeta Credito",,4,4086,,2,"  ",,,"CAMPECHANA Estandar 1 $0.00,COCA COLA  Estandar 1 $0.00","CON QUESO $0.00",""
52247736,"Davilas CCU","52",0,1,"JorgeVladimirRodríguezBerino",,"11:35:52 21-08-2023","11:35:56 21-08-2023","14:23:10 21-08-2023",,"2023-08-21 14:40:00","Caja Davilas UDEM","Entregada","Tarjeta Tarjeta Debito",105,,,"0.00","Tarjeta Debito",,4,4086,,2,"  ",,,"BONELESS Estandar 1 $0.00","SALSA BBQ $0.00","BONELESS Estandar: Podran dejar esta comida para llevar Por favor\n"
52247902,"Davilas CCU","53",0,1,"Amauri",,"11:39:00 21-08-2023","11:39:01 21-08-2023","11:48:49 21-08-2023",,"2023-08-21 11:40:00","Caja Davilas UDEM","Entregada","Tarjeta Tarjeta Debito",242,,,"0.00","Tarjeta Debito",,4,4086,,2,"  ",,,"BURRITO DE CARNE ASADA Estandar 2 $0.00,ORDEN DE PAPAS Estandar 1 $0.00","CON QUESO $0.00,ADEREZO RANCH $6.00",""
52250733,"Davilas CCU","54",0,1,"JoséRodrigoMarquezRosales",,"12:34:59 21-08-2023","12:35:01 21-08-2023","12:36:37 21-08-2023",,"2023-08-21 12:55:00","Caja Davilas UDEM","Entregada","Tarjeta Tarjeta Debito",125,,,"0.00","Tarjeta Debito",,4,4086,,2,"  ",,,"CHICKEN TENDERS Estandar 1 $0.00,COCA COLA  Estandar 1 $0.00","SALSA BÚFALO $0.00",""
52258272,"Davilas CCU","55",0,1,"VeronicaGómez",,"14:32:23 21-08-2023","14:32:28 21-08-2023","14:37:35 21-08-2023",,"2023-08-21 14:35:00","Caja Davilas UDEM","Entregada","Tarjeta Tarjeta Credito",184,,,"0.00","Tarjeta Credito",,4,4086,,2,"  ",,,"ORDEN TACOS DE CARNE ASADA Estandar 2 $0.00","MAIZ $0.00,CON QUESO $0.00",""
52258318,"Davilas CCU","56",0,1,"Aurora",,"14:33:07 21-08-2023","14:33:10 21-08-2023","14:37:32 21-08-2023",,"2023-08-21 14:35:00","Caja Davilas UDEM","Entregada","Tarjeta Tarjeta Credito",96,,,"0.00","Tarjeta Credito",,4,4086,,2,"  ",,,"CAMPECHANA Estandar 1 $0.00","CON QUESO $0.00",""
52263029,"Davilas CCU","57",0,1,"DiegoTorres",,"15:55:02 21-08-2023","15:55:03 21-08-2023","15:57:21 21-08-2023",,"2023-08-21 15:55:02","Caja Davilas UDEM","Entregada","Tarjeta Tarjeta Debito",129,,,"0.00","Tarjeta Debito",,4,4086,,2,"  ",,,"CHICKEN TENDERS Estandar 1 $0.00,FUZE TEA Estandar 1 $0.00","SALSA BÚFALO $0.00","FUZE TEA Estandar: De durazno\n"
52272173,"Davilas CCU","58",0,1,"JorgeVladimirRodríguezBerino",,"09:05:15 22-08-2023","09:05:16 22-08-2023","12:48:15 22-08-2023",,"2023-08-22 13:10:00","Caja Davilas UDEM","Entregada","Tarjeta Tarjeta Debito",105,,,"0.00","Tarjeta Debito",,4,4086,,2,"  ",,,"BONELESS Estandar 1 $0.00","SALSA BBQ $0.00","BONELESS Estandar: Favor de asignar el pedido para llevar por favor\n"
52282217,"Davilas CCU","59",0,1,"JoséRodrigoMarquezRosales",,"12:50:56 22-08-2023","12:51:01 22-08-2023","12:53:58 22-08-2023",,"2023-08-22 12:50:56","Caja Davilas UDEM","Entregada","Tarjeta Tarjeta Debito",60,,,"0.00","Tarjeta Debito",,4,4086,,2,"  ",,,"ORDEN DE PAPAS Estandar 1 $0.00,COCA COLA  Estandar 1 $0.00",,""
52284381,"Davilas CCU","60",0,1,"DanielaVázquez",,"13:23:40 22-08-2023","13:23:44 22-08-2023","13:27:34 22-08-2023",,"2023-08-22 13:25:00","Caja Davilas UDEM","Entregada","Tarjeta Tarjeta Debito",138,,,"0.00","Tarjeta Debito",,4,4086,,2,"  ",,,"DEDOS DE QUESO Estandar 1 $0.00,AGUA NATURAL 600ML Estandar 1 $0.00,FUZE TEA Estandar 1 $0.00",,""
52313394,"Davilas CCU","61",0,1,"AxelArizpe",,"13:18:28 23-08-2023","13:18:32 23-08-2023","13:22:23 23-08-2023",,"2023-08-23 13:20:00","Caja Davilas UDEM","Entregada","Tarjeta Tarjeta Debito",112,,,"0.00","Tarjeta Debito",,4,4086,,2,"  ",,,"TORTA DE PIERNA Estandar 1 $0.00,COCA LIGHT Estandar 1 $0.00",,"axel arizpe mora"
52337059,"Davilas CCU","62",0,1,"Mario",,"11:32:35 24-08-2023","11:32:38 24-08-2023","11:53:32 24-08-2023",,"2023-08-24 11:35:48","Caja Davilas UDEM","Entregada","Tarjeta Tarjeta Debito",125,,,"0.00","Tarjeta Debito",,4,4086,,2,"  ",,,"BONELESS Estandar 1 $0.00,COCA COLA  Estandar 1 $0.00","SALSA BÚFALO $0.00",""
52337626,"Davilas CCU","63",0,1,"JorgeVladimirRodríguezBerino",,"11:43:46 24-08-2023","11:43:51 24-08-2023","11:57:17 24-08-2023",,"2023-08-24 11:45:00","Caja Davilas UDEM","Entregada","Tarjeta Tarjeta Debito",129,,,"0.00","Tarjeta Debito",,4,4086,,2,"  ",,,"BONELESS Estandar 1 $0.00,FUZE TEA Estandar 1 $0.00","SALSA BBQ $0.00","BONELESS Estandar: Favor de entregar para llevar\n"
52341385,"Davilas CCU","64",0,1,"Gerardo",,"12:58:48 24-08-2023","12:58:53 24-08-2023","13:43:04 24-08-2023",,"2023-08-24 13:00:00","Caja Davilas UDEM","Entregada","Tarjeta Tarjeta Credito",112,,,"0.00","Tarjeta Credito",,4,4086,,2,"  ",,,"TORTA DE PIERNA Estandar 1 $0.00,COCA COLA  Estandar 1 $0.00",,""
52343923,"Davilas CCU","65",0,1,"AxelArizpe",,"13:34:47 24-08-2023","13:34:52 24-08-2023","13:43:01 24-08-2023",,"2023-08-24 13:35:00","Caja Davilas UDEM","Entregada","Tarjeta Tarjeta Debito",116,,,"0.00","Tarjeta Debito",,4,4086,,2,"  ",,,"CAMPECHANA Estandar 1 $0.00,COCA LIGHT Estandar 1 $0.00","CON QUESO $0.00",""
52375003,"Davilas CCU","66",0,1,"Ramon",,"13:40:23 25-08-2023","13:40:24 25-08-2023","13:52:49 25-08-2023",,"2023-08-25 13:40:23","Caja Davilas UDEM","Entregada","Tarjeta Tarjeta Debito",203,,,"0.00","Tarjeta Debito",,4,4086,,2,"  ",,,"BONELESS Estandar 1 $0.00,BURRITO DE CARNE ASADA Estandar 1 $0.00","CON QUESO $0.00,SALSA BÚFALO $0.00",""
52376568,"Davilas CCU","67",0,1,"Amauri",,"14:04:52 25-08-2023","14:04:57 25-08-2023","14:12:31 25-08-2023",,"2023-08-25 14:05:00","Caja Davilas UDEM","Lista","Tarjeta Tarjeta Debito",98,,,"0.00","Tarjeta Debito",,3,4086,,2,"  ",,,"BURRITO DE CARNE ASADA Estandar 1 $0.00","CON QUESO $0.00",""
52378750,"Davilas CCU","68",0,1,"Fernanda",,"14:35:29 25-08-2023","14:35:32 25-08-2023","14:50:16 25-08-2023",,"2023-08-25 14:35:29","Caja Davilas UDEM","Lista","Tarjeta Tarjeta Debito",96,,,"0.00","Tarjeta Debito",,3,4086,,2,"  ",,,"CAMPECHANA Estandar 1 $0.00","CON QUESO $0.00",""
52444339,"Davilas CCU","69",0,1,"JorgeVladimirRodríguezBerino",,"09:47:27 28-08-2023","09:47:32 28-08-2023","14:30:06 28-08-2023",,"2023-08-28 14:35:00","Caja Davilas UDEM","Entregada","Tarjeta Tarjeta Debito",129,,,"0.00","Tarjeta Debito",,4,4086,,2,"  ",,,"BONELESS Estandar 1 $0.00,FUZE TEA Estandar 1 $0.00","SALSA BBQ $0.00","Favor de entregar para llevar y si es posible que el Fuze Tea sea de tapa amarilla por favor BONELESS Estandar: Favor de entregar para llevar por favor \n"
52448818,"Davilas CCU","70",0,1,"Team",,"11:29:28 28-08-2023",,,"11:29:31 28-08-2023","2023-08-28 11:30:00","Caja Davilas UDEM","Cancelada","Tarjeta ",122,,,"0.00",,,5,4086,"Tarjeta rechazada",2,"  ",,,"BURRITO DE CARNE ASADA Estandar 1 $0.00,FUZE TEA Estandar 1 $0.00","CON QUESO $0.00",""
52452834,"Davilas CCU","71",0,1,"Andres",,"12:58:27 28-08-2023",,,"12:58:31 28-08-2023","2023-08-28 13:00:00","Caja Davilas UDEM","Cancelada","Tarjeta ",67,,,"0.00",,,5,4086,"Tarjeta rechazada",2,"  ",,,"ORDEN PAPAS ESPECIALES Estandar 1 $0.00","SALSA BBQ $6.00",""
52452947,"Davilas CCU","72",0,1,"Andres",,"13:00:24 28-08-2023","13:00:29 28-08-2023","13:05:36 28-08-2023",,"2023-08-28 13:00:24","Caja Davilas UDEM","Entregada","Tarjeta Tarjeta Debito",67,,,"0.00","Tarjeta Debito",,4,4086,,2,"  ",,,"ORDEN PAPAS ESPECIALES Estandar 1 $0.00","SALSA BBQ $6.00",""
52452963,"Davilas CCU","73",0,1,"Gerardo",,"13:00:45 28-08-2023","13:00:49 28-08-2023","13:21:27 28-08-2023",,"2023-08-28 13:05:00","Caja Davilas UDEM","Entregada","Tarjeta Tarjeta Credito",125,,,"0.00","Tarjeta Credito",,4,4086,,2,"  ",,,"CHICKEN TENDERS Estandar 1 $0.00,COCA COLA  Estandar 1 $0.00","SALSA BÚFALO $0.00",""
52453549,"Davilas CCU","74",0,1,"SergioGonzález",,"13:09:29 28-08-2023","13:09:32 28-08-2023","13:19:33 28-08-2023",,"2023-08-28 13:10:00","Caja Davilas UDEM","Entregada","Tarjeta Tarjeta Debito",192,,,"0.00","Tarjeta Debito",,4,4086,,2,"  ",,,"CAMPECHANA Estandar 2 $0.00","CON QUESO $0.00",""
52454143,"Davilas CCU","75",0,1,"Leo Tamez",,"13:18:04 28-08-2023",,,"13:18:08 28-08-2023","2023-08-28 13:18:04","Caja Davilas UDEM","Cancelada","Tarjeta ",190,,,"0.00",,,5,4086,"Tarjeta rechazada",2,"  ",,,"HAMBURGUESA DE POLLO Estandar 1 $0.00,TORTA DE PIERNA Estandar 1 $0.00",,""
52454258,"Davilas CCU","76",0,1,"Leo Tamez",,"13:19:43 28-08-2023","13:19:48 28-08-2023","13:28:15 28-08-2023",,"2023-08-28 13:19:43","Caja Davilas UDEM","Entregada","Tarjeta Tarjeta Debito",190,,,"0.00","Tarjeta Debito",,4,4086,,2,"  ",,,"HAMBURGUESA DE POLLO Estandar 1 $0.00,TORTA DE PIERNA Estandar 1 $0.00",,""
52457963,"Davilas CCU","77",0,1,"Diego Matínez",,"14:18:42 28-08-2023","14:18:45 28-08-2023","14:30:56 28-08-2023",,"2023-08-28 14:18:42","Caja Davilas UDEM","Entregada","Tarjeta Tarjeta Debito",109,,,"0.00","Tarjeta Debito",,4,4086,,2,"  ",,,"PAPA ASADA CON CARNE ASADA Estandar 1 $0.00","SIN TOCINO $0.00,PORCION EXTRA DE CARNE ASADA $12.00","PAPA ASADA CON CARNE ASADA Estandar: Voy a ir por el pedido a las 230\n"
52458212,"Davilas CCU","78",0,1,"Sarah",,"14:22:49 28-08-2023","14:22:53 28-08-2023","14:34:34 28-08-2023",,"2023-08-28 14:50:00","Caja Davilas UDEM","Entregada","Tarjeta Tarjeta Debito",105,,,"0.00","Tarjeta Debito",,4,4086,,2,"  ",,,"CHICKEN TENDERS Estandar 1 $0.00","SALSA BBQ $0.00",""
52458897,"Davilas CCU","79",0,1,"LuisaArreola",,"14:33:32 28-08-2023","14:33:35 28-08-2023","14:42:21 28-08-2023",,"2023-08-28 14:35:00","Caja Davilas UDEM","Entregada","Tarjeta Tarjeta Debito",98,,,"0.00","Tarjeta Debito",,4,4086,,2,"  ",,,"BURRITO DE CARNE ASADA Estandar 1 $0.00","CON QUESO $0.00",""
52459798,"Davilas CCU","80",0,1,"Diego Matínez",,"14:47:29 28-08-2023","14:47:34 28-08-2023","14:52:44 28-08-2023",,"2023-08-28 14:47:29","Caja Davilas UDEM","Entregada","Tarjeta Tarjeta Debito",98,,,"0.00","Tarjeta Debito",,4,4086,,2,"  ",,,"HAMBURGUESA DE POLLO Estandar 1 $0.00",,""
52462821,"Davilas CCU","81",0,1,"AxelArizpe",,"15:46:34 28-08-2023","15:46:37 28-08-2023","15:49:04 28-08-2023",,"2023-08-28 15:50:00","Caja Davilas UDEM","Entregada","Tarjeta Tarjeta Debito",125,,,"0.00","Tarjeta Debito",,4,4086,,2,"  ",,,"CHICKEN TENDERS Estandar 1 $0.00,COCA LIGHT Estandar 1 $0.00","SALSA BÚFALO $0.00",""
52482748,"Davilas CCU","82",0,1,"JorgeVladimirRodríguezBerino",,"13:12:00 29-08-2023",,,"13:21:06 29-08-2023","2023-08-29 14:00:00","Caja Davilas UDEM","Cancelada","Tarjeta ",105,,,"0.00",,,5,4086,"Tarjeta rechazada",2,"  ",,,"BONELESS Estandar 1 $0.00","SALSA BBQ $0.00","Favor de poner para llevar"
52483586,"Davilas CCU","83",0,1,"Ramon",,"13:23:43 29-08-2023","13:23:48 29-08-2023","13:30:24 29-08-2023",,"2023-08-29 13:25:00","Caja Davilas UDEM","Entregada","Tarjeta Tarjeta Debito",153,,,"0.00","Tarjeta Debito",,4,4086,,2,"  ",,,"BURRITO DE CARNE ASADA Estandar 1 $0.00,ORDEN PAPAS ESPECIALES Estandar 1 $0.00","CON QUESO $0.00",""
52484128,"Davilas CCU","84",0,1,"LuzReyes",,"13:31:49 29-08-2023",,,"13:31:51 29-08-2023","2023-08-29 13:35:00","Caja Davilas UDEM","Cancelada","Tarjeta ",117,,,"0.00",,,5,4086,"Tarjeta rechazada",2,"  ",,,"PAPA ASADA CON CARNE ASADA Estandar 1 $0.00,COCA COLA  Estandar 1 $0.00",,""
52484138,"Davilas CCU","85",0,1,"Valeria",,"13:31:59 29-08-2023",,,"13:32:05 29-08-2023","2023-08-29 13:35:00","Caja Davilas UDEM","Cancelada","Tarjeta ",117,,,"0.00",,,5,4086,"Tarjeta rechazada",2,"  ",,,"PAPA ASADA CON CARNE ASADA Estandar 1 $0.00,COCA COLA  Estandar 1 $0.00",,""
52484377,"Davilas CCU","86",0,1,"Valeria",,"13:36:04 29-08-2023","13:36:09 29-08-2023","13:43:27 29-08-2023",,"2023-08-29 13:40:00","Caja Davilas UDEM","Entregada","Tarjeta Tarjeta Debito",117,,,"0.00","Tarjeta Debito",,4,4086,,2,"  ",,,"PAPA ASADA CON CARNE ASADA Estandar 1 $0.00,COCA COLA  Estandar 1 $0.00",,""
52484477,"Davilas CCU","87",0,1,"LuzReyes",,"13:37:44 29-08-2023","13:37:45 29-08-2023","13:43:29 29-08-2023",,"2023-08-29 13:40:00","Caja Davilas UDEM","Entregada","Tarjeta Tarjeta Debito",75,,,"0.00","Tarjeta Debito",,4,4086,,2,"  ",,,"ORDEN PAPAS ESPECIALES Estandar 1 $0.00,COCA COLA  Estandar 1 $0.00",,""
52488743,"Davilas CCU","88",0,1,"LorenaMoralesVázquez",,"14:47:16 29-08-2023","14:47:20 29-08-2023","14:58:37 29-08-2023",,"2023-08-29 14:50:00","Caja Davilas UDEM","Entregada","Tarjeta Tarjeta Debito",105,,,"0.00","Tarjeta Debito",,4,4086,,2,"  ",,,"CHICKEN TENDERS Estandar 1 $0.00","SALSA BBQ $0.00",""
52488895,"Davilas CCU","89",0,1,"SofiaAlvarado",,"14:49:59 29-08-2023","14:50:05 29-08-2023","14:58:40 29-08-2023",,"2023-08-29 14:50:00","Caja Davilas UDEM","Entregada","Tarjeta Tarjeta Debito",105,,,"0.00","Tarjeta Debito",,4,4086,,2,"  ",,,"CHICKEN TENDERS Estandar 1 $0.00","SALSA BÚFALO $0.00",""
52490474,"Davilas CCU","90",0,1,"DiegoRamirez",,"15:18:40 29-08-2023","15:18:43 29-08-2023","15:29:15 29-08-2023",,"2023-08-29 15:45:00","Caja Davilas UDEM","Entregada","Tarjeta Tarjeta Debito",92,,,"0.00","Tarjeta Debito",,4,4086,,2,"  ",,,"TORTA DE PIERNA Estandar 1 $0.00",,"TORTA DE PIERNA Estandar: Sin tomate y sin crema porfavor\n"
52510849,"Davilas CCU","91",0,1,"EmiliaCelis",,"12:58:08 30-08-2023","12:58:13 30-08-2023","13:02:04 30-08-2023",,"2023-08-30 13:00:00","Caja Davilas UDEM","Lista","Tarjeta Tarjeta Debito",125,,,"0.00","Tarjeta Debito",,3,4086,,2,"  ",,,"CHICKEN TENDERS Estandar 1 $0.00,REFRESO 600ml Estandar 1 $0.00","SALSA BÚFALO $0.00",""
52513172,"Davilas CCU","92",0,1,"Valeria",,"13:35:20 30-08-2023","13:35:22 30-08-2023","13:46:13 30-08-2023",,"2023-08-30 13:35:20","Caja Davilas UDEM","Lista","Tarjeta Tarjeta Debito",117,,,"0.00","Tarjeta Debito",,3,4086,,2,"  ",,,"PAPA ASADA CON CARNE ASADA Estandar 1 $0.00,COCA COLA  Estandar 1 $0.00",,""
52519121,"Davilas CCU","93",0,1,"JoseGil",,"15:12:35 30-08-2023","15:12:41 30-08-2023","15:23:52 30-08-2023",,"2023-08-30 15:40:00","Caja Davilas UDEM","Lista","Tarjeta Tarjeta Debito",105,,,"0.00","Tarjeta Debito",,3,4086,,2,"  ",,,"BONELESS Estandar 1 $0.00","SALSA BÚFALO $0.00",""
52521466,"Davilas CCU","94",0,1,"LuzReyes",,"16:04:25 30-08-2023","16:04:25 30-08-2023","16:09:55 30-08-2023",,"2023-08-30 16:05:00","Caja Davilas UDEM","Lista","Tarjeta Tarjeta Debito",125,,,"0.00","Tarjeta Debito",,3,4086,,2,"  ",,,"BONELESS Estandar 1 $0.00,COCA COLA  Estandar 1 $0.00","SALSA BÚFALO $0.00",""
52528681,"Davilas CCU","95",0,1,"Lino Gustavo Garza Gaona",,"07:47:14 31-08-2023","07:47:16 31-08-2023","12:55:19 31-08-2023",,"2023-08-31 13:00:00","Caja Davilas UDEM","Lista","Tarjeta Tarjeta Credito",98,,,"0.00","Tarjeta Credito",,3,4086,,2,"  ",,,"BURRITO DE CARNE ASADA Estandar 1 $0.00","SIN QUESO $0.00",""
52532992,"Davilas CCU","96",0,1,"Kaori",,"10:10:10 31-08-2023",,,"10:10:11 31-08-2023","2023-08-31 13:05:00","Caja Davilas UDEM","Cancelada","Tarjeta ",105,,,"0.00",,,5,4086,"Tarjeta rechazada",2,"  ",,,"BONELESS Estandar 1 $0.00","SALSA BÚFALO $0.00",""
52537495,"Davilas CCU","97",0,1,"JorgeVladimirRodríguezBerino",,"11:42:52 31-08-2023","11:42:55 31-08-2023","14:14:49 31-08-2023",,"2023-08-31 14:30:00","Caja Davilas UDEM","Lista","Tarjeta Tarjeta Debito",122,,,"0.00","Tarjeta Debito",,3,4086,,2,"  ",,,"BURRITO DE CARNE ASADA Estandar 1 $0.00,FUZE TEA Estandar 1 $0.00","CON QUESO $0.00","BURRITO DE CARNE ASADA Estandar: Favor de poner para llevar \n"
52539885,"Davilas CCU","98",0,1,"DanielHerrera",,"12:31:57 31-08-2023","12:32:01 31-08-2023","12:47:03 31-08-2023",,"2023-08-31 13:20:00","Caja Davilas UDEM","Lista","Tarjeta Tarjeta Credito",105,,,"0.00","Tarjeta Credito",,3,4086,,2,"  ",,,"CHICKEN TENDERS Estandar 1 $0.00","SALSA BBQ $0.00","CHICKEN TENDERS Estandar: Sin ninguna salsa o salsa aparte\n"
52540645,"Davilas CCU","99",0,1,"JoséRodrigoMarquezRosales",,"12:46:58 31-08-2023","12:47:03 31-08-2023","12:55:17 31-08-2023",,"2023-08-31 12:50:00","Caja Davilas UDEM","Lista","Tarjeta Tarjeta Debito",125,,,"0.00","Tarjeta Debito",,3,4086,,2,"  ",,,"CHICKEN TENDERS Estandar 1 $0.00,COCA COLA  Estandar 1 $0.00","SALSA BBQ $0.00",""
52541003,"Davilas CCU","100",0,1,"Andres",,"12:53:41 31-08-2023","12:53:46 31-08-2023","12:55:22 31-08-2023",,"2023-08-31 12:55:00","Caja Davilas UDEM","Lista","Tarjeta Tarjeta Debito",66,,,"0.00","Tarjeta Debito",,3,4086,,2,"  ",,,"ORDEN DE PAPAS Estandar 1 $0.00,COCA COLA  Estandar 1 $0.00","ADEREZO RANCH $6.00",""
52541127,"Davilas CCU","101",0,1,"Bernardo",,"12:55:36 31-08-2023","12:55:41 31-08-2023","13:02:51 31-08-2023",,"2023-08-31 12:55:36","Caja Davilas UDEM","Lista","Tarjeta Tarjeta Debito",105,,,"0.00","Tarjeta Debito",,3,4086,,2,"  ",,,"CHICKEN TENDERS Estandar 1 $0.00","SALSA BBQ $0.00",""
52541204,"Davilas CCU","102",0,1,"Amauri",,"12:57:00 31-08-2023","12:57:04 31-08-2023","13:02:59 31-08-2023",,"2023-08-31 13:00:00","Caja Davilas UDEM","Lista","Tarjeta Tarjeta Debito",144,,,"0.00","Tarjeta Debito",,3,4086,,2,"  ",,,"BURRITO DE CARNE ASADA Estandar 1 $0.00,ORDEN DE PAPAS Estandar 1 $0.00","CON QUESO $0.00,ADEREZO RANCH $6.00",""
52541476,"Davilas CCU","103",0,1,"Daira Reyes",,"13:02:12 31-08-2023","13:02:14 31-08-2023","13:06:22 31-08-2023",,"2023-08-31 13:02:12","Caja Davilas UDEM","Lista","Tarjeta Tarjeta Debito",98,,,"0.00","Tarjeta Debito",,3,4086,,2,"  ",,,"HAMBURGUESA DE RES Estandar 1 $0.00",,""
52545712,"Davilas CCU","104",0,1,"Lino Gustavo Garza Gaona",,"14:05:35 31-08-2023","14:05:39 31-08-2023","15:35:52 31-08-2023",,"2023-08-31 15:50:00","Caja Davilas UDEM","Lista","Tarjeta Tarjeta Credito",55,,,"0.00","Tarjeta Credito",,3,4086,,2,"  ",,,"ORDEN PAPAS ESPECIALES Estandar 1 $0.00",,""
52545814,"Davilas CCU","105",0,1,"VeronicaGómez",,"14:06:56 31-08-2023",,,"14:06:57 31-08-2023","2023-08-31 14:10:00","Caja Davilas UDEM","Cancelada","Tarjeta ",92,,,"0.00",,,5,4086,"Tarjeta rechazada",2,"  ",,,"ORDEN TACOS DE CARNE ASADA Estandar 1 $0.00","MAIZ $0.00,CON QUESO $0.00",""
52545836,"Davilas CCU","106",0,1,"Aurora",,"14:07:16 31-08-2023","14:07:19 31-08-2023","14:15:19 31-08-2023",,"2023-08-31 14:10:00","Caja Davilas UDEM","Lista","Tarjeta Tarjeta Credito",96,,,"0.00","Tarjeta Credito",,3,4086,,2,"  ",,,"CAMPECHANA Estandar 1 $0.00","CON QUESO $0.00",""
52545970,"Davilas CCU","107",0,1,"Karla",,"14:09:12 31-08-2023","14:09:15 31-08-2023","14:16:55 31-08-2023",,"2023-08-31 14:10:00","Caja Davilas UDEM","Lista","Tarjeta Tarjeta Debito",92,,,"0.00","Tarjeta Debito",,3,4086,,2,"  ",,,"ORDEN TACOS DE CARNE ASADA Estandar 1 $0.00","MAIZ $0.00,CON QUESO $0.00","Es para llevar"
52546178,"Davilas CCU","108",0,1,"VeronicaGómez",,"14:12:16 31-08-2023","14:12:20 31-08-2023","14:17:52 31-08-2023",,"2023-08-31 14:15:00","Caja Davilas UDEM","Lista","Tarjeta Tarjeta Credito",92,,,"0.00","Tarjeta Credito",,3,4086,,2,"  ",,,"ORDEN TACOS DE CARNE ASADA Estandar 1 $0.00","MAIZ $0.00,CON QUESO $0.00",""
52546614,"Davilas CCU","109",0,1,"Guillermo Garza",,"14:19:09 31-08-2023","14:19:14 31-08-2023","14:23:00 31-08-2023",,"2023-08-31 14:19:09","Caja Davilas UDEM","Lista","Tarjeta Tarjeta Credito",129,,,"0.00","Tarjeta Credito",,3,4086,,2,"  ",,,"BONELESS Estandar 1 $0.00,FUZE TEA Estandar 1 $0.00","SALSA BBQ $0.00",""
52548491,"Davilas CCU","110",0,1,"paloma",,"14:48:06 31-08-2023","14:48:12 31-08-2023","14:59:03 31-08-2023",,"2023-08-31 14:50:00","Caja Davilas UDEM","Lista","Tarjeta Tarjeta Debito",97,,,"0.00","Tarjeta Debito",,3,4086,,2,"  ",,,"PAPA ASADA CON CARNE ASADA Estandar 1 $0.00",,""
52557168,"Davilas CCU","111",0,1,"Javier",,"18:40:36 31-08-2023","18:40:42 31-08-2023","18:53:46 31-08-2023",,"2023-08-31 19:10:00","Caja Davilas UDEM","Lista","Tarjeta Tarjeta Debito",96,,,"0.00","Tarjeta Debito",,3,4086,,2,"  ",,,"DEDOS DE QUESO Estandar 1 $0.00",,""
52566227,"Davilas CCU","112",0,1,"JorgeVladimirRodríguezBerino",,"10:38:02 01-09-2023","10:38:03 01-09-2023","12:49:53 01-09-2023",,"2023-09-01 13:10:00","Caja Davilas UDEM","Lista","Tarjeta Tarjeta Debito",125,,,"0.00","Tarjeta Debito",,3,4086,,2,"  ",,,"BONELESS Estandar 1 $0.00,AGUA CIEL SABOR Estandar 1 $0.00","SALSA BBQ $0.00,LIMON $0.00","BONELESS Estandar: Favor de poner para llevar\n"
52568972,"Davilas CCU","113",0,1,"JoseArcadioSotoRamirez",,"11:28:11 01-09-2023","11:28:15 01-09-2023","11:57:00 01-09-2023",,"2023-09-01 11:30:00","Caja Davilas UDEM","Lista","Tarjeta Tarjeta Credito",205,,,"0.00","Tarjeta Credito",,3,4086,,2,"  ",,,"HAMBURGUESA DE POLLO Estandar 1 $0.00,PAPA ASADA CON CARNE ASADA Estandar 1 $0.00","PORCION EXTRA DE TROMPO $10.00",""
52569823,"Davilas CCU","114",0,1,"Pamela",,"11:44:39 01-09-2023","11:44:42 01-09-2023","11:53:13 01-09-2023",,"2023-09-01 11:45:00","Caja Davilas UDEM","Lista","Tarjeta Tarjeta Debito",40,,,"0.00","Tarjeta Debito",,3,4086,,2,"  ",,,"ORDEN DE PAPAS Estandar 1 $0.00",,""
52570811,"Davilas CCU","115",0,1,"MatíasValdez",,"12:05:12 01-09-2023","12:05:18 01-09-2023","12:50:10 01-09-2023",,"2023-09-01 13:05:00","Caja Davilas UDEM","Lista","Tarjeta Tarjeta Debito",123,,,"0.00","Tarjeta Debito",,3,4086,,2,"  ",,,"CAMPECHANA Estandar 1 $0.00,COCA COLA  Estandar 1 $0.00,SALSA BÚFALO Estandar 1 $0.00","CON QUESO $0.00",""
52571221,"Davilas CCU","116",0,1,"norberto ",,"12:13:40 01-09-2023","12:13:44 01-09-2023","12:26:05 01-09-2023",,"2023-09-01 12:13:40","Caja Davilas UDEM","Lista","Tarjeta Tarjeta Credito",105,,,"0.00","Tarjeta Credito",,3,4086,,2,"  ",,,"CHICKEN TENDERS Estandar 1 $0.00","SALSA BBQ $0.00",""
52572678,"Davilas CCU","117",0,1,"Karla",,"12:39:23 01-09-2023","12:39:24 01-09-2023","12:54:49 01-09-2023",,"2023-09-01 12:40:00","Caja Davilas UDEM","Lista","Tarjeta Tarjeta Debito",105,,,"0.00","Tarjeta Debito",,3,4086,,2,"  ",,,"CHICKEN TENDERS Estandar 1 $0.00","SALSA BÚFALO $0.00","Le podran agregar ranch por favorCHICKEN TENDERS Estandar: Le pueden agregar ranch por favor\n"
52572692,"Davilas CCU","118",0,1,"JoséRodrigoMarquezRosales",,"12:39:41 01-09-2023","12:39:48 01-09-2023","12:44:03 01-09-2023",,"2023-09-01 12:40:00","Caja Davilas UDEM","Lista","Tarjeta Tarjeta Debito",60,,,"0.00","Tarjeta Debito",,3,4086,,2,"  ",,,"ORDEN DE PAPAS Estandar 1 $0.00,COCA COLA  Estandar 1 $0.00",,""
52572809,"Davilas CCU","119",0,1,"Guillermo Garza",,"12:41:39 01-09-2023","12:41:44 01-09-2023","12:46:42 01-09-2023",,"2023-09-01 12:41:39","Caja Davilas UDEM","Lista","Tarjeta Tarjeta Credito",129,,,"0.00","Tarjeta Credito",,3,4086,,2,"  ",,,"BONELESS Estandar 1 $0.00,FUZE TEA Estandar 1 $0.00","SALSA BBQ $0.00",""
52573128,"Davilas CCU","120",0,1,"Angel Garcia Moreno",,"12:47:38 01-09-2023","12:47:45 01-09-2023","12:52:07 01-09-2023",,"2023-09-01 12:47:38","Caja Davilas UDEM","Lista","Tarjeta Tarjeta Debito",105,,,"0.00","Tarjeta Debito",,3,4086,,2,"  ",,,"BONELESS Estandar 1 $0.00","SALSA BÚFALO $0.00","BONELESS Estandar: Aderezo Ranch\n"
52575680,"Davilas CCU","121",0,1,"MaríaEugeniaRamos",,"13:27:11 01-09-2023",,,"13:27:13 01-09-2023","2023-09-01 13:30:00","Caja Davilas UDEM","Cancelada","Tarjeta ",98,,,"0.00",,,5,4086,"Tarjeta rechazada",2,"  ",,,"BURRITO DE CARNE ASADA Estandar 1 $0.00","SIN QUESO $0.00","BURRITO DE CARNE ASADA Estandar: Agreguen ranch porfavor \n"
52578630,"Davilas CCU","122",0,1,"Cecilia HP",,"14:10:58 01-09-2023","14:11:03 01-09-2023","14:13:18 01-09-2023",,"2023-09-01 14:10:58","Caja Davilas UDEM","Lista","Tarjeta Tarjeta Debito",98,,,"0.00","Tarjeta Debito",,3,4086,,2,"  ",,,"BURRITO DE CARNE ASADA Estandar 1 $0.00","CON QUESO $0.00",""
52584366,"Davilas CCU","123",0,1,"PatricioMolanoGalvan",,"15:41:31 01-09-2023","15:41:34 01-09-2023","15:50:40 01-09-2023",,"2023-09-01 15:45:00","Caja Davilas UDEM","Lista","Tarjeta Tarjeta Credito",116,,,"0.00","Tarjeta Credito",,3,4086,,2,"  ",,,"CAMPECHANA Estandar 1 $0.00,COCA COLA  Estandar 1 $0.00","CON QUESO $0.00",""
52584395,"Davilas CCU","124",0,1,"Amauri",,"15:41:58 01-09-2023","15:42:01 01-09-2023","15:50:42 01-09-2023",,"2023-09-01 15:45:00","Caja Davilas UDEM","Lista","Tarjeta Tarjeta Debito",98,,,"0.00","Tarjeta Debito",,3,4086,,2,"  ",,,"BURRITO DE CARNE ASADA Estandar 1 $0.00","CON QUESO $0.00",""
52653907,"Davilas CCU","125",0,1,"FranciscoBerrones",,"11:20:12 04-09-2023","11:20:15 04-09-2023","11:48:58 04-09-2023",,"2023-09-04 11:20:12","Caja Davilas UDEM","Lista","Tarjeta Tarjeta Debito",105,,,"0.00","Tarjeta Debito",,3,4086,,2,"  ",,,"BONELESS Estandar 1 $0.00","SALSA BÚFALO $0.00",""
52654009,"Davilas CCU","126",0,1,"DiegoLinares",,"11:22:29 04-09-2023","11:22:33 04-09-2023","11:48:50 04-09-2023",,"2023-09-04 11:25:00","Caja Davilas UDEM","Lista","Tarjeta Tarjeta Debito",105,,,"0.00","Tarjeta Debito",,3,4086,,2,"  ",,,"BONELESS Estandar 1 $0.00","SALSA BÚFALO $0.00",""
52654526,"Davilas CCU","127",0,1,"Mario",,"11:34:07 04-09-2023","11:34:11 04-09-2023","11:48:51 04-09-2023",,"2023-09-04 11:34:11","Caja Davilas UDEM","Lista","Tarjeta Tarjeta Debito",125,,,"0.00","Tarjeta Debito",,3,4086,,2,"  ",,,"BONELESS Estandar 1 $0.00,COCA COLA  Estandar 1 $0.00","SALSA BÚFALO $0.00",""
52654644,"Davilas CCU","128",0,1,"David",,"11:36:15 04-09-2023","11:36:20 04-09-2023","11:46:27 04-09-2023",,"2023-09-04 11:36:15","Caja Davilas UDEM","Lista","Tarjeta Tarjeta Debito",158,,,"0.00","Tarjeta Debito",,3,4086,,2,"  ",,,"ORDEN PAPAS ESPECIALES Estandar 2 $0.00,FUZE TEA Estandar 2 $0.00",,""
52654907,"Davilas CCU","129",0,1,"JorgeVladimirRodríguezBerino",,"11:42:04 04-09-2023","11:42:06 04-09-2023","14:12:11 04-09-2023",,"2023-09-04 14:30:00","Caja Davilas UDEM","Lista","Tarjeta Tarjeta Debito",122,,,"0.00","Tarjeta Debito",,3,4086,,2,"  ",,,"HAMBURGUESA DE RES Estandar 1 $0.00,FUZE TEA Estandar 1 $0.00","SIN VERDURA $0.00","HAMBURGUESA DE RES Estandar: Favor de que la hamburguesa no tenga tomate por favor\n"
52654922,"Davilas CCU","130",0,1,"Santiago",,"11:42:16 04-09-2023","11:42:21 04-09-2023","12:09:38 04-09-2023",,"2023-09-04 11:45:00","Caja Davilas UDEM","Lista","Tarjeta Tarjeta Credito",105,,,"0.00","Tarjeta Credito",,3,4086,,2,"  ",,,"CHICKEN TENDERS Estandar 1 $0.00","SALSA BÚFALO $0.00",""
52657236,"Davilas CCU","131",0,1,"JoséRodrigoMarquezRosales",,"12:30:02 04-09-2023","12:30:03 04-09-2023","12:35:51 04-09-2023",,"2023-09-04 12:30:02","Caja Davilas UDEM","Lista","Tarjeta Tarjeta Debito",116,,,"0.00","Tarjeta Debito",,3,4086,,2,"  ",,,"CAMPECHANA Estandar 1 $0.00,COCA COLA  Estandar 1 $0.00","CON QUESO $0.00",""
52658928,"Davilas CCU","132",0,1,"norberto ",,"13:02:21 04-09-2023","13:02:26 04-09-2023","13:08:49 04-09-2023",,"2023-09-04 13:02:21","Caja Davilas UDEM","Lista","Tarjeta Tarjeta Credito",105,,,"0.00","Tarjeta Credito",,3,4086,,2,"  ",,,"CHICKEN TENDERS Estandar 1 $0.00","SALSA BBQ $0.00",""
52659557,"Davilas CCU","133",0,1,"Ximena",,"13:11:25 04-09-2023","13:11:32 04-09-2023","13:23:33 04-09-2023",,"2023-09-04 13:15:00","Caja Davilas UDEM","Lista","Tarjeta Tarjeta Debito",98,,,"0.00","Tarjeta Debito",,3,4086,,2,"  ",,,"HAMBURGUESA DE POLLO Estandar 1 $0.00",,""
52659580,"Davilas CCU","134",0,1,"norberto ",,"13:11:43 04-09-2023","13:11:47 04-09-2023","13:17:16 04-09-2023",,"2023-09-04 13:11:43","Caja Davilas UDEM","Lista","Tarjeta Tarjeta Debito",105,,,"0.00","Tarjeta Debito",,3,4086,,2,"  ",,,"CHICKEN TENDERS Estandar 1 $0.00","SALSA BBQ $0.00",""
52659955,"Davilas CCU","135",0,1,"Andres",,"13:17:03 04-09-2023","13:17:08 04-09-2023","13:23:36 04-09-2023",,"2023-09-04 13:20:00","Caja Davilas UDEM","Lista","Tarjeta Tarjeta Debito",125,,,"0.00","Tarjeta Debito",,3,4086,,2,"  ",,,"CHICKEN TENDERS Estandar 1 $0.00,COCA COLA  Estandar 1 $0.00","SALSA BÚFALO $0.00",""
52660744,"Davilas CCU","136",0,1,"XimenaArellano",,"13:26:15 04-09-2023","13:26:19 04-09-2023","13:31:21 04-09-2023",,"2023-09-04 13:30:00","Caja Davilas UDEM","Lista","Tarjeta Tarjeta Debito",97,,,"0.00","Tarjeta Debito",,3,4086,,2,"  ",,,"PAPA ASADA CON CARNE ASADA Estandar 1 $0.00","SIN CREMA $0.00",""
52663675,"Davilas CCU","137",0,1,"GaelArias",,"14:12:05 04-09-2023","14:12:09 04-09-2023","14:23:29 04-09-2023",,"2023-09-04 14:15:00","Caja Davilas UDEM","Lista","Tarjeta Tarjeta Debito",127,,,"0.00","Tarjeta Debito",,3,4086,,2,"  ",,,"BONELESS Estandar 1 $0.00,AGUA 1 LITRO Estandar 1 $0.00","SALSA BÚFALO $0.00",""
52664415,"Davilas CCU","138",0,1,"Guillermo Garza",,"14:22:19 04-09-2023","14:22:20 04-09-2023","14:35:38 04-09-2023",,"2023-09-04 14:22:19","Caja Davilas UDEM","Lista","Tarjeta Tarjeta Credito",129,,,"0.00","Tarjeta Credito",,3,4086,,2,"  ",,,"BONELESS Estandar 1 $0.00,FUZE TEA Estandar 1 $0.00","SALSA BÚFALO $0.00",""
52664794,"Davilas CCU","139",0,1,"LuisaArreola",,"14:28:16 04-09-2023","14:28:19 04-09-2023","14:35:36 04-09-2023",,"2023-09-04 14:30:00","Caja Davilas UDEM","Lista","Tarjeta Tarjeta Debito",96,,,"0.00","Tarjeta Debito",,3,4086,,2,"  ",,,"CAMPECHANA Estandar 1 $0.00","CON QUESO $0.00",""
52664869,"Davilas CCU","140",0,1,"Sarah",,"14:29:37 04-09-2023","14:29:43 04-09-2023","14:35:41 04-09-2023",,"2023-09-04 14:30:00","Caja Davilas UDEM","Lista","Tarjeta Tarjeta Debito",97,,,"0.00","Tarjeta Debito",,3,4086,,2,"  ",,,"PAPA ASADA CON CARNE ASADA Estandar 1 $0.00","SIN TOCINO $0.00",""
52665852,"Davilas CCU","141",0,1,"Sarah",,"14:44:10 04-09-2023","14:44:12 04-09-2023","14:48:15 04-09-2023",,"2023-09-04 14:45:00","Caja Davilas UDEM","Lista","Tarjeta Tarjeta Debito",20,,,"0.00","Tarjeta Debito",,3,4086,,2,"  ",,,"COCA LIGHT Estandar 1 $0.00",,""
52666376,"Davilas CCU","142",0,1,"FranciscoVélez",,"14:52:06 04-09-2023","14:52:09 04-09-2023","15:00:06 04-09-2023",,"2023-09-04 14:55:00","Caja Davilas UDEM","Lista","Tarjeta Tarjeta Debito",92,,,"0.00","Tarjeta Debito",,3,4086,,2,"  ",,,"ORDEN DE PAPAS Estandar 2 $0.00","ADEREZO RANCH $6.00",""
52668717,"Davilas CCU","143",0,1,"SofiaAlvarado",,"15:34:47 04-09-2023","15:34:50 04-09-2023","15:38:53 04-09-2023",,"2023-09-04 15:35:00","Caja Davilas UDEM","Lista","Tarjeta Tarjeta Debito",105,,,"0.00","Tarjeta Debito",,3,4086,,2,"  ",,,"BONELESS Estandar 1 $0.00","SALSA BÚFALO $0.00",""
52670611,"Davilas CCU","144",0,1,"RaúlRodríguez",,"16:18:02 04-09-2023","16:18:04 04-09-2023","16:43:22 04-09-2023",,"2023-09-04 16:20:00","Caja Davilas UDEM","Lista","Tarjeta Tarjeta Credito",96,,,"0.00","Tarjeta Credito",,3,4086,,2,"  ",,,"DEDOS DE QUESO Estandar 1 $0.00",,""
52679599,"Davilas CCU","145",0,0,"Pamela",,"09:33:04 05-09-2023",,,"09:44:00 05-09-2023","2023-09-05 11:35:00",,"Cancelada","Tarjeta ",96,,,"0.00",,,5,,"Problemas de internet por parte del establecimiento",2,"  ",,,"CAMPECHANA Estandar 1 $0.00","CON QUESO $0.00",""
52687634,"Davilas CCU","146",0,0,"JorgeVladimirRodríguezBerino",,"12:27:55 05-09-2023",,,"12:38:00 05-09-2023","2023-09-05 13:10:00",,"Cancelada","Tarjeta ",129,,,"0.00",,,5,,"Problemas de internet por parte del establecimiento",2,"  ",,,"BONELESS Estandar 1 $0.00,FUZE TEA Estandar 1 $0.00","SALSA BBQ $0.00","Favor de que el pedido sea para llevar"
52688525,"Davilas CCU","147",0,0,"JorgeVladimirRodríguezBerino",,"12:46:14 05-09-2023",,,"12:58:00 05-09-2023","2023-09-05 13:20:00",,"Cancelada","Tarjeta ",129,,,"0.00",,,5,,"Problemas de internet por parte del establecimiento",2,"  ",,,"BONELESS Estandar 1 $0.00,FUZE TEA Estandar 1 $0.00","SALSA BBQ $0.00","Favor de que el pedido sea para llevar"
52714680,"Davilas CCU","148",0,1,"JoséCarlos",,"11:36:06 06-09-2023","11:36:11 06-09-2023","11:51:49 06-09-2023",,"2023-09-06 11:40:00","Caja Davilas UDEM","Lista","Tarjeta Tarjeta Credito",118,,,"0.00","Tarjeta Credito",,3,4086,,2,"  ",,,"BURRITO DE CARNE ASADA Estandar 1 $0.00,REFRESO 600ml Estandar 1 $0.00","CON QUESO $0.00",""
52718752,"Davilas CCU","149",0,1,"Valeria",,"13:04:34 06-09-2023",,,"13:04:40 06-09-2023","2023-09-06 13:05:00","Caja Davilas UDEM","Cancelada","Tarjeta ",210,,,"0.00",,,5,4086,"Tarjeta rechazada",2,"  ",,,"HAMBURGUESA DE RES Estandar 1 $0.00,TORTA DE PIERNA Estandar 1 $0.00,COCA COLA  Estandar 1 $0.00",,""
52718800,"Davilas CCU","150",0,1,"Valeria",,"13:05:33 06-09-2023","13:05:38 06-09-2023","13:18:28 06-09-2023",,"2023-09-06 13:05:33","Caja Davilas UDEM","Lista","Tarjeta Tarjeta Debito",210,,,"0.00","Tarjeta Debito",,3,4086,,2,"  ",,,"HAMBURGUESA DE RES Estandar 1 $0.00,TORTA DE PIERNA Estandar 1 $0.00,COCA COLA  Estandar 1 $0.00",,""
52719150,"Davilas CCU","151",0,1,"AlejandroCano",,"13:11:10 06-09-2023","13:11:12 06-09-2023","13:15:59 06-09-2023",,"2023-09-06 13:15:00","Caja Davilas UDEM","Lista","Tarjeta Tarjeta Debito",94,,,"0.00","Tarjeta Debito",,3,4086,,2,"  ",,,"GRINGA Estandar 1 $0.00","CON QUESO $0.00",""
52721372,"Davilas CCU","152",0,1,"EduardoSaldaña",,"13:48:30 06-09-2023","13:48:35 06-09-2023","14:04:36 06-09-2023",,"2023-09-06 14:25:00","Caja Davilas UDEM","Lista","Tarjeta Tarjeta Debito",98,,,"0.00","Tarjeta Debito",,3,4086,,2,"  ",,,"HAMBURGUESA DE POLLO Estandar 1 $0.00",,""
52722329,"Davilas CCU","153",0,1,"Rodrigo Gómez ",,"14:04:55 06-09-2023","14:05:00 06-09-2023","14:09:47 06-09-2023",,"2023-09-06 14:04:55","Caja Davilas UDEM","Lista","Tarjeta Tarjeta Debito",105,,,"0.00","Tarjeta Debito",,3,4086,,2,"  ",,,"CHICKEN TENDERS Estandar 1 $0.00","SALSA BÚFALO $0.00",""
52730451,"Davilas CCU","154",0,1,"AlanMaldonado",,"17:01:31 06-09-2023","17:01:33 06-09-2023","17:07:34 06-09-2023",,"2023-09-06 17:05:00","Caja Davilas UDEM","Lista","Tarjeta Tarjeta Debito",98,,,"0.00","Tarjeta Debito",,3,4086,,2,"  ",,,"HAMBURGUESA DE RES Estandar 1 $0.00","SIN QUESO $0.00","No mayo por favor HAMBURGUESA DE RES Estandar: Sin mayonesa por favor \n"
52736405,"Davilas CCU","155",0,1,"JorgeVladimirRodríguezBerino",,"08:51:03 07-09-2023","08:51:05 07-09-2023","14:17:53 07-09-2023",,"2023-09-07 14:35:00","Caja Davilas UDEM","Lista","Tarjeta Tarjeta Debito",122,,,"0.00","Tarjeta Debito",,3,4086,,2,"  ",,,"HAMBURGUESA DE RES Estandar 1 $0.00,FUZE TEA Estandar 1 $0.00","SIN VERDURA $0.00","HAMBURGUESA DE RES Estandar: Favor de que la hamburguesa no tenga tomate gracias\n"
52743444,"Davilas CCU","156",0,1,"DanielaHernándezHernández",,"11:38:25 07-09-2023","11:38:28 07-09-2023","11:52:23 07-09-2023",,"2023-09-07 11:40:00","Caja Davilas UDEM","Lista","Tarjeta Tarjeta Debito",98,,,"0.00","Tarjeta Debito",,3,4086,,2,"  ",,,"BURRITO DE CARNE ASADA Estandar 1 $0.00","CON QUESO $0.00","Sin cebolla BURRITO DE CARNE ASADA Estandar: Sin cebolla\n"
52743725,"Davilas CCU","157",0,1,"Cecilia HP",,"11:44:15 07-09-2023","11:44:17 07-09-2023","11:51:21 07-09-2023",,"2023-09-07 11:44:15","Caja Davilas UDEM","Lista","Tarjeta Tarjeta Debito",92,,,"0.00","Tarjeta Debito",,3,4086,,2,"  ",,,"ORDEN TACOS DE CARNE ASADA Estandar 1 $0.00","MAIZ $0.00,CON QUESO $0.00",""
52746441,"Davilas CCU","158",0,1,"JoséRodrigoMarquezRosales",,"12:41:54 07-09-2023","12:41:58 07-09-2023","12:48:30 07-09-2023",,"2023-09-07 12:45:00","Caja Davilas UDEM","Lista","Tarjeta Tarjeta Debito",125,,,"0.00","Tarjeta Debito",,3,4086,,2,"  ",,,"CHICKEN TENDERS Estandar 1 $0.00,COCA COLA  Estandar 1 $0.00","SALSA BÚFALO $0.00",""
52746704,"Davilas CCU","159",0,1,"Guillermo Garza",,"12:46:49 07-09-2023",,,"12:46:52 07-09-2023","2023-09-07 12:46:49","Caja Davilas UDEM","Cancelada","Tarjeta ",129,,,"0.00",,,5,4086,"Tarjeta rechazada",2,"  ",,,"BONELESS Estandar 1 $0.00,FUZE TEA Estandar 1 $0.00","SALSA BBQ $0.00",""
52747322,"Davilas CCU","160",0,1,"norberto ",,"12:58:45 07-09-2023","12:58:51 07-09-2023","13:01:36 07-09-2023",,"2023-09-07 12:58:45","Caja Davilas UDEM","Lista","Tarjeta Tarjeta Credito",105,,,"0.00","Tarjeta Credito",,3,4086,,2,"  ",,,"CHICKEN TENDERS Estandar 1 $0.00","SALSA BBQ $0.00",""
52748867,"Davilas CCU","161",0,1,"Ximena",,"13:22:42 07-09-2023","13:22:46 07-09-2023","13:30:56 07-09-2023",,"2023-09-07 13:25:00","Caja Davilas UDEM","Lista","Tarjeta Tarjeta Debito",94,,,"0.00","Tarjeta Debito",,3,4086,,2,"  ",,,"GRINGA Estandar 1 $0.00","CON QUESO $0.00",""
52749529,"Davilas CCU","162",0,1,"XimenaArellano",,"13:33:14 07-09-2023","13:33:18 07-09-2023","13:39:41 07-09-2023",,"2023-09-07 13:35:00","Caja Davilas UDEM","Lista","Tarjeta Tarjeta Debito",92,,,"0.00","Tarjeta Debito",,3,4086,,2,"  ",,,"ORDEN TACOS DE CARNE ASADA Estandar 1 $0.00","MAIZ $0.00,CON QUESO $0.00",""
52749555,"Davilas CCU","163",0,1,"ValeriaCasale",,"13:33:44 07-09-2023","13:33:46 07-09-2023","13:43:19 07-09-2023",,"2023-09-07 13:35:00","Caja Davilas UDEM","Lista","Tarjeta Tarjeta Debito",98,,,"0.00","Tarjeta Debito",,3,4086,,2,"  ",,,"HAMBURGUESA DE RES Estandar 1 $0.00",,""
52749832,"Davilas CCU","164",0,1,"Andres",,"13:38:20 07-09-2023","13:38:23 07-09-2023","13:48:22 07-09-2023",,"2023-09-07 13:40:00","Caja Davilas UDEM","Lista","Tarjeta Tarjeta Debito",66,,,"0.00","Tarjeta Debito",,3,4086,,2,"  ",,,"ORDEN DE PAPAS Estandar 1 $0.00,COCA COLA  Estandar 1 $0.00","ADEREZO RANCH $6.00",""
52749888,"Davilas CCU","165",0,1,"Rodrigo Gómez ",,"13:39:04 07-09-2023","13:39:07 07-09-2023","13:49:26 07-09-2023",,"2023-09-07 13:39:05","Caja Davilas UDEM","Lista","Tarjeta Tarjeta Debito",96,,,"0.00","Tarjeta Debito",,3,4086,,2,"  ",,,"CAMPECHANA Estandar 1 $0.00","CON QUESO $0.00",""
52750059,"Davilas CCU","166",0,1,"Angel Garcia Moreno",,"13:41:57 07-09-2023","13:42:04 07-09-2023","13:50:41 07-09-2023",,"2023-09-07 13:41:57","Caja Davilas UDEM","Lista","Tarjeta Tarjeta Debito",105,,,"0.00","Tarjeta Debito",,3,4086,,2,"  ",,,"BONELESS Estandar 1 $0.00","SALSA BÚFALO $0.00",""
52750910,"Davilas CCU","167",0,1,"DiegoLinares",,"13:55:49 07-09-2023","13:55:54 07-09-2023","14:08:17 07-09-2023",,"2023-09-07 14:25:00","Caja Davilas UDEM","Lista","Tarjeta Tarjeta Debito",105,,,"0.00","Tarjeta Debito",,3,4086,,2,"  ",,,"BONELESS Estandar 1 $0.00","SALSA BÚFALO $0.00","PARA LLEVAR"
52751156,"Davilas CCU","168",0,1,"MauricioAraujo",,"14:00:06 07-09-2023","14:00:11 07-09-2023","14:08:19 07-09-2023",,"2023-09-07 14:00:06","Caja Davilas UDEM","Lista","Tarjeta Tarjeta Debito",125,,,"0.00","Tarjeta Debito",,3,4086,,2,"  ",,,"BONELESS Estandar 1 $0.00,COCA COLA  Estandar 1 $0.00","SALSA BBQ $0.00",""
52752526,"Davilas CCU","169",0,1,"LuisaArreola",,"14:20:51 07-09-2023","14:20:54 07-09-2023","14:23:28 07-09-2023",,"2023-09-07 14:20:51","Caja Davilas UDEM","Lista","Tarjeta Tarjeta Debito",105,,,"0.00","Tarjeta Debito",,3,4086,,2,"  ",,,"CHICKEN TENDERS Estandar 1 $0.00","SALSA BÚFALO $0.00",""
52753021,"Davilas CCU","170",0,1,"DiegoLinares",,"14:28:19 07-09-2023","14:28:26 07-09-2023","14:32:09 07-09-2023",,"2023-09-07 14:30:00","Caja Davilas UDEM","Lista","Tarjeta Tarjeta Debito",105,,,"0.00","Tarjeta Debito",,3,4086,,2,"  ",,,"BONELESS Estandar 1 $0.00","SALSA BBQ $0.00",""
52757415,"Davilas CCU","171",0,1,"Valeria",,"15:46:52 07-09-2023","15:46:58 07-09-2023","15:54:52 07-09-2023",,"2023-09-07 15:50:00","Caja Davilas UDEM","Lista","Tarjeta Tarjeta Debito",222,,,"0.00","Tarjeta Debito",,3,4086,,2,"  ",,,"BONELESS Estandar 1 $0.00,PAPA ASADA CON CARNE ASADA Estandar 1 $0.00,COCA COLA  Estandar 1 $0.00","SALSA BÚFALO $0.00",""
52767657,"Davilas CCU","172",0,1,"RaúlRodríguez",,"09:30:30 08-09-2023","09:30:34 08-09-2023","11:52:30 08-09-2023",,"2023-09-08 09:30:30","Caja Davilas UDEM","Lista","Tarjeta Tarjeta Credito",105,,,"0.00","Tarjeta Credito",,3,4086,,2,"  ",,,"CHICKEN TENDERS Estandar 1 $0.00","SALSA BÚFALO $0.00",""
52776908,"Davilas CCU","173",0,1,"JoseArcadioSotoRamirez",,"12:41:28 08-09-2023","12:41:32 08-09-2023","12:48:41 08-09-2023",,"2023-09-08 12:45:00","Caja Davilas UDEM","Lista","Tarjeta Tarjeta Credito",192,,,"0.00","Tarjeta Credito",,3,4086,,2,"  ",,,"CAMPECHANA Estandar 2 $0.00","CON QUESO $0.00",""
52777920,"Davilas CCU","174",0,1,"JorgeVladimirRodríguezBerino",,"13:00:42 08-09-2023","13:00:44 08-09-2023","13:07:54 08-09-2023",,"2023-09-08 13:00:42","Caja Davilas UDEM","Lista","Tarjeta Tarjeta Debito",122,,,"0.00","Tarjeta Debito",,3,4086,,2,"  ",,,"HAMBURGUESA DE RES Estandar 1 $0.00,FUZE TEA Estandar 1 $0.00","SIN VERDURA $0.00","Favor de que la orden sea para llevar"
52777952,"Davilas CCU","175",0,1,"Jesús Normando Salcedo Delgado ",,"13:01:23 08-09-2023",,,"13:01:26 08-09-2023","2023-09-08 13:01:23","Caja Davilas UDEM","Cancelada","Tarjeta ",105,,,"0.00",,,5,4086,"Tarjeta rechazada",2,"  ",,,"CHICKEN TENDERS Estandar 1 $0.00","SALSA BÚFALO $0.00",""
52778109,"Davilas CCU","176",0,1,"Jesús Normando Salcedo Delgado ",,"13:04:06 08-09-2023","13:04:09 08-09-2023","13:08:43 08-09-2023",,"2023-09-08 13:04:06","Caja Davilas UDEM","Lista","Tarjeta Tarjeta Debito",105,,,"0.00","Tarjeta Debito",,3,4086,,2,"  ",,,"CHICKEN TENDERS Estandar 1 $0.00","SALSA BÚFALO $0.00",""
52779198,"Davilas CCU","177",0,1,"Ramon",,"13:19:55 08-09-2023","13:19:57 08-09-2023",,,"2023-09-08 13:20:00","Caja Davilas UDEM","Procesándose","Tarjeta Tarjeta Debito",230,,,"0.00","Tarjeta Debito",,2,4086,,2,"  ",,,"BONELESS Estandar 2 $0.00,COCA COLA  Estandar 1 $0.00","SALSA BÚFALO $0.00",""
52780123,"Davilas CCU","178",0,1,"Cecilia HP",,"13:34:37 08-09-2023","13:34:40 08-09-2023","13:42:15 08-09-2023",,"2023-09-08 13:34:37","Caja Davilas UDEM","Lista","Tarjeta Tarjeta Debito",96,,,"0.00","Tarjeta Debito",,3,4086,,2,"  ",,,"CAMPECHANA Estandar 1 $0.00","CON QUESO $0.00",""
52783097,"Davilas CCU","179",0,1,"DiegoRamirez",,"14:20:11 08-09-2023","14:20:14 08-09-2023","14:24:38 08-09-2023",,"2023-09-08 14:20:11","Caja Davilas UDEM","Lista","Tarjeta Tarjeta Debito",114,,,"0.00","Tarjeta Debito",,3,4086,,2,"  ",,,"GRINGA Estandar 1 $0.00,COCA COLA  Estandar 1 $0.00","CON QUESO $0.00",""
52783926,"Davilas CCU","180",0,1,"DiegoRamirez",,"14:32:23 08-09-2023","14:32:25 08-09-2023","14:41:35 08-09-2023",,"2023-09-08 14:35:00","Caja Davilas UDEM","Lista","Tarjeta Tarjeta Debito",105,,,"0.00","Tarjeta Debito",,3,4086,,2,"  ",,,"BONELESS Estandar 1 $0.00","SALSA BÚFALO $0.00",""
52789081,"Davilas CCU","181",0,1,"Rodrigo Gómez ",,"16:10:55 08-09-2023","16:10:57 08-09-2023","16:14:16 08-09-2023",,"2023-09-08 16:10:55","Caja Davilas UDEM","Lista","Tarjeta Tarjeta Debito",105,,,"0.00","Tarjeta Debito",,3,4086,,2,"  ",,,"CHICKEN TENDERS Estandar 1 $0.00","SALSA BÚFALO $0.00",""
52854165,"Davilas CCU","182",0,1,"DiegoLinares",,"11:15:11 11-09-2023","11:15:13 11-09-2023","11:57:20 11-09-2023",,"2023-09-11 11:15:11","Caja Davilas UDEM","Lista","Tarjeta Tarjeta Debito",105,,,"0.00","Tarjeta Debito",,3,4086,,2,"  ",,,"BONELESS Estandar 1 $0.00","SALSA BÚFALO $0.00",""
52854603,"Davilas CCU","183",0,1,"Angel Garcia Moreno",,"11:24:10 11-09-2023","11:24:10 11-09-2023","11:56:59 11-09-2023",,"2023-09-11 11:24:10","Caja Davilas UDEM","Lista","Tarjeta Tarjeta Debito",98,,,"0.00","Tarjeta Debito",,3,4086,,2,"  ",,,"TORTA DE CARNE ASADA Estandar 1 $0.00","SIN VERDURA $0.00",""
52854853,"Davilas CCU","184",0,1,"FranciscoBerrones",,"11:29:26 11-09-2023","11:29:30 11-09-2023","11:57:23 11-09-2023",,"2023-09-11 11:30:00","Caja Davilas UDEM","Lista","Tarjeta Tarjeta Debito",105,,,"0.00","Tarjeta Debito",,3,4086,,2,"  ",,,"BONELESS Estandar 1 $0.00","SALSA BÚFALO $0.00",""
52854898,"Davilas CCU","185",0,1,"David",,"11:30:36 11-09-2023","11:30:41 11-09-2023","11:57:31 11-09-2023",,"2023-09-11 11:30:37","Caja Davilas UDEM","Lista","Tarjeta Tarjeta Debito",123,,,"0.00","Tarjeta Debito",,3,4086,,2,"  ",,,"BONELESS Estandar 1 $0.00,AGUA NATURAL 600ML Estandar 1 $0.00","SALSA BBQ $0.00",""
52854966,"Davilas CCU","186",0,1,"Patricio",,"11:32:02 11-09-2023","11:32:08 11-09-2023","11:57:06 11-09-2023",,"2023-09-11 11:35:00","Caja Davilas UDEM","Lista","Tarjeta Tarjeta Debito",105,,,"0.00","Tarjeta Debito",,3,4086,,2,"  ",,,"BONELESS Estandar 1 $0.00","SALSA BÚFALO $0.00","Para llevar porfavor "
52857435,"Davilas CCU","187",0,1,"DanielaVázquez",,"12:24:35 11-09-2023","12:24:41 11-09-2023","12:29:19 11-09-2023",,"2023-09-11 12:25:00","Caja Davilas UDEM","Lista","Tarjeta Tarjeta Debito",118,,,"0.00","Tarjeta Debito",,3,4086,,2,"  ",,,"BURRITO DE CARNE ASADA Estandar 1 $0.00,AGUA CIEL SABOR Estandar 1 $0.00","CON QUESO $0.00,JAMAICA $0.00",""
52857673,"Davilas CCU","188",0,1,"JorgeVladimirRodríguezBerino",,"12:29:07 11-09-2023","12:29:09 11-09-2023","14:13:21 11-09-2023",,"2023-09-11 14:30:00","Caja Davilas UDEM","Lista","Tarjeta Tarjeta Debito",129,,,"0.00","Tarjeta Debito",,3,4086,,2,"  ",,,"BONELESS Estandar 1 $0.00,FUZE TEA Estandar 1 $0.00","SALSA BBQ $0.00","BONELESS Estandar: Que la orden sea para llevar por favor\n"
52864792,"Davilas CCU","189",0,1,"Guillermo Garza",,"14:20:33 11-09-2023","14:20:39 11-09-2023","14:32:20 11-09-2023",,"2023-09-11 14:20:33","Caja Davilas UDEM","Lista","Tarjeta Tarjeta Credito",129,,,"0.00","Tarjeta Credito",,3,4086,,2,"  ",,,"BONELESS Estandar 1 $0.00,FUZE TEA Estandar 1 $0.00","SALSA BBQ $0.00",""
52864880,"Davilas CCU","190",0,1,"Karla",,"14:22:02 11-09-2023","14:22:08 11-09-2023","14:28:12 11-09-2023",,"2023-09-11 14:25:00","Caja Davilas UDEM","Lista","Tarjeta Tarjeta Debito",55,,,"0.00","Tarjeta Debito",,3,4086,,2,"  ",,,"ORDEN PAPAS ESPECIALES Estandar 1 $0.00",,"ORDEN PAPAS ESPECIALES Estandar: Es para llevar\n"
52865043,"Davilas CCU","191",0,1,"Diego Padilla Schekaiban",,"14:24:32 11-09-2023","14:24:38 11-09-2023","14:32:09 11-09-2023",,"2023-09-11 14:24:32","Caja Davilas UDEM","Lista","Tarjeta Tarjeta Credito",55,,,"0.00","Tarjeta Credito",,3,4086,,2,"  ",,,"ORDEN PAPAS ESPECIALES Estandar 1 $0.00",,""
52865575,"Davilas CCU","192",0,1,"GaelArias",,"14:32:48 11-09-2023","14:32:52 11-09-2023","14:35:39 11-09-2023",,"2023-09-11 14:35:00","Caja Davilas UDEM","Lista","Tarjeta Tarjeta Debito",125,,,"0.00","Tarjeta Debito",,3,4086,,2,"  ",,,"BONELESS Estandar 1 $0.00,COCA COLA  Estandar 1 $0.00","SALSA BÚFALO $0.00",""
52871927,"Davilas CCU","193",0,1,"Amauri",,"16:50:46 11-09-2023","16:50:52 11-09-2023","16:56:17 11-09-2023",,"2023-09-11 16:50:46","Caja Davilas UDEM","Lista","Tarjeta Tarjeta Debito",138,,,"0.00","Tarjeta Debito",,3,4086,,2,"  ",,,"BURRITO DE CARNE ASADA Estandar 1 $0.00,ORDEN DE PAPAS Estandar 1 $0.00","CON QUESO $0.00",""
52886560,"Davilas CCU","194",0,0,"MatíasValdez",,"12:12:32 12-09-2023",,,"12:24:00 12-09-2023","2023-09-12 13:00:00",,"Cancelada","Tarjeta ",123,,,"0.00",,,5,,"Problemas de internet por parte del establecimiento",2,"  ",,,"CAMPECHANA Estandar 1 $0.00,COCA COLA  Estandar 1 $0.00,SALSA BÚFALO Estandar 1 $0.00","CON QUESO $0.00",""
52913520,"Davilas CCU","195",0,1,"JoséCarlos",,"11:20:43 13-09-2023","11:20:46 13-09-2023","11:45:37 13-09-2023",,"2023-09-13 11:20:43","Caja Davilas UDEM","Lista","Tarjeta Tarjeta Credito",118,,,"0.00","Tarjeta Credito",,3,4086,,2,"  ",,,"HAMBURGUESA DE POLLO Estandar 1 $0.00,REFRESO 600ml Estandar 1 $0.00",,""
52914458,"Davilas CCU","196",0,1,"Andres",,"11:41:51 13-09-2023","11:41:53 13-09-2023","11:43:13 13-09-2023",,"2023-09-13 11:45:00","Caja Davilas UDEM","Lista","Tarjeta Tarjeta Debito",46,,,"0.00","Tarjeta Debito",,3,4086,,2,"  ",,,"ORDEN DE PAPAS Estandar 1 $0.00","ADEREZO RANCH $6.00",""
52922341,"Davilas CCU","197",0,1,"SamanthaCastilloMontero",,"14:08:17 13-09-2023","14:08:23 13-09-2023","14:11:50 13-09-2023",,"2023-09-13 14:10:00","Caja Davilas UDEM","Lista","Tarjeta Tarjeta Debito",40,,,"0.00","Tarjeta Debito",,3,4086,,2,"  ",,,"ORDEN DE PAPAS Estandar 1 $0.00",,""
52922577,"Davilas CCU","198",0,1,"EduardoSaldaña",,"14:11:19 13-09-2023","14:11:20 13-09-2023","14:17:50 13-09-2023",,"2023-09-13 14:25:00","Caja Davilas UDEM","Lista","Tarjeta Tarjeta Debito",105,,,"0.00","Tarjeta Debito",,3,4086,,2,"  ",,,"BONELESS Estandar 1 $0.00","SALSA BBQ $0.00",""
52922837,"Davilas CCU","199",0,1,"VeronicaGómez",,"14:14:43 13-09-2023","14:14:47 13-09-2023","14:29:50 13-09-2023",,"2023-09-13 14:15:00","Caja Davilas UDEM","Lista","Tarjeta Tarjeta Credito",92,,,"0.00","Tarjeta Credito",,3,4086,,2,"  ",,,"ORDEN TACOS DE CARNE ASADA Estandar 1 $0.00","MAIZ $0.00,CON QUESO $0.00",""
52923533,"Davilas CCU","200",0,1,"Fernanda",,"14:24:31 13-09-2023","14:24:35 13-09-2023","14:29:57 13-09-2023",,"2023-09-13 14:25:00","Caja Davilas UDEM","Lista","Tarjeta Tarjeta Debito",96,,,"0.00","Tarjeta Debito",,3,4086,,2,"  ",,,"CAMPECHANA Estandar 1 $0.00","CON QUESO $0.00",""
52926926,"Davilas CCU","201",0,1,"paloma",,"15:23:50 13-09-2023","15:23:52 13-09-2023","15:28:30 13-09-2023",,"2023-09-13 15:25:00","Caja Davilas UDEM","Lista","Tarjeta Tarjeta Credito",116,,,"0.00","Tarjeta Credito",,3,4086,,2,"  ",,,"PAPA ASADA CON TROMPO Estandar 1 $0.00,REFRESO 600ml Estandar 1 $0.00",,""
52926954,"Davilas CCU","202",0,1,"Abraham Espinosa",,"15:24:21 13-09-2023","15:24:23 13-09-2023","15:26:57 13-09-2023",,"2023-09-13 15:24:21","Caja Davilas UDEM","Lista","Tarjeta Tarjeta Debito",125,,,"0.00","Tarjeta Debito",,3,4086,,2,"  ",,,"CHICKEN TENDERS Estandar 1 $0.00,COCA COLA  Estandar 1 $0.00","SALSA BÚFALO $0.00","Para llevar"
52930044,"Davilas CCU","203",0,1,"Cecilia HP",,"16:42:43 13-09-2023","16:42:48 13-09-2023","16:51:02 13-09-2023",,"2023-09-13 16:42:43","Caja Davilas UDEM","Lista","Tarjeta Tarjeta Debito",96,,,"0.00","Tarjeta Debito",,3,4086,,2,"  ",,,"CAMPECHANA Estandar 1 $0.00","SIN QUESO $0.00",""
52958482,"Davilas CCU","204",0,1,"Valeria",,"15:43:25 14-09-2023","15:43:30 14-09-2023","15:55:28 14-09-2023",,"2023-09-14 15:45:00","Caja Davilas UDEM","Lista","Tarjeta Tarjeta Debito",97,,,"0.00","Tarjeta Debito",,3,4086,,2,"  ",,,"PAPA ASADA CON CARNE ASADA Estandar 1 $0.00",,""
52959074,"Davilas CCU","205",0,1,"Carlos",,"15:56:47 14-09-2023","15:56:50 14-09-2023","16:08:10 14-09-2023",,"2023-09-14 16:00:00","Caja Davilas UDEM","Lista","Tarjeta Tarjeta Credito",92,,,"0.00","Tarjeta Credito",,3,4086,,2,"  ",,,"TORTA DE PIERNA Estandar 1 $0.00","SIN VERDURA $0.00,SIN CREMA $0.00,SIN JAMÓN $0.00",""
52959812,"Davilas CCU","206",0,1,"LorenaMoralesVázquez",,"16:13:24 14-09-2023","16:13:30 14-09-2023","16:19:37 14-09-2023",,"2023-09-14 16:15:00","Caja Davilas UDEM","Lista","Tarjeta Tarjeta Debito",105,,,"0.00","Tarjeta Debito",,3,4086,,2,"  ",,,"BONELESS Estandar 1 $0.00","SALSA BBQ $0.00",""
52960937,"Davilas CCU","207",0,1,"SofiaAlvarado",,"16:41:34 14-09-2023","16:41:38 14-09-2023","16:54:01 14-09-2023",,"2023-09-14 16:45:00","Caja Davilas UDEM","Lista","Tarjeta Tarjeta Debito",105,,,"0.00","Tarjeta Debito",,3,4086,,2,"  ",,,"BONELESS Estandar 1 $0.00","SALSA BÚFALO $0.00",""
52963567,"Davilas CCU","208",0,1,"AndreaIsabelDávila",,"18:06:36 14-09-2023","18:06:42 14-09-2023","18:13:51 14-09-2023",,"2023-09-14 18:10:00","Caja Davilas UDEM","Lista","Tarjeta Tarjeta Debito",98,,,"0.00","Tarjeta Debito",,3,4086,,2,"  ",,,"HAMBURGUESA DE RES Estandar 1 $0.00",,""
52979288,"Davilas CCU","209",0,1,"Guillermo Garza",,"12:41:13 15-09-2023",,,"12:41:14 15-09-2023","2023-09-15 12:41:13","Caja Davilas UDEM","Cancelada","Tarjeta ",105,,,"0.00",,,5,4086,"Tarjeta rechazada",2,"  ",,,"BONELESS Estandar 1 $0.00","SALSA BÚFALO $0.00",""
52979365,"Davilas CCU","210",0,1,"Guillermo Garza",,"12:42:36 15-09-2023","12:42:40 15-09-2023","12:46:44 15-09-2023",,"2023-09-15 12:42:36","Caja Davilas UDEM","Lista","Tarjeta Tarjeta Credito",105,,,"0.00","Tarjeta Credito",,3,4086,,2,"  ",,,"BONELESS Estandar 1 $0.00","SALSA BBQ $0.00",""
52980426,"Davilas CCU","211",0,1,"Ramon",,"13:02:29 15-09-2023","13:02:31 15-09-2023","13:04:59 15-09-2023",,"2023-09-15 13:05:00","Caja Davilas UDEM","Lista","Tarjeta Tarjeta Debito",105,,,"0.00","Tarjeta Debito",,3,4086,,2,"  ",,,"BONELESS Estandar 1 $0.00","SALSA BÚFALO $0.00",""
52981698,"Davilas CCU","212",0,1,"Alanrmz",,"13:22:07 15-09-2023","13:22:12 15-09-2023","13:26:24 15-09-2023",,"2023-09-15 13:25:00","Caja Davilas UDEM","Lista","Tarjeta Tarjeta Debito",85,,,"0.00","Tarjeta Debito",,3,4086,,2,"  ",,,"ORDEN PAPAS ESPECIALES Estandar 1 $0.00,FUZE TEA Estandar 1 $0.00","ADEREZO RANCH $6.00",""
52982882,"Davilas CCU","213",0,1,"Cecilia HP",,"13:40:50 15-09-2023","13:40:51 15-09-2023","13:44:44 15-09-2023",,"2023-09-15 13:40:50","Caja Davilas UDEM","Lista","Tarjeta Tarjeta Debito",129,,,"0.00","Tarjeta Debito",,3,4086,,2,"  ",,,"CHICKEN TENDERS Estandar 1 $0.00,FUZE TEA Estandar 1 $0.00","SALSA BÚFALO $0.00",""
52984321,"Davilas CCU","214",0,1,"GaelArias",,"14:02:38 15-09-2023","14:02:39 15-09-2023",,,"2023-09-15 14:05:00","Caja Davilas UDEM","Procesándose","Tarjeta Tarjeta Debito",105,,,"0.00","Tarjeta Debito",,2,4086,,2,"  ",,,"BONELESS Estandar 1 $0.00","SALSA BÚFALO $0.00",""
52989642,"Davilas CCU","215",0,1,"DiegoRamirez",,"15:30:35 15-09-2023","15:30:38 15-09-2023",,,"2023-09-15 15:30:35","Caja Davilas UDEM","Procesándose","Tarjeta Tarjeta Debito",118,,,"0.00","Tarjeta Debito",,2,4086,,2,"  ",,,"HAMBURGUESA DE RES Estandar 1 $0.00,COCA COLA  Estandar 1 $0.00",,"HAMBURGUESA DE RES Estandar: Sin tomate ni jalapeo\n"
53051598,"Davilas CCU","216",0,1,"Angel Garcia Moreno",,"10:08:50 18-09-2023","10:08:52 18-09-2023","14:38:45 18-09-2023",,"2023-09-18 10:08:50","Caja Davilas UDEM","Lista","Tarjeta Tarjeta Debito",102,,,"0.00","Tarjeta Debito",,3,4086,,2,"  ",,,"DEDOS DE QUESO Estandar 1 $0.00","SALSA DE TOMATE EXTRA $6.00",""
53057609,"Davilas CCU","217",0,1,"Carlos",,"12:12:16 18-09-2023","12:12:20 18-09-2023","14:07:17 18-09-2023",,"2023-09-18 13:00:00","Caja Davilas UDEM","Lista","Tarjeta Tarjeta Credito",96,,,"0.00","Tarjeta Credito",,3,4086,,2,"  ",,,"DEDOS DE QUESO Estandar 1 $0.00",,""
53059752,"Davilas CCU","218",0,1,"Andres",,"12:52:36 18-09-2023","12:52:39 18-09-2023","13:02:51 18-09-2023",,"2023-09-18 12:55:00","Caja Davilas UDEM","Lista","Tarjeta Tarjeta Debito",46,,,"0.00","Tarjeta Debito",,3,4086,,2,"  ",,,"ORDEN DE PAPAS Estandar 1 $0.00","ADEREZO RANCH $6.00",""
53060877,"Davilas CCU","219",0,1,"Carlos García",,"13:10:11 18-09-2023","13:10:14 18-09-2023","13:14:53 18-09-2023",,"2023-09-18 13:10:11","Caja Davilas UDEM","Lista","Tarjeta Tarjeta Credito",112,,,"0.00","Tarjeta Credito",,3,4086,,2,"  ",,,"ORDEN TACOS DE CARNE ASADA Estandar 1 $0.00,REFRESO 600ml Estandar 1 $0.00","HARINA $0.00,SIN QUESO $0.00",""
53060983,"Davilas CCU","220",0,1,"LourdesCabral",,"13:11:53 18-09-2023","13:11:58 18-09-2023","13:16:36 18-09-2023",,"2023-09-18 13:15:00","Caja Davilas UDEM","Lista","Tarjeta Tarjeta Debito",112,,,"0.00","Tarjeta Debito",,3,4086,,2,"  ",,,"ORDEN TACOS DE CARNE ASADA Estandar 1 $0.00,COCA LIGHT Estandar 1 $0.00","MAIZ $0.00,SIN QUESO $0.00",""
53065454,"Davilas CCU","221",0,1,"Diego Padilla Schekaiban",,"14:17:27 18-09-2023","14:17:31 18-09-2023","14:30:26 18-09-2023",,"2023-09-18 14:17:27","Caja Davilas UDEM","Lista","Tarjeta Tarjeta Credito",55,,,"0.00","Tarjeta Credito",,3,4086,,2,"  ",,,"ORDEN PAPAS ESPECIALES Estandar 1 $0.00",,""
53065466,"Davilas CCU","222",0,1,"Guillermo Garza",,"14:17:39 18-09-2023","14:17:39 18-09-2023","14:38:52 18-09-2023",,"2023-09-18 14:17:39","Caja Davilas UDEM","Lista","Tarjeta Tarjeta Credito",129,,,"0.00","Tarjeta Credito",,3,4086,,2,"  ",,,"BONELESS Estandar 1 $0.00,FUZE TEA Estandar 1 $0.00","SALSA BBQ $0.00",""
53066300,"Davilas CCU","223",0,1,"VeronicaGómez",,"14:30:05 18-09-2023","14:30:08 18-09-2023",,,"2023-09-18 14:30:05","Caja Davilas UDEM","Procesándose","Tarjeta Tarjeta Credito",98,,,"0.00","Tarjeta Credito",,2,4086,,2,"  ",,,"TORTA DE CARNE ASADA Estandar 1 $0.00",,""
53066352,"Davilas CCU","224",0,1,"Aurora",,"14:31:02 18-09-2023",,,"14:31:04 18-09-2023","2023-09-18 14:35:00","Caja Davilas UDEM","Cancelada","Tarjeta ",105,,,"0.00",,,5,4086,"Tarjeta rechazada",2,"  ",,,"CHICKEN TENDERS Estandar 1 $0.00","SALSA BÚFALO $0.00",""
53066502,"Davilas CCU","225",0,1,"Aurora",,"14:33:12 18-09-2023","14:33:14 18-09-2023","14:38:41 18-09-2023",,"2023-09-18 14:35:00","Caja Davilas UDEM","Lista","Tarjeta Tarjeta Credito",105,,,"0.00","Tarjeta Credito",,3,4086,,2,"  ",,,"CHICKEN TENDERS Estandar 1 $0.00","SALSA BÚFALO $0.00",""
53091159,"Davilas CCU","226",0,1,"Abraham Espinosa",,"13:10:12 19-09-2023","13:10:16 19-09-2023","13:11:35 19-09-2023",,"2023-09-19 13:10:12","Caja Davilas UDEM","Lista","Tarjeta Tarjeta Debito",125,,,"0.00","Tarjeta Debito",,3,4086,,2,"  ",,,"CHICKEN TENDERS Estandar 1 $0.00,REFRESO 600ml Estandar 1 $0.00","SALSA BÚFALO $0.00","REFRESO SABOR Estandar: Sprite\n"
53091415,"Davilas CCU","227",0,1,"Erickhernandezcalva",,"13:13:59 19-09-2023",,,"13:14:01 19-09-2023","2023-09-19 13:15:00","Caja Davilas UDEM","Cancelada","Tarjeta ",105,,,"0.00",,,5,4086,"Tarjeta rechazada",2,"  ",,,"BONELESS Estandar 1 $0.00","SALSA BÚFALO $0.00",""
53091630,"Davilas CCU","228",0,1,"Erickhernandezcalva",,"13:16:45 19-09-2023",,,"13:16:52 19-09-2023","2023-09-19 13:20:00","Caja Davilas UDEM","Cancelada","Tarjeta ",105,,,"0.00",,,5,4086,"Tarjeta rechazada",2,"  ",,,"BONELESS Estandar 1 $0.00","SALSA BÚFALO $0.00","072"
53095108,"Davilas CCU","229",0,1,"Pablo",,"14:12:53 19-09-2023",,,"14:13:00 19-09-2023","2023-09-19 14:20:00","Caja Davilas UDEM","Cancelada","Tarjeta ",105,,,"0.00",,,5,4086,"Tarjeta rechazada",2,"  ",,,"CHICKEN TENDERS Estandar 1 $0.00","SALSA BÚFALO $0.00","Pnganlo para llevar Porfavor "
53103426,"Davilas CCU","230",0,1,"Jorge Valenzuela",,"17:05:31 19-09-2023","17:05:35 19-09-2023","17:09:11 19-09-2023",,"2023-09-19 17:05:32","Caja Davilas UDEM","Lista","Tarjeta Tarjeta Debito",105,,,"0.00","Tarjeta Debito",,3,4086,,2,"  ",,,"BONELESS Estandar 1 $0.00","SALSA BÚFALO $0.00",""
53104860,"Davilas CCU","231",0,1,"AlanMaldonado",,"17:55:14 19-09-2023","17:55:17 19-09-2023","17:58:34 19-09-2023",,"2023-09-19 17:55:14","Caja Davilas UDEM","Lista","Tarjeta Tarjeta Debito",98,,,"0.00","Tarjeta Debito",,3,4086,,2,"  ",,,"HAMBURGUESA DE RES Estandar 1 $0.00","SIN QUESO $0.00","HAMBURGUESA DE RES Estandar: Sin mayonesa por favor \n"
53119797,"Davilas CCU","232",0,1,"Rodrigo Hernández ",,"12:52:33 20-09-2023","12:52:36 20-09-2023","12:58:59 20-09-2023",,"2023-09-20 12:52:33","Caja Davilas UDEM","Lista","Tarjeta Tarjeta Credito",118,,,"0.00","Tarjeta Credito",,3,4086,,2,"  ",,,"BURRITO DE CARNE ASADA Estandar 1 $0.00,COCA COLA  Estandar 1 $0.00","CON QUESO $0.00",""
53120550,"Davilas CCU","233",0,1,"RaúlRodríguez",,"13:06:14 20-09-2023","13:06:17 20-09-2023","13:12:28 20-09-2023",,"2023-09-20 13:10:00","Caja Davilas UDEM","Lista","Tarjeta Tarjeta Credito",126,,,"0.00","Tarjeta Credito",,3,4086,,2,"  ",,,"HAMBURGUESA DE RES Estandar 1 $0.00,AGUA 1 LITRO Estandar 1 $0.00,ADEREZO RANCH Estandar 1 $0.00",,""
53130584,"Davilas CCU","234",0,1,"paloma",,"16:00:18 20-09-2023","16:00:22 20-09-2023","16:01:54 20-09-2023",,"2023-09-20 16:00:18","Caja Davilas UDEM","Lista","Tarjeta Tarjeta Debito",129,,,"0.00","Tarjeta Debito",,3,4086,,2,"  ",,,"CHICKEN TENDERS Estandar 1 $0.00,FUZE TEA Estandar 1 $0.00","SALSA BBQ $0.00",""
53131614,"Davilas CCU","235",0,1,"DiegoTorres",,"16:27:58 20-09-2023","16:28:08 20-09-2023","16:29:48 20-09-2023",,"2023-09-20 16:30:00","Caja Davilas UDEM","Lista","Tarjeta Tarjeta Debito",105,,,"0.00","Tarjeta Debito",,3,4086,,2,"  ",,,"CHICKEN TENDERS Estandar 1 $0.00","SALSA BÚFALO $0.00","Que esten baados en salsa buffaloCHICKEN TENDERS Estandar: Que esten baados en salsa\n"
53146482,"Davilas CCU","236",0,1,"Carlos",,"11:53:50 21-09-2023","11:53:55 21-09-2023","12:34:50 21-09-2023",,"2023-09-21 12:55:00","Caja Davilas UDEM","Lista","Tarjeta Tarjeta Credito",92,,,"0.00","Tarjeta Credito",,3,4086,,2,"  ",,,"TORTA DE PIERNA Estandar 1 $0.00","SIN VERDURA $0.00,SIN CREMA $0.00,SIN JAMÓN $0.00",""
53147057,"Davilas CCU","237",0,1,"Vanesa",,"12:07:19 21-09-2023","12:07:23 21-09-2023","12:13:55 21-09-2023",,"2023-09-21 12:10:00","Caja Davilas UDEM","Lista","Tarjeta Tarjeta Debito",105,,,"0.00","Tarjeta Debito",,3,4086,,2,"  ",,,"BONELESS Estandar 1 $0.00","SALSA BÚFALO $0.00",""
53147754,"Davilas CCU","238",0,1,"Jorge Martínez Treviño",,"12:18:08 21-09-2023",,,"12:18:09 21-09-2023","2023-09-21 13:30:00","Caja Davilas UDEM","Cancelada","Tarjeta ",118,,,"0.00",,,5,4086,"Tarjeta rechazada",2,"  ",,,"BURRITO DE CARNE ASADA Estandar 1 $0.00,REFRESO 600ml Estandar 1 $0.00","CON QUESO $0.00",""
53147816,"Davilas CCU","239",0,1,"Jorge Martínez Treviño",,"12:19:22 21-09-2023",,,"12:19:24 21-09-2023","2023-09-21 12:19:22","Caja Davilas UDEM","Cancelada","Tarjeta ",118,,,"0.00",,,5,4086,"Tarjeta rechazada",2,"  ",,,"BURRITO DE CARNE ASADA Estandar 1 $0.00,REFRESO 600ml Estandar 1 $0.00","CON QUESO $0.00",""
53148700,"Davilas CCU","240",0,1,"Angel Garcia Moreno",,"12:37:49 21-09-2023","12:37:49 21-09-2023","12:40:43 21-09-2023",,"2023-09-21 12:37:49","Caja Davilas UDEM","Lista","Tarjeta Tarjeta Debito",102,,,"0.00","Tarjeta Debito",,3,4086,,2,"  ",,,"DEDOS DE QUESO Estandar 1 $0.00","SALSA DE TOMATE EXTRA $6.00",""
53150140,"Davilas CCU","241",0,1,"Andres",,"13:03:27 21-09-2023","13:03:31 21-09-2023","17:34:55 21-09-2023",,"2023-09-21 13:05:00","Caja Davilas UDEM","Lista","Tarjeta Tarjeta Debito",125,,,"0.00","Tarjeta Debito",,3,4086,,2,"  ",,,"CHICKEN TENDERS Estandar 1 $0.00,COCA COLA  Estandar 1 $0.00","SALSA BÚFALO $0.00",""
53152365,"Davilas CCU","242",0,1,"Jorge Valenzuela",,"13:36:54 21-09-2023","13:36:57 21-09-2023","13:40:49 21-09-2023",,"2023-09-21 13:36:54","Caja Davilas UDEM","Lista","Tarjeta Tarjeta Debito",250,,,"0.00","Tarjeta Debito",,3,4086,,2,"  ",,,"BONELESS Estandar 1 $0.00,CHICKEN TENDERS Estandar 1 $0.00,COCA COLA  Estandar 1 $0.00,REFRESO 600ml Estandar 1 $0.00","SALSA BÚFALO $0.00,SALSA BÚFALO $0.00","REFRESO SABOR Estandar: manzanita por favor \n"
53153656,"Davilas CCU","243",0,1,"Rodrigo Gómez ",,"13:57:14 21-09-2023","13:57:16 21-09-2023","14:05:23 21-09-2023",,"2023-09-21 13:57:16","Caja Davilas UDEM","Lista","Tarjeta Tarjeta Debito",105,,,"0.00","Tarjeta Debito",,3,4086,,2,"  ",,,"CHICKEN TENDERS Estandar 1 $0.00","SALSA BÚFALO $0.00",""
53158141,"Davilas CCU","244",0,1,"AnaRegina",,"15:06:27 21-09-2023","15:06:30 21-09-2023","15:12:13 21-09-2023",,"2023-09-21 15:10:00","Caja Davilas UDEM","Lista","Tarjeta Tarjeta Debito",105,,,"0.00","Tarjeta Debito",,3,4086,,2,"  ",,,"BONELESS Estandar 1 $0.00","SALSA BÚFALO $0.00",""
53160419,"Davilas CCU","245",0,1,"ArmandoMartinez",,"15:52:52 21-09-2023","15:52:56 21-09-2023","15:56:29 21-09-2023",,"2023-09-21 15:55:00","Caja Davilas UDEM","Lista","Tarjeta Tarjeta Credito",122,,,"0.00","Tarjeta Credito",,3,4086,,2,"  ",,,"HAMBURGUESA DE RES Estandar 1 $0.00,FUZE TEA Estandar 1 $0.00","SIN VERDURA $0.00",""
53161816,"Davilas CCU","246",0,1,"norberto ",,"16:30:18 21-09-2023","16:30:19 21-09-2023","16:38:43 21-09-2023",,"2023-09-21 16:30:18","Caja Davilas UDEM","Lista","Tarjeta Tarjeta Credito",55,,,"0.00","Tarjeta Credito",,3,4086,,2,"  ",,,"ORDEN PAPAS ESPECIALES Estandar 1 $0.00",,""
53163688,"Davilas CCU","247",0,1,"Valeria",,"17:28:31 21-09-2023","17:28:35 21-09-2023","17:34:51 21-09-2023",,"2023-09-21 17:30:00","Caja Davilas UDEM","Lista","Tarjeta Tarjeta Debito",95,,,"0.00","Tarjeta Debito",,3,4086,,2,"  ",,,"ORDEN DE PAPAS Estandar 1 $0.00,ORDEN PAPAS ESPECIALES Estandar 1 $0.00",,""
53205718,"Davilas CCU","248",0,1,"JuanPablo",,"10:48:00 23-09-2023","10:48:06 23-09-2023","10:56:48 23-09-2023",,"2023-09-23 10:50:00","Caja Davilas UDEM","Lista","Tarjeta Tarjeta Debito",18,,,"0.00","Tarjeta Debito",,3,4086,,2,"  ",,,"AGUA NATURAL 600ML Estandar 1 $0.00",,""
53262697,"Davilas CCU","249",0,1,"JoséRodrigoMarquezRosales",,"12:53:21 25-09-2023","12:53:23 25-09-2023","13:01:38 25-09-2023",,"2023-09-25 12:55:00","Caja Davilas UDEM","Lista","Tarjeta Tarjeta Debito",125,,,"0.00","Tarjeta Debito",,3,4086,,2,"  ",,,"CHICKEN TENDERS Estandar 1 $0.00,COCA COLA  Estandar 1 $0.00","SALSA BBQ $0.00",""
53264110,"Davilas CCU","250",0,1,"Diego Padilla Schekaiban",,"13:14:56 25-09-2023","13:15:01 25-09-2023","13:17:32 25-09-2023",,"2023-09-25 13:14:56","Caja Davilas UDEM","Lista","Tarjeta Tarjeta Credito",55,,,"0.00","Tarjeta Credito",,3,4086,,2,"  ",,,"ORDEN PAPAS ESPECIALES Estandar 1 $0.00",,""
53269159,"Davilas CCU","251",0,1,"LuisaArreola",,"14:29:01 25-09-2023","14:29:04 25-09-2023","14:36:34 25-09-2023",,"2023-09-25 14:30:00","Caja Davilas UDEM","Lista","Tarjeta Tarjeta Debito",98,,,"0.00","Tarjeta Debito",,3,4086,,2,"  ",,,"HAMBURGUESA DE POLLO Estandar 1 $0.00",,""
53273239,"Davilas CCU","252",0,1,"Carlos",,"15:40:25 25-09-2023","15:40:33 25-09-2023","15:42:20 25-09-2023",,"2023-09-25 15:40:25","Caja Davilas UDEM","Lista","Tarjeta Tarjeta Credito",92,,,"0.00","Tarjeta Credito",,3,4086,,2,"  ",,,"TORTA DE PIERNA Estandar 1 $0.00","SIN VERDURA $0.00,SIN CREMA $0.00,SIN JAMÓN $0.00",""
53278314,"Davilas CCU","253",0,1,"ClaudiaCruzReyes",,"18:26:10 25-09-2023","18:26:11 25-09-2023","18:36:00 25-09-2023",,"2023-09-25 19:00:00","Caja Davilas UDEM","Lista","Tarjeta Tarjeta Debito",92,,,"0.00","Tarjeta Debito",,3,4086,,2,"  ",,,"ALITAS Estandar 1 $0.00","SALSA BBQ $0.00",""
53278380,"Davilas CCU","254",0,1,"Amauri",,"18:29:01 25-09-2023","18:29:04 25-09-2023","18:35:57 25-09-2023",,"2023-09-25 18:30:00","Caja Davilas UDEM","Lista","Tarjeta Tarjeta Debito",98,,,"0.00","Tarjeta Debito",,3,4086,,2,"  ",,,"BURRITO DE CARNE ASADA Estandar 1 $0.00","CON QUESO $0.00",""
53290818,"Davilas CCU","255",0,1,"JoseArcadioSotoRamirez",,"12:04:47 26-09-2023","12:04:50 26-09-2023","12:15:12 26-09-2023",,"2023-09-26 12:05:00","Caja Davilas UDEM","Entregada","Tarjeta Tarjeta Credito",192,,,"0.00","Tarjeta Credito",,4,4086,,2,"  ",,,"CAMPECHANA Estandar 2 $0.00","CON QUESO $0.00",""
53293057,"Davilas CCU","256",0,1,"Guillermo Garza",,"12:48:35 26-09-2023","12:48:36 26-09-2023","12:54:38 26-09-2023",,"2023-09-26 12:48:35","Caja Davilas UDEM","Lista","Tarjeta Tarjeta Credito",129,,,"0.00","Tarjeta Credito",,3,4086,,2,"  ",,,"BONELESS Estandar 1 $0.00,FUZE TEA Estandar 1 $0.00","SALSA BBQ $0.00",""
53293785,"Davilas CCU","257",0,1,"Rodrigo Gómez ",,"13:00:54 26-09-2023","13:00:59 26-09-2023","13:11:33 26-09-2023",,"2023-09-26 13:00:54","Caja Davilas UDEM","Lista","Tarjeta Tarjeta Debito",105,,,"0.00","Tarjeta Debito",,3,4086,,2,"  ",,,"CHICKEN TENDERS Estandar 1 $0.00","SALSA BÚFALO $0.00",""
53294630,"Davilas CCU","258",0,1,"Ramon",,"13:13:47 26-09-2023","13:13:51 26-09-2023","13:36:23 26-09-2023",,"2023-09-26 13:15:00","Caja Davilas UDEM","Lista","Tarjeta Tarjeta Debito",203,,,"0.00","Tarjeta Debito",,3,4086,,2,"  ",,,"BONELESS Estandar 1 $0.00,BURRITO DE CARNE ASADA Estandar 1 $0.00","SALSA BÚFALO $0.00,CON QUESO $0.00",""
53294712,"Davilas CCU","259",0,1,"Alanrmz",,"13:14:57 26-09-2023","13:15:02 26-09-2023","13:36:20 26-09-2023",,"2023-09-26 13:15:00","Caja Davilas UDEM","Lista","Tarjeta Tarjeta Debito",105,,,"0.00","Tarjeta Debito",,3,4086,,2,"  ",,,"BONELESS Estandar 1 $0.00","SALSA BBQ $0.00",""
53294840,"Davilas CCU","260",0,1,"DiegoLinares",,"13:16:44 26-09-2023","13:16:48 26-09-2023","13:31:47 26-09-2023",,"2023-09-26 13:20:00","Caja Davilas UDEM","Lista","Tarjeta Tarjeta Debito",98,,,"0.00","Tarjeta Debito",,3,4086,,2,"  ",,,"HAMBURGUESA DE POLLO Estandar 1 $0.00","SIN VERDURA $0.00",""
53295244,"Davilas CCU","261",0,1,"FranciscoBerrones",,"13:21:59 26-09-2023","13:22:03 26-09-2023","13:41:59 26-09-2023",,"2023-09-26 13:25:00","Caja Davilas UDEM","Lista","Tarjeta Tarjeta Debito",105,,,"0.00","Tarjeta Debito",,3,4086,,2,"  ",,,"BONELESS Estandar 1 $0.00","SALSA BÚFALO $0.00",""
53303362,"Davilas CCU","262",0,1,"Abraham Espinosa",,"15:37:14 26-09-2023","15:37:17 26-09-2023","15:40:44 26-09-2023",,"2023-09-26 15:37:14","Caja Davilas UDEM","Lista","Tarjeta Tarjeta Debito",105,,,"0.00","Tarjeta Debito",,3,4086,,2,"  ",,,"CHICKEN TENDERS Estandar 1 $0.00","SALSA BÚFALO $0.00",""
53304392,"Davilas CCU","263",0,1,"Karla",,"16:02:01 26-09-2023","16:02:06 26-09-2023","16:05:55 26-09-2023",,"2023-09-26 16:05:00","Caja Davilas UDEM","Lista","Tarjeta Tarjeta Debito",96,,,"0.00","Tarjeta Debito",,3,4086,,2,"  ",,,"DEDOS DE QUESO Estandar 1 $0.00",,""
53305866,"Davilas CCU","264",0,1,"Valeria",,"16:44:13 26-09-2023","16:44:14 26-09-2023",,,"2023-09-26 16:45:00","Caja Davilas UDEM","Procesándose","Tarjeta Tarjeta Debito",62,,,"0.00","Tarjeta Debito",,2,4086,,2,"  ",,,"ORDEN DE PAPAS Estandar 1 $0.00,AGUA 1 LITRO Estandar 1 $0.00",,""
53311927,"Davilas CCU","265",0,1,"SamanthaCastilloMontero",,"08:36:23 27-09-2023","08:36:24 27-09-2023","13:39:43 27-09-2023",,"2023-09-27 13:55:00","Caja Davilas UDEM","Lista","Tarjeta Tarjeta Debito",133,,,"0.00","Tarjeta Debito",,3,4086,,2,"  ",,,"PAPA ASADA CON CARNE ASADA Estandar 1 $0.00,FUZE TEA Estandar 1 $0.00","SIN QUESO $0.00,SIN CREMA $0.00,PORCION EXTRA DE CARNE ASADA $12.00","Porfavor si se puede cambio de queso amarillo por queso blanco porfavor PAPA ASADA CON CARNE ASADA Estandar: Si se puede hacer un cambio de queso amarillo a queso blanco porfavor \n"
53318419,"Davilas CCU","266",0,1,"KarlaGuadalupeAcostaTorres",,"11:20:31 27-09-2023","11:20:33 27-09-2023","12:50:52 27-09-2023",,"2023-09-27 13:10:00","Caja Davilas UDEM","Lista","Tarjeta Tarjeta Debito",110,,,"0.00","Tarjeta Debito",,3,4086,,2,"  ",,,"ORDEN PAPAS ESPECIALES Estandar 2 $0.00",,""
53320109,"Davilas CCU","267",0,1,"MiltonGonzález",,"12:00:45 27-09-2023","12:00:49 27-09-2023","12:40:23 27-09-2023",,"2023-09-27 13:00:00","Caja Davilas UDEM","Lista","Tarjeta Tarjeta Debito",112,,,"0.00","Tarjeta Debito",,3,4086,,2,"  ",,,"ORDEN TACOS DE CARNE ASADA Estandar 1 $0.00,REFRESO 600ml Estandar 1 $0.00","HARINA $0.00,CON QUESO $0.00",""
53322465,"Davilas CCU","268",0,1,"Abraham Espinosa",,"12:48:39 27-09-2023","12:48:43 27-09-2023","12:53:08 27-09-2023",,"2023-09-27 12:48:39","Caja Davilas UDEM","Lista","Tarjeta Tarjeta Debito",230,,,"0.00","Tarjeta Debito",,3,4086,,2,"  ",,,"CHICKEN TENDERS Estandar 2 $0.00,COCA COLA  Estandar 1 $0.00","SALSA BÚFALO $0.00",""
53327607,"Davilas CCU","269",0,1,"Cecilia HP",,"14:12:43 27-09-2023","14:12:48 27-09-2023","14:18:57 27-09-2023",,"2023-09-27 14:12:43","Caja Davilas UDEM","Lista","Tarjeta Tarjeta Debito",97,,,"0.00","Tarjeta Debito",,3,4086,,2,"  ",,,"PAPA ASADA CON CARNE ASADA Estandar 1 $0.00","SIN CREMA $0.00",""
53348877,"Davilas CCU","270",0,1,"Carlos",,"11:34:48 28-09-2023","11:34:51 28-09-2023","11:45:29 28-09-2023",,"2023-09-28 11:35:00","Caja Davilas UDEM","Lista","Tarjeta Tarjeta Credito",92,,,"0.00","Tarjeta Credito",,3,4086,,2,"  ",,,"TORTA DE PIERNA Estandar 1 $0.00","SIN VERDURA $0.00,SIN CREMA $0.00,SIN JAMÓN $0.00","TORTA DE PIERNA Estandar: SIN MAYONESA PORFAVOR \n"
53351934,"Davilas CCU","271",0,1,"Amauri",,"12:38:45 28-09-2023","12:38:51 28-09-2023","12:44:19 28-09-2023",,"2023-09-28 12:40:00","Caja Davilas UDEM","Lista","Tarjeta Tarjeta Debito",98,,,"0.00","Tarjeta Debito",,3,4086,,2,"  ",,,"BURRITO DE CARNE ASADA Estandar 1 $0.00","CON QUESO $0.00",""
53352127,"Davilas CCU","272",0,1,"Guillermo Garza",,"12:42:21 28-09-2023","12:42:23 28-09-2023","12:44:32 28-09-2023",,"2023-09-28 12:42:21","Caja Davilas UDEM","Lista","Tarjeta Tarjeta Credito",129,,,"0.00","Tarjeta Credito",,3,4086,,2,"  ",,,"BONELESS Estandar 1 $0.00,FUZE TEA Estandar 1 $0.00","SALSA BBQ $0.00",""
53352369,"Davilas CCU","273",0,1,"Alejandra Cardenas",,"12:47:03 28-09-2023","12:47:06 28-09-2023","13:13:13 28-09-2023",,"2023-09-28 12:47:03","Caja Davilas UDEM","Lista","Tarjeta Tarjeta Debito",105,,,"0.00","Tarjeta Debito",,3,4086,,2,"  ",,,"CHICKEN TENDERS Estandar 1 $0.00","SALSA BÚFALO $0.00",""
53353152,"Davilas CCU","274",0,1,"JoséRodrigoMarquezRosales",,"13:00:47 28-09-2023","13:00:52 28-09-2023","13:13:27 28-09-2023",,"2023-09-28 13:00:47","Caja Davilas UDEM","Lista","Tarjeta Tarjeta Debito",96,,,"0.00","Tarjeta Debito",,3,4086,,2,"  ",,,"CAMPECHANA Estandar 1 $0.00","CON QUESO $0.00",""
53353174,"Davilas CCU","275",0,1,"ivanna",,"13:01:14 28-09-2023","13:01:17 28-09-2023","13:21:50 28-09-2023",,"2023-09-28 13:05:00","Caja Davilas UDEM","Lista","Tarjeta Tarjeta Debito",98,,,"0.00","Tarjeta Debito",,3,4086,,2,"  ",,,"BURRITO DE CARNE ASADA Estandar 1 $0.00","CON QUESO $0.00",""
53354562,"Davilas CCU","276",0,1,"Mario",,"13:22:09 28-09-2023",,,"13:22:10 28-09-2023","2023-09-28 13:22:09","Caja Davilas UDEM","Cancelada","Tarjeta ",55,,,"0.00",,,5,4086,"Tarjeta rechazada",2,"  ",,,"ORDEN PAPAS ESPECIALES Estandar 1 $0.00",,"ORDEN PAPAS ESPECIALES Estandar: Mixto\n"
53358125,"Davilas CCU","277",0,1,"Rodrigo Gómez ",,"14:17:34 28-09-2023","14:17:37 28-09-2023","15:46:20 28-09-2023",,"2023-09-28 14:17:34","Caja Davilas UDEM","Lista","Tarjeta Tarjeta Debito",98,,,"0.00","Tarjeta Debito",,3,4086,,2,"  ",,,"BURRITO DE CARNE ASADA Estandar 1 $0.00","CON QUESO $0.00",""
53358129,"Davilas CCU","278",0,1,"Rodrigo Gómez ",,"14:17:38 28-09-2023","14:17:45 28-09-2023","15:46:18 28-09-2023",,"2023-09-28 14:17:40","Caja Davilas UDEM","Lista","Tarjeta Tarjeta Debito",98,,,"0.00","Tarjeta Debito",,3,4086,,2,"  ",,,"BURRITO DE CARNE ASADA Estandar 1 $0.00","CON QUESO $0.00",""
53359694,"Davilas CCU","279",0,1,"Rafael Woodward Jiménez ",,"14:39:26 28-09-2023","14:39:28 28-09-2023","14:45:14 28-09-2023",,"2023-09-28 14:39:26","Caja Davilas UDEM","Lista","Tarjeta Tarjeta Debito",98,,,"0.00","Tarjeta Debito",,3,4086,,2,"  ",,,"HAMBURGUESA DE RES Estandar 1 $0.00",,"HAMBURGUESA DE RES Estandar: aderezo ranch\n"
53360038,"Davilas CCU","280",0,1,"Rodrigo Gómez ",,"14:44:31 28-09-2023",,,"14:44:35 28-09-2023","2023-09-28 14:44:31","Caja Davilas UDEM","Cancelada","Tarjeta ",98,,,"0.00",,,5,4086,"Tarjeta rechazada",2,"  ",,,"HAMBURGUESA DE POLLO Estandar 1 $0.00","SIN VERDURA $0.00",""
53360311,"Davilas CCU","281",0,1,"Rodrigo Gómez ",,"14:49:02 28-09-2023","14:49:05 28-09-2023","14:54:40 28-09-2023",,"2023-09-28 14:49:03","Caja Davilas UDEM","Lista","Tarjeta Tarjeta Debito",98,,,"0.00","Tarjeta Debito",,3,4086,,2,"  ",,,"HAMBURGUESA DE POLLO Estandar 1 $0.00","SIN VERDURA $0.00","sin verdura por favor "
53363240,"Davilas CCU","282",0,1,"Andrés",,"15:42:06 28-09-2023","15:42:11 28-09-2023","15:46:16 28-09-2023",,"2023-09-28 15:42:06","Caja Davilas UDEM","Lista","Tarjeta Tarjeta Debito",96,,,"0.00","Tarjeta Debito",,3,4086,,2,"  ",,,"CAMPECHANA Estandar 1 $0.00","CON QUESO $0.00",""
53363918,"Davilas CCU","283",0,1,"SofiaAlvarado",,"15:58:14 28-09-2023","15:58:16 28-09-2023","16:00:20 28-09-2023",,"2023-09-28 16:00:00","Caja Davilas UDEM","Lista","Tarjeta Tarjeta Debito",105,,,"0.00","Tarjeta Debito",,3,4086,,2,"  ",,,"BONELESS Estandar 1 $0.00","SALSA BÚFALO $0.00",""
53364182,"Davilas CCU","284",0,1,"AlanSolis",,"16:04:57 28-09-2023","16:05:01 28-09-2023","16:15:49 28-09-2023",,"2023-09-28 16:05:00","Caja Davilas UDEM","Lista","Tarjeta Tarjeta Credito",67,,,"0.00","Tarjeta Credito",,3,4086,,2,"  ",,,"ORDEN PAPAS ESPECIALES Estandar 1 $0.00","SALSA BÚFALO $6.00,ADEREZO RANCH $6.00",""
53380098,"Davilas CCU","285",0,1,"Rafael Woodward Jiménez ",,"11:39:55 29-09-2023",,,"11:40:01 29-09-2023","2023-09-29 11:39:56","Caja Davilas UDEM","Cancelada","Tarjeta ",98,,,"0.00",,,5,4086,"Tarjeta rechazada",2,"  ",,,"HAMBURGUESA DE RES Estandar 1 $0.00",,""
53380198,"Davilas CCU","286",0,1,"Rafael Woodward Jiménez ",,"11:41:44 29-09-2023","11:41:47 29-09-2023","11:53:44 29-09-2023",,"2023-09-29 11:41:46","Caja Davilas UDEM","Lista","Tarjeta Tarjeta Debito",98,,,"0.00","Tarjeta Debito",,3,4086,,2,"  ",,,"HAMBURGUESA DE RES Estandar 1 $0.00",,""
53381937,"Davilas CCU","287",0,1,"RicardoGarza",,"12:14:30 29-09-2023","12:14:32 29-09-2023","12:20:38 29-09-2023",,"2023-09-29 12:15:00","Caja Davilas UDEM","Lista","Tarjeta Tarjeta Debito",110,,,"0.00","Tarjeta Debito",,3,4086,,2,"  ",,,"ORDEN PAPAS ESPECIALES Estandar 2 $0.00",,""
53385192,"Davilas CCU","288",0,1,"Natalia",,"13:08:46 29-09-2023","13:08:48 29-09-2023","13:10:58 29-09-2023",,"2023-09-29 13:10:00","Caja Davilas UDEM","Lista","Tarjeta Tarjeta Debito",52,,,"0.00","Tarjeta Debito",,3,4086,,2,"  ",,,"ORDEN DE PAPAS Estandar 1 $0.00","SALSA BÚFALO $6.00,ADEREZO RANCH $6.00",""
53386039,"Davilas CCU","289",0,1,"Abraham Espinosa",,"13:20:14 29-09-2023","13:20:17 29-09-2023","13:26:18 29-09-2023",,"2023-09-29 13:20:15","Caja Davilas UDEM","Lista","Tarjeta Tarjeta Debito",105,,,"0.00","Tarjeta Debito",,3,4086,,2,"  ",,,"CHICKEN TENDERS Estandar 1 $0.00","SALSA BÚFALO $0.00",""
53386692,"Davilas CCU","290",0,1,"LedaHernández",,"13:29:26 29-09-2023","13:29:30 29-09-2023","13:32:48 29-09-2023",,"2023-09-29 13:30:00","Caja Davilas UDEM","Lista","Tarjeta Tarjeta Debito",105,,,"0.00","Tarjeta Debito",,3,4086,,2,"  ",,,"CHICKEN TENDERS Estandar 1 $0.00","SALSA BÚFALO $0.00","Para llevar "
53387177,"Davilas CCU","291",0,1,"Ramon",,"13:36:50 29-09-2023","13:36:56 29-09-2023","13:40:28 29-09-2023",,"2023-09-29 13:40:00","Caja Davilas UDEM","Lista","Tarjeta Tarjeta Debito",98,,,"0.00","Tarjeta Debito",,3,4086,,2,"  ",,,"HAMBURGUESA DE POLLO Estandar 1 $0.00",,""
53472437,"Davilas CCU","292",0,1,"Carlos Miguel Bernal ",,"13:25:01 02-10-2023","13:25:08 02-10-2023","13:31:20 02-10-2023",,"2023-10-02 13:25:01","Caja Davilas UDEM","Lista","Tarjeta Tarjeta Debito",98,,,"0.00","Tarjeta Debito",,3,4086,,2,"  ",,,"HAMBURGUESA DE POLLO Estandar 1 $0.00",,"hsvdva"
53475216,"Davilas CCU","293",0,1,"KarelGarcia",,"14:05:42 02-10-2023","14:05:48 02-10-2023","14:14:51 02-10-2023",,"2023-10-02 14:05:42","Caja Davilas UDEM","Lista","Tarjeta Tarjeta Debito",122,,,"0.00","Tarjeta Debito",,3,4086,,2,"  ",,,"HAMBURGUESA DE POLLO Estandar 1 $0.00,FUZE TEA Estandar 1 $0.00",,""
53476013,"Davilas CCU","294",0,1,"LuisaArreola",,"14:16:15 02-10-2023","14:16:19 02-10-2023","14:24:49 02-10-2023",,"2023-10-02 14:20:00","Caja Davilas UDEM","Lista","Tarjeta Tarjeta Debito",96,,,"0.00","Tarjeta Debito",,3,4086,,2,"  ",,,"PAPA ASADA CON TROMPO Estandar 1 $0.00",,""
53480711,"Davilas CCU","295",0,1,"Valeria",,"15:28:46 02-10-2023","15:28:48 02-10-2023","15:39:14 02-10-2023",,"2023-10-02 15:30:00","Caja Davilas UDEM","Lista","Tarjeta Tarjeta Debito",97,,,"0.00","Tarjeta Debito",,3,4086,,2,"  ",,,"PAPA ASADA CON CARNE ASADA Estandar 1 $0.00",,""
53481084,"Davilas CCU","296",0,1,"AlanSolis",,"15:35:42 02-10-2023","15:35:45 02-10-2023","15:44:58 02-10-2023",,"2023-10-02 15:35:42","Caja Davilas UDEM","Lista","Tarjeta Tarjeta Debito",102,,,"0.00","Tarjeta Debito",,3,4086,,2,"  ",,,"CAMPECHANA Estandar 1 $0.00,ADEREZO RANCH Estandar 1 $0.00","CON QUESO $0.00",""
53500600,"Davilas CCU","297",0,1,"Karla",,"12:29:53 03-10-2023","12:30:00 03-10-2023","12:42:54 03-10-2023",,"2023-10-03 12:30:00","Caja Davilas UDEM","Lista","Tarjeta Tarjeta Debito",96,,,"0.00","Tarjeta Debito",,3,4086,,2,"  ",,,"PAPA ASADA CON TROMPO Estandar 1 $0.00",,"PAPA ASADA CON TROMPO Estandar: puede ser papa asada mixta por favor\n"
53501818,"Davilas CCU","298",0,1,"Guillermo Garza",,"12:51:55 03-10-2023","12:52:01 03-10-2023","13:00:31 03-10-2023",,"2023-10-03 12:51:55","Caja Davilas UDEM","Lista","Tarjeta Tarjeta Credito",129,,,"0.00","Tarjeta Credito",,3,4086,,2,"  ",,,"BONELESS Estandar 1 $0.00,FUZE TEA Estandar 1 $0.00","SALSA BBQ $0.00",""
53501829,"Davilas CCU","299",0,1,"Angel Garcia Moreno",,"12:52:13 03-10-2023","12:52:16 03-10-2023","13:00:34 03-10-2023",,"2023-10-03 12:52:13","Caja Davilas UDEM","Lista","Tarjeta Tarjeta Debito",105,,,"0.00","Tarjeta Debito",,3,4086,,2,"  ",,,"BONELESS Estandar 1 $0.00","SALSA BÚFALO $0.00",""
53503116,"Davilas CCU","300",0,1,"Erickhernandezcalva",,"13:12:02 03-10-2023","13:12:06 03-10-2023","13:20:23 03-10-2023",,"2023-10-03 13:15:00","Caja Davilas UDEM","Lista","Tarjeta Tarjeta Debito",105,,,"0.00","Tarjeta Debito",,3,4086,,2,"  ",,,"CHICKEN TENDERS Estandar 1 $0.00","SALSA BÚFALO $0.00",""
53504365,"Davilas CCU","301",0,1,"Alanrmz",,"13:29:50 03-10-2023","13:29:55 03-10-2023","13:34:28 03-10-2023",,"2023-10-03 13:30:00","Caja Davilas UDEM","Lista","Tarjeta Tarjeta Debito",110,,,"0.00","Tarjeta Debito",,3,4086,,2,"  ",,,"ORDEN TACOS DE CARNE ASADA Estandar 1 $0.00,AGUA NATURAL 600ML Estandar 1 $0.00","MAIZ $0.00,CON QUESO $0.00",""
53504763,"Davilas CCU","302",0,1,"Rodrigo Gómez ",,"13:35:59 03-10-2023","13:36:01 03-10-2023","13:38:13 03-10-2023",,"2023-10-03 13:35:59","Caja Davilas UDEM","Lista","Tarjeta Tarjeta Debito",105,,,"0.00","Tarjeta Debito",,3,4086,,2,"  ",,,"CHICKEN TENDERS Estandar 1 $0.00","SALSA BÚFALO $0.00",""
53507020,"Davilas CCU","303",0,1,"Javier",,"14:09:56 03-10-2023","14:10:03 03-10-2023","14:16:50 03-10-2023",,"2023-10-03 14:10:00","Caja Davilas UDEM","Lista","Tarjeta Tarjeta Debito",96,,,"0.00","Tarjeta Debito",,3,4086,,2,"  ",,,"DEDOS DE QUESO Estandar 1 $0.00",,""
53510859,"Davilas CCU","304",0,1,"Mariana",,"15:08:52 03-10-2023","15:08:54 03-10-2023","15:16:40 03-10-2023",,"2023-10-03 15:10:00","Caja Davilas UDEM","Lista","Tarjeta Tarjeta Debito",203,,,"0.00","Tarjeta Debito",,3,4086,,2,"  ",,,"BONELESS Estandar 1 $0.00,BURRITO DE CARNE ASADA Estandar 1 $0.00","CON QUESO $0.00,SALSA BÚFALO $0.00","para llevar BURRITO DE CARNE ASADA Estandar: sin cebolla y limones \n"
53528932,"Davilas CCU","305",0,1,"Claudia",,"11:44:48 04-10-2023",,,"11:44:50 04-10-2023","2023-10-04 11:50:00","Caja Davilas UDEM","Cancelada","Tarjeta ",129,,,"0.00",,,5,4086,"Tarjeta rechazada",2,"  ",,,"CHICKEN TENDERS Estandar 1 $0.00,FUZE TEA Estandar 1 $0.00","SALSA BBQ $0.00","FUZE TEA Estandar: De durazno\n"
53529032,"Davilas CCU","306",0,1,"Claudia",,"11:47:03 04-10-2023","11:47:05 04-10-2023","11:50:43 04-10-2023",,"2023-10-04 11:50:00","Caja Davilas UDEM","Lista","Tarjeta Tarjeta Debito",129,,,"0.00","Tarjeta Debito",,3,4086,,2,"  ",,,"CHICKEN TENDERS Estandar 1 $0.00,FUZE TEA Estandar 1 $0.00","SALSA BBQ $0.00",""
53530570,"Davilas CCU","307",0,1,"ClaudiaCruzReyes",,"12:21:27 04-10-2023","12:21:33 04-10-2023","12:24:59 04-10-2023",,"2023-10-04 12:25:00","Caja Davilas UDEM","Lista","Tarjeta Tarjeta Debito",105,,,"0.00","Tarjeta Debito",,3,4086,,2,"  ",,,"CHICKEN TENDERS Estandar 1 $0.00","SALSA BBQ $0.00",""
53533571,"Davilas CCU","308",0,1,"Valeria",,"13:17:24 04-10-2023","13:17:30 04-10-2023","13:19:36 04-10-2023",,"2023-10-04 13:20:00","Caja Davilas UDEM","Lista","Tarjeta Tarjeta Debito",105,,,"0.00","Tarjeta Debito",,3,4086,,2,"  ",,,"BONELESS Estandar 1 $0.00","SALSA BÚFALO $0.00",""
53535560,"Davilas CCU","309",0,1,"Lino Gustavo Garza Gaona",,"13:49:01 04-10-2023","13:49:07 04-10-2023","13:54:00 04-10-2023",,"2023-10-04 13:49:01","Caja Davilas UDEM","Lista","Tarjeta Tarjeta Credito",98,,,"0.00","Tarjeta Credito",,3,4086,,2,"  ",,,"BURRITO DE CARNE ASADA Estandar 1 $0.00","CON QUESO $0.00",""
53537432,"Davilas CCU","310",0,1,"Cecilia HP",,"14:17:40 04-10-2023","14:17:46 04-10-2023","14:21:44 04-10-2023",,"2023-10-04 14:17:40","Caja Davilas UDEM","Lista","Tarjeta Tarjeta Debito",120,,,"0.00","Tarjeta Debito",,3,4086,,2,"  ",,,"CAMPECHANA Estandar 1 $0.00,FUZE TEA Estandar 1 $0.00","CON QUESO $0.00",""
53538767,"Davilas CCU","311",0,1,"Javier",,"14:37:03 04-10-2023",,,"14:37:13 04-10-2023","2023-10-04 14:40:00","Caja Davilas UDEM","Cancelada","Tarjeta ",98,,,"0.00",,,5,4086,"Tarjeta rechazada",2,"  ",,,"HAMBURGUESA DE RES Estandar 1 $0.00",,""
53538981,"Davilas CCU","312",0,1,"Javier",,"14:40:42 04-10-2023",,,"14:40:51 04-10-2023","2023-10-04 14:40:43","Caja Davilas UDEM","Cancelada","Tarjeta ",98,,,"0.00",,,5,4086,"Tarjeta rechazada",2,"  ",,,"HAMBURGUESA DE RES Estandar 1 $0.00",,""
53540698,"Davilas CCU","313",0,1,"DanielPlata",,"15:12:28 04-10-2023","15:12:31 04-10-2023","15:19:02 04-10-2023",,"2023-10-04 15:15:00","Caja Davilas UDEM","Lista","Tarjeta Tarjeta Debito",105,,,"0.00","Tarjeta Debito",,3,4086,,2,"  ",,,"BONELESS Estandar 1 $0.00","SALSA BBQ $0.00","BONELESS Estandar: Si se puede 3 bbq y 3 Buffalo \n"
53571971,"Davilas CCU","314",0,1,"AlanSolis",,"15:43:32 05-10-2023","15:43:33 05-10-2023","15:51:16 05-10-2023",,"2023-10-05 15:45:00","Caja Davilas UDEM","Lista","Tarjeta Tarjeta Debito",163,,,"0.00","Tarjeta Debito",,3,4086,,2,"  ",,,"CAMPECHANA Estandar 1 $0.00,ORDEN PAPAS ESPECIALES Estandar 1 $0.00","CON QUESO $0.00,SALSA BÚFALO $6.00,ADEREZO RANCH $6.00","ORDEN PAPAS ESPECIALES Estandar: Sin queso\n"
53694179,"Davilas CCU","315",0,1,"ReynoldGaunaalatorre",,"11:44:05 10-10-2023","11:44:06 10-10-2023","11:46:43 10-10-2023",,"2023-10-10 11:45:00","Caja Davilas UDEM","Lista","Tarjeta Tarjeta Debito",116,,,"0.00","Tarjeta Debito",,3,4086,,2,"  ",,,"BURRITO DE CARNE ASADA Estandar 1 $0.00,AGUA NATURAL 600ML Estandar 1 $0.00","CON QUESO $0.00",""
53696024,"Davilas CCU","316",0,1,"Jorge Valenzuela",,"12:22:43 10-10-2023","12:22:45 10-10-2023","12:29:12 10-10-2023",,"2023-10-10 12:22:43","Caja Davilas UDEM","Lista","Tarjeta Tarjeta Debito",105,,,"0.00","Tarjeta Debito",,3,4086,,2,"  ",,,"BONELESS Estandar 1 $0.00","SALSA BÚFALO $0.00",""
53698741,"Davilas CCU","317",0,1,"Erickhernandezcalva",,"13:13:37 10-10-2023","13:13:41 10-10-2023","13:23:58 10-10-2023",,"2023-10-10 13:15:00","Caja Davilas UDEM","Lista","Tarjeta Tarjeta Debito",105,,,"0.00","Tarjeta Debito",,3,4086,,2,"  ",,,"BONELESS Estandar 1 $0.00","SALSA BÚFALO $0.00",""
53699634,"Davilas CCU","318",0,1,"Ramon",,"13:27:07 10-10-2023","13:27:11 10-10-2023","13:34:18 10-10-2023",,"2023-10-10 13:30:00","Caja Davilas UDEM","Lista","Tarjeta Tarjeta Debito",98,,,"0.00","Tarjeta Debito",,3,4086,,2,"  ",,,"HAMBURGUESA DE POLLO Estandar 1 $0.00",,""
53699998,"Davilas CCU","319",0,1,"Valeria",,"13:32:29 10-10-2023","13:32:35 10-10-2023","13:37:51 10-10-2023",,"2023-10-10 13:35:00","Caja Davilas UDEM","Lista","Tarjeta Tarjeta Debito",92,,,"0.00","Tarjeta Debito",,3,4086,,2,"  ",,,"TORTA DE PIERNA Estandar 1 $0.00",,""
53700504,"Davilas CCU","320",0,1,"LuzReyes",,"13:40:18 10-10-2023","13:40:20 10-10-2023","13:45:38 10-10-2023",,"2023-10-10 13:40:18","Caja Davilas UDEM","Lista","Tarjeta Tarjeta Debito",120,,,"0.00","Tarjeta Debito",,3,4086,,2,"  ",,,"PAPA ASADA CON TROMPO Estandar 1 $0.00,FUZE TEA Estandar 1 $0.00",,""
53701761,"Davilas CCU","321",0,1,"Rodrigo Gómez ",,"14:01:39 10-10-2023","14:01:41 10-10-2023","14:03:52 10-10-2023",,"2023-10-10 14:01:39","Caja Davilas UDEM","Lista","Tarjeta Tarjeta Debito",105,,,"0.00","Tarjeta Debito",,3,4086,,2,"  ",,,"CHICKEN TENDERS Estandar 1 $0.00","SALSA BÚFALO $0.00",""
53703128,"Davilas CCU","322",0,1,"Rafael Woodward Jiménez ",,"14:22:29 10-10-2023","14:22:36 10-10-2023","14:25:23 10-10-2023",,"2023-10-10 14:22:39","Caja Davilas UDEM","Lista","Tarjeta Tarjeta Debito",92,,,"0.00","Tarjeta Debito",,3,4086,,2,"  ",,,"ALITAS Estandar 1 $0.00","SALSA BÚFALO $0.00",""
53703847,"Davilas CCU","323",0,1,"RocioGomezTagleRangel",,"14:33:58 10-10-2023","14:34:04 10-10-2023","14:37:59 10-10-2023",,"2023-10-10 14:35:00","Caja Davilas UDEM","Lista","Tarjeta Tarjeta Debito",129,,,"0.00","Tarjeta Debito",,3,4086,,2,"  ",,,"BONELESS Estandar 1 $0.00,FUZE TEA Estandar 1 $0.00","SALSA BÚFALO $0.00",""
53704666,"Davilas CCU","324",0,1,"Valeria",,"14:47:29 10-10-2023","14:47:30 10-10-2023","14:52:13 10-10-2023",,"2023-10-10 14:50:00","Caja Davilas UDEM","Lista","Tarjeta Tarjeta Debito",98,,,"0.00","Tarjeta Debito",,3,4086,,2,"  ",,,"HAMBURGUESA DE RES Estandar 1 $0.00",,""
53710130,"Davilas CCU","325",0,1,"Martín Mauricio Canizales Pérez ",,"17:02:38 10-10-2023","17:02:40 10-10-2023","17:05:46 10-10-2023",,"2023-10-10 17:02:38","Caja Davilas UDEM","Lista","Tarjeta Tarjeta Debito",98,,,"0.00","Tarjeta Debito",,3,4086,,2,"  ",,,"HAMBURGUESA DE RES Estandar 1 $0.00",,""
53715492,"Davilas CCU","326",0,1,"SamanthaCastilloMontero",,"08:38:06 11-10-2023",,,"08:38:07 11-10-2023","2023-10-11 13:45:00","Caja Davilas UDEM","Cancelada","Tarjeta ",110,,,"0.00",,,5,4086,"Tarjeta rechazada",2,"  ",,,"BURRITO DE CARNE ASADA Estandar 1 $0.00,QUESO EXTRA Estandar 1 $0.00","CON QUESO $0.00","BURRITO DE CARNE ASADA Estandar: Holaa Porfi que el queso sea blanco y la salsa a un lado  osea nadamas carne y quesito \n"
53717321,"Davilas CCU","327",0,1,"SamanthaCastilloMontero",,"09:40:46 11-10-2023","09:40:47 11-10-2023","11:52:04 11-10-2023",,"2023-10-11 09:40:46","Caja Davilas UDEM","Lista","Tarjeta Tarjeta Debito",110,,,"0.00","Tarjeta Debito",,3,4086,,2,"  ",,,"BURRITO DE CARNE ASADA Estandar 1 $0.00,QUESO EXTRA Estandar 1 $0.00","CON QUESO $0.00",""
53722731,"Davilas CCU","328",0,1,"José Emilio Ocura Armijo ",,"11:42:49 11-10-2023","11:42:54 11-10-2023","11:46:06 11-10-2023",,"2023-10-11 11:42:49","Caja Davilas UDEM","Lista","Tarjeta Tarjeta Debito",55,,,"0.00","Tarjeta Debito",,3,4086,,2,"  ",,,"ORDEN PAPAS ESPECIALES Estandar 1 $0.00",,""
53722916,"Davilas CCU","329",0,1,"Elsa",,"11:47:14 11-10-2023",,,"11:47:19 11-10-2023","2023-10-11 11:50:00","Caja Davilas UDEM","Cancelada","Tarjeta ",116,,,"0.00",,,5,4086,"Tarjeta rechazada",2,"  ",,,"ORDEN PAPAS ESPECIALES Estandar 1 $0.00,ORDEN PAPAS ESPECIALES Estandar 1 $0.00","SALSA BBQ $6.00",""
53723100,"Davilas CCU","330",0,1,"Jacopo",,"11:52:42 11-10-2023",,,"11:52:43 11-10-2023","2023-10-11 11:55:00","Caja Davilas UDEM","Cancelada","Tarjeta ",98,,,"0.00",,,5,4086,"Tarjeta rechazada",2,"  ",,,"BURRITO DE CARNE ASADA Estandar 1 $0.00","CON QUESO $0.00",""
53723708,"Davilas CCU","331",0,1,"Guilbaud ",,"12:06:48 11-10-2023",,,"12:06:53 11-10-2023","2023-10-11 12:06:48","Caja Davilas UDEM","Cancelada","Tarjeta ",98,,,"0.00",,,5,4086,"Tarjeta rechazada",2,"  ",,,"HAMBURGUESA DE POLLO Estandar 1 $0.00",,""
53723790,"Davilas CCU","332",0,1,"Guilbaud ",,"12:08:32 11-10-2023",,,"12:08:37 11-10-2023","2023-10-11 12:08:32","Caja Davilas UDEM","Cancelada","Tarjeta ",98,,,"0.00",,,5,4086,"Tarjeta rechazada",2,"  ",,,"HAMBURGUESA DE POLLO Estandar 1 $0.00",,""
53724301,"Davilas CCU","333",0,1,"raul",,"12:19:17 11-10-2023",,,"12:19:20 11-10-2023","2023-10-11 12:19:17","Caja Davilas UDEM","Cancelada","Tarjeta ",55,,,"0.00",,,5,4086,"Tarjeta rechazada",2,"  ",,,"ORDEN PAPAS ESPECIALES Estandar 1 $0.00",,""
53726893,"Davilas CCU","334",0,1,"Valeria",,"13:12:17 11-10-2023","13:12:20 11-10-2023","13:18:53 11-10-2023",,"2023-10-11 13:15:00","Caja Davilas UDEM","Lista","Tarjeta Tarjeta Debito",119,,,"0.00","Tarjeta Debito",,3,4086,,2,"  ",,,"PAPA ASADA CON CARNE ASADA Estandar 1 $0.00,AGUA 1 LITRO Estandar 1 $0.00",,""
53729428,"Davilas CCU","335",0,1,"AlexanderHernández",,"13:53:13 11-10-2023","13:53:16 11-10-2023","14:04:53 11-10-2023",,"2023-10-11 13:55:00","Caja Davilas UDEM","Lista","Tarjeta Tarjeta Credito",98,,,"0.00","Tarjeta Credito",,3,4086,,2,"  ",,,"HAMBURGUESA DE POLLO Estandar 1 $0.00",,""
53729438,"Davilas CCU","336",0,1,"paloma",,"13:53:26 11-10-2023","13:53:30 11-10-2023","14:03:17 11-10-2023",,"2023-10-11 13:55:00","Caja Davilas UDEM","Lista","Tarjeta Tarjeta Debito",120,,,"0.00","Tarjeta Debito",,3,4086,,2,"  ",,,"PAPA ASADA CON TROMPO Estandar 1 $0.00,FUZE TEA Estandar 1 $0.00",,""
53732816,"Davilas CCU","337",0,1,"Rafael Woodward Jiménez ",,"14:47:00 11-10-2023","14:47:03 11-10-2023","14:51:21 11-10-2023",,"2023-10-11 14:47:10","Caja Davilas UDEM","Lista","Tarjeta Tarjeta Debito",40,,,"0.00","Tarjeta Debito",,3,4086,,2,"  ",,,"ORDEN DE PAPAS Estandar 1 $0.00",,""
53733506,"Davilas CCU","338",0,1,"Rafael Woodward Jiménez ",,"14:58:53 11-10-2023","14:59:00 11-10-2023","15:01:38 11-10-2023",,"2023-10-11 14:59:04","Caja Davilas UDEM","Lista","Tarjeta Tarjeta Debito",46,,,"0.00","Tarjeta Debito",,3,4086,,2,"  ",,,"ORDEN DE PAPAS Estandar 1 $0.00","SALSA BBQ $6.00",""
53744399,"Davilas CCU","339",0,1,"ReynoldGaunaalatorre",,"08:28:00 12-10-2023","08:28:01 12-10-2023","14:25:32 12-10-2023",,"2023-10-12 08:30:00","Caja Davilas UDEM","Lista","Tarjeta Tarjeta Debito",96,,,"0.00","Tarjeta Debito",,3,4086,,2,"  ",,,"CAMPECHANA Estandar 1 $0.00","CON QUESO $0.00",""
53754646,"Davilas CCU","340",0,1,"Missael Jonathan sanchez Zúñiga ",,"12:47:48 12-10-2023",,,"12:47:51 12-10-2023","2023-10-12 12:47:48","Caja Davilas UDEM","Cancelada","Tarjeta ",55,,,"0.00",,,5,4086,"Tarjeta rechazada",2,"  ",,,"ORDEN PAPAS ESPECIALES Estandar 1 $0.00",,""
53755625,"Davilas CCU","341",0,1,"Andres",,"13:04:24 12-10-2023","13:04:31 12-10-2023","13:08:20 12-10-2023",,"2023-10-12 13:05:00","Caja Davilas UDEM","Lista","Tarjeta Tarjeta Debito",105,,,"0.00","Tarjeta Debito",,3,4086,,2,"  ",,,"CHICKEN TENDERS Estandar 1 $0.00","SALSA BÚFALO $0.00",""
53758163,"Davilas CCU","342",0,1,"Ricardo Joel Canizales Pérez",,"13:42:39 12-10-2023","13:42:44 12-10-2023","13:48:00 12-10-2023",,"2023-10-12 13:42:39","Caja Davilas UDEM","Lista","Tarjeta Tarjeta Debito",98,,,"0.00","Tarjeta Debito",,3,4086,,2,"  ",,,"BURRITO DE CARNE ASADA Estandar 1 $0.00","CON QUESO $0.00","Si tienen chipotle podran poder un vasito por favor"
53759375,"Davilas CCU","343",0,1,"Carlos",,"14:03:46 12-10-2023","14:03:52 12-10-2023","14:24:42 12-10-2023",,"2023-10-12 16:00:00","Caja Davilas UDEM","Lista","Tarjeta Tarjeta Credito",96,,,"0.00","Tarjeta Credito",,3,4086,,2,"  ",,,"DEDOS DE QUESO Estandar 1 $0.00",,""
53760471,"Davilas CCU","344",0,1,"Rafael Woodward Jiménez ",,"14:20:27 12-10-2023","14:20:30 12-10-2023","14:24:45 12-10-2023",,"2023-10-12 14:20:46","Caja Davilas UDEM","Lista","Tarjeta Tarjeta Debito",99,,,"0.00","Tarjeta Debito",,3,4086,,2,"  ",,,"ALITAS Estandar 1 $0.00,SALSA BÚFALO Estandar 1 $0.00","SALSA BÚFALO $0.00",""
53785244,"Davilas CCU","345",0,1,"Carlos García",,"12:41:20 13-10-2023","12:41:25 13-10-2023","12:44:47 13-10-2023",,"2023-10-13 12:41:20","Caja Davilas UDEM","Lista","Tarjeta Tarjeta Credito",40,,,"0.00","Tarjeta Credito",,3,4086,,2,"  ",,,"ORDEN DE PAPAS Estandar 1 $0.00",,""
53786082,"Davilas CCU","346",0,1,"Karla",,"12:53:08 13-10-2023","12:53:11 13-10-2023","13:09:48 13-10-2023",,"2023-10-13 12:55:00","Caja Davilas UDEM","Lista","Tarjeta Tarjeta Debito",98,,,"0.00","Tarjeta Debito",,3,4086,,2,"  ",,,"HAMBURGUESA DE RES Estandar 1 $0.00",,"orden para llevarHAMBURGUESA DE RES Estandar: sin tomate y jalapeo\n"
53787143,"Davilas CCU","347",0,1,"Ramon",,"13:10:46 13-10-2023","13:10:52 13-10-2023","13:19:16 13-10-2023",,"2023-10-13 13:10:46","Caja Davilas UDEM","Lista","Tarjeta Tarjeta Debito",92,,,"0.00","Tarjeta Debito",,3,4086,,2,"  ",,,"ALITAS Estandar 1 $0.00","SALSA BBQ $0.00",""
53787312,"Davilas CCU","348",0,1,"NicolGarcía",,"13:13:04 13-10-2023","13:13:05 13-10-2023","13:19:23 13-10-2023",,"2023-10-13 13:15:00","Caja Davilas UDEM","Lista","Tarjeta Tarjeta Debito",105,,,"0.00","Tarjeta Debito",,3,4086,,2,"  ",,,"BONELESS Estandar 1 $0.00","SALSA BBQ $0.00",""
53787467,"Davilas CCU","349",0,1,"Sergio",,"13:15:38 13-10-2023","13:15:42 13-10-2023","13:19:29 13-10-2023",,"2023-10-13 13:15:38","Caja Davilas UDEM","Lista","Tarjeta Tarjeta Debito",98,,,"0.00","Tarjeta Debito",,3,4086,,2,"  ",,,"HAMBURGUESA DE POLLO Estandar 1 $0.00",,""
53787795,"Davilas CCU","350",0,1,"FernandoDávila",,"13:19:48 13-10-2023","13:19:50 13-10-2023","18:42:46 13-10-2023",,"2023-10-13 13:20:00","Caja Davilas UDEM","Lista","Tarjeta Tarjeta Debito",105,,,"0.00","Tarjeta Debito",,3,4086,,2,"  ",,,"BONELESS Estandar 1 $0.00","SALSA BÚFALO $0.00",""
53788251,"Davilas CCU","351",0,1,"LilianaPérezAguilar",,"13:25:58 13-10-2023","13:26:00 13-10-2023","18:42:29 13-10-2023",,"2023-10-13 13:25:58","Caja Davilas UDEM","Lista","Tarjeta Tarjeta Debito",129,,,"0.00","Tarjeta Debito",,3,4086,,2,"  ",,,"BONELESS Estandar 1 $0.00,FUZE TEA Estandar 1 $0.00","SALSA BÚFALO $0.00",""
53793105,"Davilas CCU","352",0,1,"AntonioArizpe",,"14:36:55 13-10-2023","14:37:00 13-10-2023","18:42:27 13-10-2023",,"2023-10-13 14:40:00","Caja Davilas UDEM","Lista","Tarjeta Tarjeta Credito",98,,,"0.00","Tarjeta Credito",,3,4086,,2,"  ",,,"BURRITO DE CARNE ASADA Estandar 1 $0.00","CON QUESO $0.00",""
53800960,"Davilas CCU","353",0,1,"Isabella",,"17:21:57 13-10-2023",,,"17:22:02 13-10-2023","2023-10-13 17:25:00","Caja Davilas UDEM","Cancelada","Tarjeta ",160,,,"0.00",,,5,4086,"Tarjeta rechazada",2,"  ",,,"CHICKEN TENDERS Estandar 1 $0.00,ORDEN PAPAS ESPECIALES Estandar 1 $0.00","SALSA BÚFALO $0.00",""
53801006,"Davilas CCU","354",0,1,"Isabella",,"17:23:52 13-10-2023",,,"17:24:00 13-10-2023","2023-10-13 17:25:00","Caja Davilas UDEM","Cancelada","Tarjeta ",160,,,"0.00",,,5,4086,"Tarjeta rechazada",2,"  ",,,"CHICKEN TENDERS Estandar 1 $0.00,ORDEN PAPAS ESPECIALES Estandar 1 $0.00","SALSA BÚFALO $0.00",""
53802795,"Davilas CCU","355",0,1,"Ricardo Joel Canizales Pérez",,"18:28:11 13-10-2023","18:28:15 13-10-2023","18:42:24 13-10-2023",,"2023-10-13 18:28:11","Caja Davilas UDEM","Lista","Tarjeta Tarjeta Debito",98,,,"0.00","Tarjeta Debito",,3,4086,,2,"  ",,,"HAMBURGUESA DE POLLO Estandar 1 $0.00",,""
53868648,"Davilas CCU","356",0,1,"Mildred Soto",,"12:15:23 16-10-2023",,,"12:15:25 16-10-2023","2023-10-16 12:15:23","Caja Davilas UDEM","Cancelada","Tarjeta ",96,,,"0.00",,,5,4086,"Tarjeta rechazada",2,"  ",,,"CAMPECHANA Estandar 1 $0.00","CON QUESO $0.00",""
53868769,"Davilas CCU","357",0,1,"Mildred Soto",,"12:17:43 16-10-2023",,,"12:17:46 16-10-2023","2023-10-16 12:17:43","Caja Davilas UDEM","Cancelada","Tarjeta ",96,,,"0.00",,,5,4086,"Tarjeta rechazada",2,"  ",,,"CAMPECHANA Estandar 1 $0.00","CON QUESO $0.00",""
53870821,"Davilas CCU","358",0,1,"Daniela",,"12:57:57 16-10-2023","12:57:59 16-10-2023","13:03:07 16-10-2023",,"2023-10-16 13:00:00","Caja Davilas UDEM","Lista","Tarjeta Tarjeta Debito",105,,,"0.00","Tarjeta Debito",,3,4086,,2,"  ",,,"BONELESS Estandar 1 $0.00","SALSA BÚFALO $0.00",""
53871017,"Davilas CCU","359",0,1,"Owen frangos",,"13:01:32 16-10-2023","13:01:37 16-10-2023","13:07:20 16-10-2023",,"2023-10-16 13:01:32","Caja Davilas UDEM","Lista","Tarjeta Tarjeta Credito",98,,,"0.00","Tarjeta Credito",,3,4086,,2,"  ",,,"HAMBURGUESA DE RES Estandar 1 $0.00",,""
53872308,"Davilas CCU","360",0,1,"Diego Padilla Schekaiban",,"13:19:56 16-10-2023",,,"13:20:02 16-10-2023","2023-10-16 13:19:56","Caja Davilas UDEM","Cancelada","Tarjeta ",55,,,"0.00",,,5,4086,"Tarjeta rechazada",2,"  ",,,"ORDEN PAPAS ESPECIALES Estandar 1 $0.00",,""
53872485,"Davilas CCU","361",0,1,"Diego Padilla Schekaiban",,"13:22:45 16-10-2023",,,"13:22:46 16-10-2023","2023-10-16 13:22:45","Caja Davilas UDEM","Cancelada","Tarjeta ",55,,,"0.00",,,5,4086,"Tarjeta rechazada",2,"  ",,,"ORDEN PAPAS ESPECIALES Estandar 1 $0.00",,""
53872544,"Davilas CCU","362",0,1,"Diego Padilla Schekaiban",,"13:23:32 16-10-2023","13:23:33 16-10-2023","13:32:46 16-10-2023",,"2023-10-16 13:23:32","Caja Davilas UDEM","Lista","Tarjeta Tarjeta Credito",55,,,"0.00","Tarjeta Credito",,3,4086,,2,"  ",,,"ORDEN PAPAS ESPECIALES Estandar 1 $0.00",,""
53873519,"Davilas CCU","363",0,1,"FernandoDávila",,"13:37:38 16-10-2023","13:37:42 16-10-2023","14:09:03 16-10-2023",,"2023-10-16 14:30:00","Caja Davilas UDEM","Lista","Tarjeta Tarjeta Debito",105,,,"0.00","Tarjeta Debito",,3,4086,,2,"  ",,,"CHICKEN TENDERS Estandar 1 $0.00","SALSA BBQ $0.00",""
53874449,"Davilas CCU","364",0,1,"Rodrigo Gómez ",,"13:52:03 16-10-2023","13:52:06 16-10-2023","13:58:36 16-10-2023",,"2023-10-16 13:52:03","Caja Davilas UDEM","Lista","Tarjeta Tarjeta Debito",105,,,"0.00","Tarjeta Debito",,3,4086,,2,"  ",,,"CHICKEN TENDERS Estandar 1 $0.00","SALSA BÚFALO $0.00",""
53876914,"Davilas CCU","365",0,1,"GaelArias",,"14:28:34 16-10-2023","14:28:38 16-10-2023","14:32:19 16-10-2023",,"2023-10-16 14:30:00","Caja Davilas UDEM","Lista","Tarjeta Tarjeta Debito",105,,,"0.00","Tarjeta Debito",,3,4086,,2,"  ",,,"CHICKEN TENDERS Estandar 1 $0.00","SALSA BÚFALO $0.00",""
53877488,"Davilas CCU","366",0,1,"Paula",,"14:36:28 16-10-2023","14:36:29 16-10-2023","14:57:27 16-10-2023",,"2023-10-16 14:40:00","Caja Davilas UDEM","Lista","Tarjeta Tarjeta Debito",96,,,"0.00","Tarjeta Debito",,3,4086,,2,"  ",,,"DEDOS DE QUESO Estandar 1 $0.00",,""
53877901,"Davilas CCU","367",0,1,"SebastiánFlores",,"14:42:36 16-10-2023","14:42:38 16-10-2023","14:57:43 16-10-2023",,"2023-10-16 14:45:00","Caja Davilas UDEM","Lista","Tarjeta Tarjeta Debito",145,,,"0.00","Tarjeta Debito",,3,4086,,2,"  ",,,"BONELESS Estandar 1 $0.00,ORDEN DE PAPAS Estandar 1 $0.00","SALSA BÚFALO $0.00",""
53879262,"Davilas CCU","368",0,1,"Rafael Woodward Jiménez ",,"15:03:39 16-10-2023","15:03:43 16-10-2023","15:11:59 16-10-2023",,"2023-10-16 15:04:01","Caja Davilas UDEM","Lista","Tarjeta Tarjeta Debito",40,,,"0.00","Tarjeta Debito",,3,4086,,2,"  ",,,"ORDEN DE PAPAS Estandar 1 $0.00",,""
53881273,"Davilas CCU","369",0,1,"AlanSolis",,"15:39:37 16-10-2023","15:39:42 16-10-2023","15:41:28 16-10-2023",,"2023-10-16 15:40:00","Caja Davilas UDEM","Lista","Tarjeta Tarjeta Debito",105,,,"0.00","Tarjeta Debito",,3,4086,,2,"  ",,,"BONELESS Estandar 1 $0.00","SALSA BÚFALO $0.00",""
53882159,"Davilas CCU","370",0,1,"Carlos",,"15:59:06 16-10-2023","15:59:11 16-10-2023","16:07:29 16-10-2023",,"2023-10-16 16:00:00","Caja Davilas UDEM","Lista","Tarjeta Tarjeta Credito",96,,,"0.00","Tarjeta Credito",,3,4086,,2,"  ",,,"DEDOS DE QUESO Estandar 1 $0.00",,""
53883368,"Davilas CCU","371",0,1,"JesseCordova",,"16:26:40 16-10-2023",,,"16:26:42 16-10-2023","2023-10-16 16:30:00","Caja Davilas UDEM","Cancelada","Tarjeta ",105,,,"0.00",,,5,4086,"Tarjeta rechazada",2,"  ",,,"CHICKEN TENDERS Estandar 1 $0.00","SALSA BBQ $0.00",""
53885613,"Davilas CCU","372",0,1,"EmilioTorres",,"17:32:56 16-10-2023","17:32:58 16-10-2023","17:48:59 16-10-2023",,"2023-10-16 17:35:00","Caja Davilas UDEM","Lista","Tarjeta Tarjeta Debito",105,,,"0.00","Tarjeta Debito",,3,4086,,2,"  ",,,"BONELESS Estandar 1 $0.00","SALSA BÚFALO $0.00",""
53898974,"Davilas CCU","373",0,1,"Rafael Woodward Jiménez ",,"12:08:58 17-10-2023",,,"12:09:01 17-10-2023","2023-10-17 12:09:22","Caja Davilas UDEM","Cancelada","Tarjeta ",92,,,"0.00",,,5,4086,"Tarjeta rechazada",2,"  ",,,"ALITAS Estandar 1 $0.00","SALSA BBQ $0.00",""
53899400,"Davilas CCU","374",0,1,"Rafael Woodward Jiménez ",,"12:17:34 17-10-2023",,,"12:17:38 17-10-2023","2023-10-17 12:17:57","Caja Davilas UDEM","Cancelada","Tarjeta ",92,,,"0.00",,,5,4086,"Tarjeta rechazada",2,"  ",,,"ALITAS Estandar 1 $0.00","SALSA BBQ $0.00",""
53900543,"Davilas CCU","375",0,1,"JoseArcadioSotoRamirez",,"12:41:16 17-10-2023",,,"12:41:21 17-10-2023","2023-10-17 12:45:00","Caja Davilas UDEM","Cancelada","Tarjeta ",192,,,"0.00",,,5,4086,"Tarjeta rechazada",2,"  ",,,"CAMPECHANA Estandar 2 $0.00","CON QUESO $0.00",""
53900625,"Davilas CCU","376",0,1,"JoseArcadioSotoRamirez",,"12:42:50 17-10-2023","12:42:52 17-10-2023","12:47:47 17-10-2023",,"2023-10-17 12:45:00","Caja Davilas UDEM","Lista","Tarjeta Tarjeta Credito",192,,,"0.00","Tarjeta Credito",,3,4086,,2,"  ",,,"CAMPECHANA Estandar 2 $0.00","CON QUESO $0.00",""
53901077,"Davilas CCU","377",0,1,"JoséRodrigoMarquezRosales",,"12:51:40 17-10-2023","12:51:45 17-10-2023","12:56:09 17-10-2023",,"2023-10-17 12:55:00","Caja Davilas UDEM","Lista","Tarjeta Tarjeta Debito",98,,,"0.00","Tarjeta Debito",,3,4086,,2,"  ",,,"BURRITO DE CARNE ASADA Estandar 1 $0.00","CON QUESO $0.00",""
53901126,"Davilas CCU","378",0,1,"norberto ",,"12:52:35 17-10-2023","12:52:36 17-10-2023","12:54:23 17-10-2023",,"2023-10-17 12:52:35","Caja Davilas UDEM","Lista","Tarjeta Tarjeta Credito",105,,,"0.00","Tarjeta Credito",,3,4086,,2,"  ",,,"CHICKEN TENDERS Estandar 1 $0.00","SALSA BBQ $0.00",""
53901715,"Davilas CCU","379",0,1,"norberto ",,"13:02:13 17-10-2023","13:02:17 17-10-2023","13:09:33 17-10-2023",,"2023-10-17 13:02:13","Caja Davilas UDEM","Lista","Tarjeta Tarjeta Debito",105,,,"0.00","Tarjeta Debito",,3,4086,,2,"  ",,,"CHICKEN TENDERS Estandar 1 $0.00","SALSA BBQ $0.00",""
53902805,"Davilas CCU","380",0,1,"MarianoGonzalez",,"13:19:04 17-10-2023",,,"13:19:09 17-10-2023","2023-10-17 13:20:00","Caja Davilas UDEM","Cancelada","Tarjeta ",127,,,"0.00",,,5,4086,"Tarjeta rechazada",2,"  ",,,"CHICKEN TENDERS Estandar 1 $0.00,AGUA 1 LITRO Estandar 1 $0.00","SALSA BBQ $0.00",""
53903457,"Davilas CCU","381",0,1,"Karla",,"13:28:58 17-10-2023","13:29:05 17-10-2023","13:35:36 17-10-2023",,"2023-10-17 13:30:00","Caja Davilas UDEM","Lista","Tarjeta Tarjeta Debito",96,,,"0.00","Tarjeta Debito",,3,4086,,2,"  ",,,"PAPA ASADA CON TROMPO Estandar 1 $0.00",,"orden para llevarPAPA ASADA CON TROMPO Estandar: papa mixta\n"
53903657,"Davilas CCU","382",0,1,"EvelynMelissa",,"13:32:10 17-10-2023","13:32:12 17-10-2023","13:40:08 17-10-2023",,"2023-10-17 13:35:00","Caja Davilas UDEM","Lista","Tarjeta Tarjeta Debito",96,,,"0.00","Tarjeta Debito",,3,4086,,2,"  ",,,"CAMPECHANA Estandar 1 $0.00","CON QUESO $0.00",""
53905626,"Davilas CCU","383",0,1,"Claudia",,"14:02:25 17-10-2023","14:02:31 17-10-2023","14:13:44 17-10-2023",,"2023-10-17 14:30:00","Caja Davilas UDEM","Lista","Tarjeta Tarjeta Debito",129,,,"0.00","Tarjeta Debito",,3,4086,,2,"  ",,,"CHICKEN TENDERS Estandar 1 $0.00,FUZE TEA Estandar 1 $0.00","SALSA BBQ $0.00",""
53906033,"Davilas CCU","384",0,1,"Pablo",,"14:08:20 17-10-2023","14:08:23 17-10-2023","14:13:26 17-10-2023",,"2023-10-17 14:10:00","Caja Davilas UDEM","Lista","Tarjeta Tarjeta Debito",112,,,"0.00","Tarjeta Debito",,3,4086,,2,"  ",,,"CHICKEN TENDERS Estandar 1 $0.00,SALSA BÚFALO Estandar 1 $0.00","SALSA BÚFALO $0.00",""
53906163,"Davilas CCU","385",0,1,"Jorge Valenzuela",,"14:10:06 17-10-2023",,,"14:10:07 17-10-2023","2023-10-17 14:10:06","Caja Davilas UDEM","Cancelada","Tarjeta ",105,,,"0.00",,,5,4086,"Tarjeta rechazada",2,"  ",,,"BONELESS Estandar 1 $0.00","SALSA BÚFALO $0.00",""
53906227,"Davilas CCU","386",0,1,"Jorge Valenzuela",,"14:10:57 17-10-2023",,,"14:11:00 17-10-2023","2023-10-17 14:10:57","Caja Davilas UDEM","Cancelada","Tarjeta ",105,,,"0.00",,,5,4086,"Tarjeta rechazada",2,"  ",,,"BONELESS Estandar 1 $0.00","SALSA BÚFALO $0.00",""
53906262,"Davilas CCU","387",0,1,"Jorge Valenzuela",,"14:11:25 17-10-2023",,,"14:11:30 17-10-2023","2023-10-17 14:11:25","Caja Davilas UDEM","Cancelada","Tarjeta ",105,,,"0.00",,,5,4086,"Tarjeta rechazada",2,"  ",,,"BONELESS Estandar 1 $0.00","SALSA BÚFALO $0.00",""
53906688,"Davilas CCU","388",0,1,"Frida",,"14:17:19 17-10-2023","14:17:21 17-10-2023","15:09:16 17-10-2023",,"2023-10-17 14:20:00","Caja Davilas UDEM","Lista","Tarjeta Tarjeta Credito",123,,,"0.00","Tarjeta Credito",,3,4086,,2,"  ",,,"BONELESS Estandar 1 $0.00,AGUA NATURAL 600ML Estandar 1 $0.00","SALSA BÚFALO $0.00",""
53909583,"Davilas CCU","389",0,1,"Valeria",,"15:04:30 17-10-2023","15:04:31 17-10-2023","15:09:03 17-10-2023",,"2023-10-17 15:05:00","Caja Davilas UDEM","Lista","Tarjeta Tarjeta Debito",98,,,"0.00","Tarjeta Debito",,3,4086,,2,"  ",,,"TORTA DE CARNE ASADA Estandar 1 $0.00",,""
53912784,"Davilas CCU","390",0,1,"Martín Mauricio Canizales Pérez ",,"16:09:20 17-10-2023","16:09:26 17-10-2023","16:14:04 17-10-2023",,"2023-10-17 16:09:20","Caja Davilas UDEM","Lista","Tarjeta Tarjeta Debito",98,,,"0.00","Tarjeta Debito",,3,4086,,2,"  ",,,"HAMBURGUESA DE RES Estandar 1 $0.00",,""
53913541,"Davilas CCU","391",0,1,"LorenaMoralesVázquez",,"16:29:05 17-10-2023","16:29:09 17-10-2023",,,"2023-10-17 16:30:00","Caja Davilas UDEM","Procesándose","Tarjeta Tarjeta Debito",135,,,"0.00","Tarjeta Debito",,2,4086,,2,"  ",,,"CHICKEN TENDERS Estandar 1 $0.00,FUZE TEA Estandar 1 $0.00,ADEREZO RANCH Estandar 1 $0.00","SALSA BÚFALO $0.00","Fuze tea de tapa amarilla si no una cocacola de lata "
53929874,"Davilas CCU","392",0,1,"EvelynMelissa",,"12:31:40 18-10-2023","12:31:46 18-10-2023","12:36:39 18-10-2023",,"2023-10-18 12:35:00","Caja Davilas UDEM","Lista","Tarjeta Tarjeta Debito",96,,,"0.00","Tarjeta Debito",,3,4086,,2,"  ",,,"CAMPECHANA Estandar 1 $0.00","CON QUESO $0.00",""
53930406,"Davilas CCU","393",0,1,"DianaGonzález",,"12:42:30 18-10-2023","12:42:37 18-10-2023","12:47:27 18-10-2023",,"2023-10-18 12:45:00","Caja Davilas UDEM","Lista","Tarjeta Tarjeta Credito",105,,,"0.00","Tarjeta Credito",,3,4086,,2,"  ",,,"CHICKEN TENDERS Estandar 1 $0.00","SALSA BBQ $0.00",""
53935944,"Davilas CCU","394",0,1,"SofiaAlvarado",,"14:12:37 18-10-2023","14:12:39 18-10-2023","14:17:44 18-10-2023",,"2023-10-18 14:15:00","Caja Davilas UDEM","Lista","Tarjeta Tarjeta Debito",105,,,"0.00","Tarjeta Debito",,3,4086,,2,"  ",,,"BONELESS Estandar 1 $0.00","SALSA BÚFALO $0.00",""
53936347,"Davilas CCU","395",0,1,"annajosecalderon",,"14:18:18 18-10-2023","14:18:23 18-10-2023","14:20:03 18-10-2023",,"2023-10-18 14:20:00","Caja Davilas UDEM","Lista","Tarjeta Tarjeta Debito",176,,,"0.00","Tarjeta Debito",,3,4086,,2,"  ",,,"DEDOS DE QUESO Estandar 1 $0.00,ORDEN DE PAPAS Estandar 1 $0.00,ORDEN DE PAPAS Estandar 1 $0.00",,""
53959508,"Davilas CCU","396",0,0,"Lino Gustavo Garza Gaona",,"12:26:45 19-10-2023",,,"12:38:00 19-10-2023","2023-10-19 13:00:00",,"Cancelada","Tarjeta ",98,,,"0.00",,,5,,"Problemas de internet por parte del establecimiento",2,"  ",,,"BURRITO DE CARNE ASADA Estandar 1 $0.00","SIN QUESO $0.00",""
53960883,"Davilas CCU","397",0,1,"Lino Gustavo Garza Gaona",,"12:54:52 19-10-2023","12:54:58 19-10-2023","13:00:36 19-10-2023",,"2023-10-19 12:54:52","Caja Davilas UDEM","Lista","Tarjeta Tarjeta Credito",98,,,"0.00","Tarjeta Credito",,3,4086,,2,"  ",,,"BURRITO DE CARNE ASADA Estandar 1 $0.00","SIN QUESO $0.00",""
53961810,"Davilas CCU","398",0,1,"Owen frangos",,"13:10:06 19-10-2023","13:10:08 19-10-2023","13:15:58 19-10-2023",,"2023-10-19 13:10:06","Caja Davilas UDEM","Lista","Tarjeta Tarjeta Credito",105,,,"0.00","Tarjeta Credito",,3,4086,,2,"  ",,,"BONELESS Estandar 1 $0.00","SALSA BÚFALO $0.00",""
53962051,"Davilas CCU","399",0,1,"Eduardo Oyervides ",,"13:13:27 19-10-2023","13:13:34 19-10-2023","13:15:57 19-10-2023",,"2023-10-19 13:13:27","Caja Davilas UDEM","Lista","Tarjeta Tarjeta Credito",105,,,"0.00","Tarjeta Credito",,3,4086,,2,"  ",,,"BONELESS Estandar 1 $0.00","NATURALES $0.00",""
53962965,"Davilas CCU","400",0,1,"Carlos",,"13:27:01 19-10-2023","13:27:02 19-10-2023","13:33:24 19-10-2023",,"2023-10-19 13:30:00","Caja Davilas UDEM","Lista","Tarjeta Tarjeta Credito",96,,,"0.00","Tarjeta Credito",,3,4086,,2,"  ",,,"DEDOS DE QUESO Estandar 1 $0.00",,""
53970581,"Davilas CCU","401",0,1,"DiegoGonzálezGaribay",,"15:25:38 19-10-2023","15:25:41 19-10-2023",,,"2023-10-19 16:25:00","Caja Davilas UDEM","Procesándose","Tarjeta Tarjeta Debito",98,,,"0.00","Tarjeta Debito",,2,4086,,2,"  ",,,"HAMBURGUESA DE RES Estandar 1 $0.00",,"HAMBURGUESA DE RES Estandar: Sin aderezo\n"
53971636,"Davilas CCU","402",0,1,"Lino Gustavo Garza Gaona",,"15:49:05 19-10-2023","15:49:11 19-10-2023",,,"2023-10-19 15:49:05","Caja Davilas UDEM","Procesándose","Tarjeta Tarjeta Credito",55,,,"0.00","Tarjeta Credito",,2,4086,,2,"  ",,,"ORDEN PAPAS ESPECIALES Estandar 1 $0.00",,""
53978151,"Davilas CCU","403",0,1,"EvelynMelissa",,"20:39:31 19-10-2023","20:39:35 19-10-2023","15:02:50 25-10-2023",,"2023-10-19 20:40:00","Caja Davilas UDEM","Lista","Tarjeta Tarjeta Debito",284,,,"0.00","Tarjeta Debito",,3,4086,,2,"  ",,,"CAMPECHANA Estandar 2 $0.00,ORDEN TACOS DE CARNE ASADA Estandar 1 $0.00","CON QUESO $0.00,MAIZ $0.00,SIN QUESO $0.00",""
53983600,"Davilas CCU","404",0,1,"ClaudiaCruzReyes",,"10:16:09 20-10-2023","10:16:14 20-10-2023","12:04:19 20-10-2023",,"2023-10-20 10:20:00","Caja Davilas UDEM","Lista","Tarjeta Tarjeta Debito",105,,,"0.00","Tarjeta Debito",,3,4086,,2,"  ",,,"BONELESS Estandar 1 $0.00","SALSA BBQ $0.00",""
53988604,"Davilas CCU","405",0,1,"RenataVenzor",,"12:01:35 20-10-2023","12:01:37 20-10-2023","12:13:19 20-10-2023",,"2023-10-20 12:05:00","Caja Davilas UDEM","Lista","Tarjeta Tarjeta Credito",97,,,"0.00","Tarjeta Credito",,3,4086,,2,"  ",,,"PAPA ASADA CON CARNE ASADA Estandar 1 $0.00",,""
53988730,"Davilas CCU","406",0,1,"NataliaDelaFuente",,"12:04:26 20-10-2023","12:04:28 20-10-2023","12:13:22 20-10-2023",,"2023-10-20 12:05:00","Caja Davilas UDEM","Lista","Tarjeta Tarjeta Debito",96,,,"0.00","Tarjeta Debito",,3,4086,,2,"  ",,,"CAMPECHANA Estandar 1 $0.00","CON QUESO $0.00",""
53989833,"Davilas CCU","407",0,1,"patricio",,"12:25:56 20-10-2023","12:25:59 20-10-2023","12:32:44 20-10-2023",,"2023-10-20 12:25:56","Caja Davilas UDEM","Lista","Tarjeta Tarjeta Credito",98,,,"0.00","Tarjeta Credito",,3,4086,,2,"  ",,,"TORTA DE CARNE ASADA Estandar 1 $0.00",,""
53990810,"Davilas CCU","408",0,1,"norberto ",,"12:45:34 20-10-2023","12:45:38 20-10-2023","12:58:26 20-10-2023",,"2023-10-20 12:45:34","Caja Davilas UDEM","Lista","Tarjeta Tarjeta Credito",105,,,"0.00","Tarjeta Credito",,3,4086,,2,"  ",,,"CHICKEN TENDERS Estandar 1 $0.00","SALSA BBQ $0.00",""
53991238,"Davilas CCU","409",0,1,"Ary",,"12:53:41 20-10-2023",,,"12:53:42 20-10-2023","2023-10-20 12:55:00","Caja Davilas UDEM","Cancelada","Tarjeta ",160,,,"0.00",,,5,4086,"Tarjeta rechazada",2,"  ",,,"BONELESS Estandar 1 $0.00,ORDEN PAPAS ESPECIALES Estandar 1 $0.00","SALSA BÚFALO $0.00",""
53992534,"Davilas CCU","410",0,1,"Ramon",,"13:15:30 20-10-2023","13:15:33 20-10-2023","13:23:06 20-10-2023",,"2023-10-20 13:15:30","Caja Davilas UDEM","Lista","Tarjeta Tarjeta Debito",210,,,"0.00","Tarjeta Debito",,3,4086,,2,"  ",,,"BONELESS Estandar 2 $0.00","SALSA BÚFALO $0.00",""
53993145,"Davilas CCU","411",0,1,"LilianaPérezAguilar",,"13:25:16 20-10-2023","13:25:19 20-10-2023","13:33:34 20-10-2023",,"2023-10-20 13:25:16","Caja Davilas UDEM","Lista","Tarjeta Tarjeta Debito",122,,,"0.00","Tarjeta Debito",,3,4086,,2,"  ",,,"BURRITO DE CARNE ASADA Estandar 1 $0.00,FUZE TEA Estandar 1 $0.00","CON QUESO $0.00",""
53993162,"Davilas CCU","412",0,1,"MauricioAraujo",,"13:25:30 20-10-2023","13:25:33 20-10-2023","13:33:31 20-10-2023",,"2023-10-20 13:25:30","Caja Davilas UDEM","Lista","Tarjeta Tarjeta Debito",105,,,"0.00","Tarjeta Debito",,3,4086,,2,"  ",,,"BONELESS Estandar 1 $0.00","SALSA BBQ $0.00",""
53994611,"Davilas CCU","413",0,1,"LilianaPérezAguilar",,"13:48:11 20-10-2023","13:48:13 20-10-2023","13:54:42 20-10-2023",,"2023-10-20 13:50:00","Caja Davilas UDEM","Lista","Tarjeta Tarjeta Debito",98,,,"0.00","Tarjeta Debito",,3,4086,,2,"  ",,,"BURRITO DE CARNE ASADA Estandar 1 $0.00","CON QUESO $0.00",""
53996402,"Davilas CCU","414",0,1,"XimenaSillas",,"14:15:43 20-10-2023","14:15:48 20-10-2023","14:28:23 20-10-2023",,"2023-10-20 14:15:43","Caja Davilas UDEM","Lista","Tarjeta Tarjeta Debito",98,,,"0.00","Tarjeta Debito",,3,4086,,2,"  ",,,"BURRITO DE CARNE ASADA Estandar 1 $0.00","SIN QUESO $0.00",""
53996418,"Davilas CCU","415",0,1,"DiegoGonzálezGaribay",,"14:15:57 20-10-2023",,,"14:16:01 20-10-2023","2023-10-20 14:15:57","Caja Davilas UDEM","Cancelada","Tarjeta ",105,,,"0.00",,,5,4086,"Tarjeta rechazada",2,"  ",,,"BONELESS Estandar 1 $0.00","SALSA BÚFALO $0.00",""
53998870,"Davilas CCU","416",0,1,"Rafael Woodward Jiménez ",,"14:50:43 20-10-2023","14:50:49 20-10-2023","14:52:32 20-10-2023",,"2023-10-20 14:51:12","Caja Davilas UDEM","Lista","Tarjeta Tarjeta Debito",98,,,"0.00","Tarjeta Debito",,3,4086,,2,"  ",,,"HAMBURGUESA DE RES Estandar 1 $0.00",,""
54068534,"Davilas CCU","417",0,1,"Regina",,"13:01:43 23-10-2023","13:01:48 23-10-2023","13:06:18 23-10-2023",,"2023-10-23 13:05:00","Caja Davilas UDEM","Lista","Tarjeta Tarjeta Credito",105,,,"0.00","Tarjeta Credito",,3,4086,,2,"  ",,,"BONELESS Estandar 1 $0.00","SALSA BÚFALO $0.00",""
54068566,"Davilas CCU","418",0,1,"Claudia",,"13:02:20 23-10-2023","13:02:26 23-10-2023","13:06:20 23-10-2023",,"2023-10-23 13:05:00","Caja Davilas UDEM","Lista","Tarjeta Tarjeta Debito",129,,,"0.00","Tarjeta Debito",,3,4086,,2,"  ",,,"CHICKEN TENDERS Estandar 1 $0.00,FUZE TEA Estandar 1 $0.00","SALSA BBQ $0.00",""
54068628,"Davilas CCU","419",0,1,"EmilioVillarreal",,"13:03:26 23-10-2023",,,"13:03:31 23-10-2023","2023-10-23 13:05:00","Caja Davilas UDEM","Cancelada","Tarjeta ",92,,,"0.00",,,5,4086,"Tarjeta rechazada",2,"  ",,,"ORDEN TACOS DE CARNE ASADA Estandar 1 $0.00","HARINA $0.00,CON QUESO $0.00",""
54069471,"Davilas CCU","420",0,1,"EmilioVillarreal",,"13:16:34 23-10-2023",,,"13:16:37 23-10-2023","2023-10-23 13:20:00","Caja Davilas UDEM","Cancelada","Tarjeta ",92,,,"0.00",,,5,4086,"Tarjeta rechazada",2,"  ",,,"ORDEN TACOS DE CARNE ASADA Estandar 1 $0.00","HARINA $0.00,SIN QUESO $0.00",""
54070873,"Davilas CCU","421",0,1,"FernandaMaltos",,"13:39:56 23-10-2023",,,"13:39:58 23-10-2023","2023-10-23 14:30:00","Caja Davilas UDEM","Cancelada","Tarjeta ",96,,,"0.00",,,5,4086,"Tarjeta rechazada",2,"  ",,,"CAMPECHANA Estandar 1 $0.00","CON QUESO $0.00",""
54070998,"Davilas CCU","422",0,1,"XimenaSillas",,"13:42:06 23-10-2023","13:42:09 23-10-2023","13:51:14 23-10-2023",,"2023-10-23 14:20:00","Caja Davilas UDEM","Lista","Tarjeta Tarjeta Debito",92,,,"0.00","Tarjeta Debito",,3,4086,,2,"  ",,,"TORTA DE PIERNA Estandar 1 $0.00",,""
54071290,"Davilas CCU","423",0,1,"ValeriaCasale",,"13:46:43 23-10-2023","13:46:51 23-10-2023","13:51:16 23-10-2023",,"2023-10-23 13:50:00","Caja Davilas UDEM","Lista","Tarjeta Tarjeta Debito",98,,,"0.00","Tarjeta Debito",,3,4086,,2,"  ",,,"HAMBURGUESA DE RES Estandar 1 $0.00",,""
54071855,"Davilas CCU","424",0,1,"MariaEmma",,"13:55:10 23-10-2023","13:55:13 23-10-2023","13:59:52 23-10-2023",,"2023-10-23 13:55:10","Caja Davilas UDEM","Lista","Tarjeta Tarjeta Debito",105,,,"0.00","Tarjeta Debito",,3,4086,,2,"  ",,,"CHICKEN TENDERS Estandar 1 $0.00","SALSA BÚFALO $0.00",""
54072430,"Davilas CCU","425",0,1,"MauricioAraujo",,"14:04:51 23-10-2023","14:04:52 23-10-2023","14:11:46 23-10-2023",,"2023-10-23 14:05:00","Caja Davilas UDEM","Lista","Tarjeta Tarjeta Debito",97,,,"0.00","Tarjeta Debito",,3,4086,,2,"  ",,,"PAPA ASADA CON CARNE ASADA Estandar 1 $0.00",,""
54073081,"Davilas CCU","426",0,1,"FernandaMaltos",,"14:14:26 23-10-2023",,,"14:14:30 23-10-2023","2023-10-23 14:15:00","Caja Davilas UDEM","Cancelada","Tarjeta ",96,,,"0.00",,,5,4086,"Tarjeta rechazada",2,"  ",,,"CAMPECHANA Estandar 1 $0.00","CON QUESO $0.00",""
54073280,"Davilas CCU","427",0,1,"FernandaMaltos",,"14:17:22 23-10-2023","14:17:28 23-10-2023","14:24:26 23-10-2023",,"2023-10-23 14:20:00","Caja Davilas UDEM","Lista","Tarjeta Tarjeta Credito",96,,,"0.00","Tarjeta Credito",,3,4086,,2,"  ",,,"CAMPECHANA Estandar 1 $0.00","CON QUESO $0.00",""
54074108,"Davilas CCU","428",0,1,"DiegoTovar",,"14:29:55 23-10-2023","14:29:59 23-10-2023","14:34:49 23-10-2023",,"2023-10-23 14:30:00","Caja Davilas UDEM","Lista","Tarjeta Tarjeta Credito",98,,,"0.00","Tarjeta Credito",,3,4086,,2,"  ",,,"BURRITO DE CARNE ASADA Estandar 1 $0.00","CON QUESO $0.00","BURRITO DE CARNE ASADA Estandar: sin cebolla\n"
54077858,"Davilas CCU","429",0,1,"Rodrigo Gómez ",,"15:32:23 23-10-2023","15:32:26 23-10-2023","15:42:18 23-10-2023",,"2023-10-23 15:32:23","Caja Davilas UDEM","Lista","Tarjeta Tarjeta Debito",105,,,"0.00","Tarjeta Debito",,3,4086,,2,"  ",,,"CHICKEN TENDERS Estandar 1 $0.00","SALSA BÚFALO $0.00",""
54078266,"Davilas CCU","430",0,1,"norberto ",,"15:41:46 23-10-2023","15:41:48 23-10-2023","16:42:35 23-10-2023",,"2023-10-23 15:41:46","Caja Davilas UDEM","Lista","Tarjeta Tarjeta Credito",105,,,"0.00","Tarjeta Credito",,3,4086,,2,"  ",,,"CHICKEN TENDERS Estandar 1 $0.00","SALSA BBQ $0.00",""
54078579,"Davilas CCU","431",0,1,"AlanSolis",,"15:49:00 23-10-2023","15:49:09 23-10-2023","15:51:01 23-10-2023",,"2023-10-23 15:50:00","Caja Davilas UDEM","Lista","Tarjeta Tarjeta Debito",111,,,"0.00","Tarjeta Debito",,3,4086,,2,"  ",,,"BONELESS Estandar 1 $0.00,ADEREZO RANCH Estandar 1 $0.00","SALSA BÚFALO $0.00",""
54079076,"Davilas CCU","432",0,1,"Carolina",,"16:03:06 23-10-2023","16:03:08 23-10-2023","16:25:14 23-10-2023",,"2023-10-23 16:03:07","Caja Davilas UDEM","Lista","Tarjeta Tarjeta Debito",203,,,"0.00","Tarjeta Debito",,3,4086,,2,"  ",,,"BONELESS Estandar 1 $0.00,BURRITO DE CARNE ASADA Estandar 1 $0.00","SALSA BÚFALO $0.00,CON QUESO $0.00",""
54079249,"Davilas CCU","433",0,1,"Rafael Woodward Jiménez ",,"16:07:05 23-10-2023","16:07:08 23-10-2023","16:11:32 23-10-2023",,"2023-10-23 16:07:37","Caja Davilas UDEM","Lista","Tarjeta Tarjeta Debito",92,,,"0.00","Tarjeta Debito",,3,4086,,2,"  ",,,"ORDEN TACOS DE CARNE ASADA Estandar 1 $0.00","MAIZ $0.00,CON QUESO $0.00",""
54079610,"Davilas CCU","434",0,1,"Daniela",,"16:15:52 23-10-2023",,,"16:15:53 23-10-2023","2023-10-23 16:15:52","Caja Davilas UDEM","Cancelada","Tarjeta ",96,,,"0.00",,,5,4086,"Tarjeta rechazada",2,"  ",,,"DEDOS DE QUESO Estandar 1 $0.00",,""
54079682,"Davilas CCU","435",0,1,"Daniela",,"16:18:07 23-10-2023",,,"16:18:11 23-10-2023","2023-10-23 16:20:00","Caja Davilas UDEM","Cancelada","Tarjeta ",96,,,"0.00",,,5,4086,"Tarjeta rechazada",2,"  ",,,"DEDOS DE QUESO Estandar 1 $0.00",,""
54079915,"Davilas CCU","436",0,1,"Julen1500",,"16:25:01 23-10-2023","16:25:04 23-10-2023","16:40:25 23-10-2023",,"2023-10-23 16:25:01","Caja Davilas UDEM","Lista","Tarjeta Tarjeta Credito",94,,,"0.00","Tarjeta Credito",,3,4086,,2,"  ",,,"GRINGA Estandar 1 $0.00","CON QUESO $0.00",""
54080551,"Davilas CCU","437",0,1,"Mariana",,"16:43:49 23-10-2023","16:43:54 23-10-2023","16:50:20 23-10-2023",,"2023-10-23 17:00:00","Caja Davilas UDEM","Lista","Tarjeta Tarjeta Debito",40,,,"0.00","Tarjeta Debito",,3,4086,,2,"  ",,,"ORDEN DE PAPAS Estandar 1 $0.00",,""
54097119,"Davilas CCU","438",0,1,"AranzaGarcía",,"12:54:21 24-10-2023","12:54:25 24-10-2023","13:01:24 24-10-2023",,"2023-10-24 12:55:00","Caja Davilas UDEM","Lista","Tarjeta Tarjeta Debito",210,,,"0.00","Tarjeta Debito",,3,4086,,2,"  ",,,"BONELESS Estandar 2 $0.00","SALSA BÚFALO $0.00",""
54098459,"Davilas CCU","439",0,1,"Daniela",,"13:05:42 24-10-2023","13:05:45 24-10-2023","13:12:58 24-10-2023",,"2023-10-24 13:05:42","Caja Davilas UDEM","Lista","Tarjeta Tarjeta Debito",80,,,"0.00","Tarjeta Debito",,3,4086,,2,"  ",,,"ORDEN DE PAPAS Estandar 2 $0.00",,""
54098486,"Davilas CCU","440",0,1,"Carlos Miguel Bernal ",,"13:06:08 24-10-2023","13:06:10 24-10-2023","13:13:05 24-10-2023",,"2023-10-24 13:06:08","Caja Davilas UDEM","Lista","Tarjeta Tarjeta Debito",105,,,"0.00","Tarjeta Debito",,3,4086,,2,"  ",,,"BONELESS Estandar 1 $0.00","SALSA BBQ $0.00",""
54098600,"Davilas CCU","441",0,1,"Karla",,"13:07:37 24-10-2023","13:07:39 24-10-2023","13:15:42 24-10-2023",,"2023-10-24 13:10:00","Caja Davilas UDEM","Lista","Tarjeta Tarjeta Debito",96,,,"0.00","Tarjeta Debito",,3,4086,,2,"  ",,,"DEDOS DE QUESO Estandar 1 $0.00",,"Orden para llevar"
54099336,"Davilas CCU","442",0,1,"LilianaPérezAguilar",,"13:18:55 24-10-2023","13:18:58 24-10-2023","13:20:53 24-10-2023",,"2023-10-24 13:20:00","Caja Davilas UDEM","Lista","Tarjeta Tarjeta Debito",129,,,"0.00","Tarjeta Debito",,3,4086,,2,"  ",,,"BONELESS Estandar 1 $0.00,FUZE TEA Estandar 1 $0.00","SALSA BÚFALO $0.00",""
54099690,"Davilas CCU","443",0,1,"Jessica Patricia Garza Mata",,"13:24:34 24-10-2023","13:24:36 24-10-2023","13:29:19 24-10-2023",,"2023-10-24 13:24:34","Caja Davilas UDEM","Lista","Tarjeta Tarjeta Debito",98,,,"0.00","Tarjeta Debito",,3,4086,,2,"  ",,,"BURRITO DE CARNE ASADA Estandar 1 $0.00","CON QUESO $0.00",""
54101456,"Davilas CCU","444",0,1,"Salvador Amaro",,"13:54:43 24-10-2023","13:54:47 24-10-2023","13:58:27 24-10-2023",,"2023-10-24 13:54:43","Caja Davilas UDEM","Lista","Tarjeta Tarjeta Credito",105,,,"0.00","Tarjeta Credito",,3,4086,,2,"  ",,,"BONELESS Estandar 1 $0.00","SALSA BÚFALO $0.00",""
54103041,"Davilas CCU","445",0,1,"Sol",,"14:20:04 24-10-2023","14:20:09 24-10-2023","14:23:50 24-10-2023",,"2023-10-24 14:20:04","Caja Davilas UDEM","Lista","Tarjeta Tarjeta Debito",98,,,"0.00","Tarjeta Debito",,3,4086,,2,"  ",,,"HAMBURGUESA DE POLLO Estandar 1 $0.00",,""
54108667,"Davilas CCU","446",0,1,"Claudia",,"16:10:02 24-10-2023","16:10:05 24-10-2023","16:13:18 24-10-2023",,"2023-10-24 16:10:02","Caja Davilas UDEM","Lista","Tarjeta Tarjeta Debito",129,,,"0.00","Tarjeta Debito",,3,4086,,2,"  ",,,"CHICKEN TENDERS Estandar 1 $0.00,FUZE TEA Estandar 1 $0.00","SALSA BBQ $0.00",""
54125559,"Davilas CCU","447",0,1,"Valeria",,"12:40:36 25-10-2023","12:40:39 25-10-2023","12:49:44 25-10-2023",,"2023-10-25 12:40:36","Caja Davilas UDEM","Lista","Tarjeta Tarjeta Debito",97,,,"0.00","Tarjeta Debito",,3,4086,,2,"  ",,,"PAPA ASADA CON CARNE ASADA Estandar 1 $0.00",,""
54129427,"Davilas CCU","448",0,1,"annajosecalderon",,"13:48:06 25-10-2023","13:48:09 25-10-2023","13:51:38 25-10-2023",,"2023-10-25 13:50:00","Caja Davilas UDEM","Lista","Tarjeta Tarjeta Debito",96,,,"0.00","Tarjeta Debito",,3,4086,,2,"  ",,,"DEDOS DE QUESO Estandar 1 $0.00",,""
54132942,"Davilas CCU","449",0,1,"SergioS",,"14:44:27 25-10-2023","14:44:28 25-10-2023","14:48:39 25-10-2023",,"2023-10-25 14:45:00","Caja Davilas UDEM","Lista","Tarjeta Tarjeta Debito",98,,,"0.00","Tarjeta Debito",,3,4086,,2,"  ",,,"HAMBURGUESA DE POLLO Estandar 1 $0.00",,"varios sobres de catsup y mostaza "
54133708,"Davilas CCU","450",0,1,"Mariel",,"14:58:42 25-10-2023","14:58:46 25-10-2023","15:02:37 25-10-2023",,"2023-10-25 15:00:00","Caja Davilas UDEM","Lista","Tarjeta Tarjeta Debito",92,,,"0.00","Tarjeta Debito",,3,4086,,2,"  ",,,"ALITAS Estandar 1 $0.00","SALSA BÚFALO $0.00",""
54135447,"Davilas CCU","451",0,1,"Owen frangos",,"15:35:24 25-10-2023",,,"15:35:30 25-10-2023","2023-10-25 15:40:00","Caja Davilas UDEM","Cancelada","Tarjeta ",98,,,"0.00",,,5,4086,"Tarjeta rechazada",2,"  ",,,"HAMBURGUESA DE POLLO Estandar 1 $0.00","SIN VERDURA $0.00",""
54135451,"Davilas CCU","452",0,1,"Owen frangos",,"15:35:32 25-10-2023","15:35:42 25-10-2023","15:39:27 25-10-2023",,"2023-10-25 15:40:00","Caja Davilas UDEM","Lista","Tarjeta Tarjeta Credito",98,,,"0.00","Tarjeta Credito",,3,4086,,2,"  ",,,"HAMBURGUESA DE POLLO Estandar 1 $0.00","SIN VERDURA $0.00",""
54137029,"Davilas CCU","453",0,1,"Amauri",,"16:16:35 25-10-2023","16:16:39 25-10-2023","16:21:03 25-10-2023",,"2023-10-25 16:20:00","Caja Davilas UDEM","Lista","Tarjeta Tarjeta Debito",98,,,"0.00","Tarjeta Debito",,3,4086,,2,"  ",,,"BURRITO DE CARNE ASADA Estandar 1 $0.00","CON QUESO $0.00",""
54151464,"Davilas CCU","454",0,1,"Amauri",,"11:31:51 26-10-2023","11:31:53 26-10-2023","12:07:33 26-10-2023",,"2023-10-26 11:35:00","Caja Davilas UDEM","Lista","Tarjeta Tarjeta Debito",138,,,"0.00","Tarjeta Debito",,3,4086,,2,"  ",,,"BURRITO DE CARNE ASADA Estandar 1 $0.00,ORDEN DE PAPAS Estandar 1 $0.00","CON QUESO $0.00",""
54153551,"Davilas CCU","455",0,1,"GermanGonzalezCavazos",,"12:18:58 26-10-2023","12:19:01 26-10-2023","12:41:20 26-10-2023",,"2023-10-26 13:05:00","Caja Davilas UDEM","Lista","Tarjeta Tarjeta Credito",105,,,"0.00","Tarjeta Credito",,3,4086,,2,"  ",,,"CHICKEN TENDERS Estandar 1 $0.00","SALSA BÚFALO $0.00",""
54155216,"Davilas CCU","456",0,1,"Carlos",,"12:51:26 26-10-2023","12:51:32 26-10-2023","12:55:54 26-10-2023",,"2023-10-26 12:55:00","Caja Davilas UDEM","Lista","Tarjeta Tarjeta Credito",96,,,"0.00","Tarjeta Credito",,3,4086,,2,"  ",,,"DEDOS DE QUESO Estandar 1 $0.00",,""
54156624,"Davilas CCU","457",0,1,"Carolina",,"13:17:30 26-10-2023","13:17:32 26-10-2023","13:22:49 26-10-2023",,"2023-10-26 13:20:00","Caja Davilas UDEM","Lista","Tarjeta Tarjeta Debito",105,,,"0.00","Tarjeta Debito",,3,4086,,2,"  ",,,"CHICKEN TENDERS Estandar 1 $0.00","SALSA BÚFALO $0.00",""
54156641,"Davilas CCU","458",0,1,"Jorge Valenzuela",,"13:17:44 26-10-2023","13:17:46 26-10-2023","13:22:48 26-10-2023",,"2023-10-26 13:17:44","Caja Davilas UDEM","Lista","Tarjeta Tarjeta Debito",105,,,"0.00","Tarjeta Debito",,3,4086,,2,"  ",,,"BONELESS Estandar 1 $0.00","SALSA BÚFALO $0.00",""
54157120,"Davilas CCU","459",0,1,"RafaelGarcíaEscareño",,"13:25:06 26-10-2023","13:25:14 26-10-2023","13:42:39 26-10-2023",,"2023-10-26 13:25:06","Caja Davilas UDEM","Lista","Tarjeta Tarjeta Debito",129,,,"0.00","Tarjeta Debito",,3,4086,,2,"  ",,,"BONELESS Estandar 1 $0.00,FUZE TEA Estandar 1 $0.00","SALSA BÚFALO $0.00","FUZE TEA Estandar: Te negro de limn\n"
54157337,"Davilas CCU","460",0,1,"VaniaEsquivel",,"13:28:27 26-10-2023","13:28:32 26-10-2023","13:42:37 26-10-2023",,"2023-10-26 13:30:00","Caja Davilas UDEM","Lista","Tarjeta Tarjeta Debito",210,,,"0.00","Tarjeta Debito",,3,4086,,2,"  ",,,"BONELESS Estandar 1 $0.00,CHICKEN TENDERS Estandar 1 $0.00","SALSA BÚFALO $0.00,SALSA BÚFALO $0.00","CHICKEN TENDERS Estandar: SALSA APARTE \n"
54157637,"Davilas CCU","461",0,1,"Claudia",,"13:33:23 26-10-2023","13:33:26 26-10-2023","13:42:35 26-10-2023",,"2023-10-26 13:35:00","Caja Davilas UDEM","Lista","Tarjeta Tarjeta Debito",129,,,"0.00","Tarjeta Debito",,3,4086,,2,"  ",,,"CHICKEN TENDERS Estandar 1 $0.00,FUZE TEA Estandar 1 $0.00","SALSA BBQ $0.00",""
54157737,"Davilas CCU","462",0,1,"samantha",,"13:34:37 26-10-2023","13:34:40 26-10-2023","13:42:34 26-10-2023",,"2023-10-26 13:34:37","Caja Davilas UDEM","Lista","Tarjeta Tarjeta Debito",105,,,"0.00","Tarjeta Debito",,3,4086,,2,"  ",,,"CHICKEN TENDERS Estandar 1 $0.00","SALSA BBQ $0.00","para llevar"
54181266,"Davilas CCU","463",0,0,"Crisma",,"11:58:53 27-10-2023",,,"12:10:00 27-10-2023","2023-10-27 13:00:00",,"Cancelada","Tarjeta ",105,,,"0.00",,,5,,"Problemas de internet por parte del establecimiento",2,"  ",,,"BONELESS Estandar 1 $0.00","NATURALES $0.00",""
54264921,"Davilas CCU","464",0,0,"FranciscoVélez",,"12:43:02 30-10-2023",,,"12:54:00 30-10-2023","2023-10-30 12:55:00",,"Cancelada","Tarjeta ",105,,,"0.00",,,5,,"Problemas de internet por parte del establecimiento",2,"  ",,,"CHICKEN TENDERS Estandar 1 $0.00","SALSA BÚFALO $0.00",""
54294339,"Davilas CCU","465",0,1,"Emiliano López Puente ",,"12:00:16 31-10-2023","12:00:17 31-10-2023",,,"2023-10-31 12:00:16","Caja Davilas UDEM","Procesándose","Tarjeta Tarjeta Credito",55,,,"0.00","Tarjeta Credito",,2,4086,,2,"  ",,,"ORDEN PAPAS ESPECIALES Estandar 1 $0.00",,""
54294340,"Davilas CCU","466",0,1,"Melissa",,"12:00:17 31-10-2023","12:00:25 31-10-2023",,,"2023-10-31 12:00:17","Caja Davilas UDEM","Procesándose","Tarjeta Tarjeta Debito",105,,,"0.00","Tarjeta Debito",,2,4086,,2,"  ",,,"BONELESS Estandar 1 $0.00","SALSA BÚFALO $0.00",""
54294608,"Davilas CCU","467",0,1,"patricio",,"12:05:54 31-10-2023",,,"12:06:01 31-10-2023","2023-10-31 12:05:54","Caja Davilas UDEM","Cancelada","Tarjeta ",125,,,"0.00",,,5,4086,"Tarjeta rechazada",2,"  ",,,"BONELESS Estandar 1 $0.00,COCA COLA  Estandar 1 $0.00","SALSA BBQ $0.00",""
54294635,"Davilas CCU","468",0,1,"ClaudiaCruzReyes",,"12:06:21 31-10-2023","12:06:25 31-10-2023",,,"2023-10-31 12:10:00","Caja Davilas UDEM","Procesándose","Tarjeta Tarjeta Debito",105,,,"0.00","Tarjeta Debito",,2,4086,,2,"  ",,,"CHICKEN TENDERS Estandar 1 $0.00","SALSA BBQ $0.00",""
54295209,"Davilas CCU","469",0,1,"patricio",,"12:16:52 31-10-2023","12:16:55 31-10-2023",,,"2023-10-31 12:16:52","Caja Davilas UDEM","Procesándose","Tarjeta Tarjeta Credito",125,,,"0.00","Tarjeta Credito",,2,4086,,2,"  ",,,"BONELESS Estandar 1 $0.00,COCA COLA  Estandar 1 $0.00","SALSA BBQ $0.00",""
54324273,"Davilas CCU","470",0,1,"Javier Escobedo ",,"11:30:45 01-11-2023","11:30:49 01-11-2023",,,"2023-11-01 11:30:45","Admin Company Davilas UDEM","Procesándose","Efectivo ",92,,,"0.00",,,2,4084,,4,"  ",,,"ALITAS Estandar 1 $0.00","NATURALES $0.00",""
54329240,"Davilas CCU","471",0,0,"Abel Martínez ",,"13:07:46 01-11-2023",,,"13:18:01 01-11-2023","2023-11-01 14:00:00",,"Cancelada","Tarjeta ",92,,,"0.00",,,5,,"Problemas de internet por parte del establecimiento",2,"  ",,,"ORDEN TACOS DE CARNE ASADA Estandar 1 $0.00","MAIZ $0.00,CON QUESO $0.00",""
54334822,"Davilas CCU","472",0,0,"LuisRamírez",,"14:27:11 01-11-2023",,,"14:38:00 01-11-2023","2023-11-01 14:30:00",,"Cancelada","Tarjeta ",92,,,"0.00",,,5,,"Problemas de internet por parte del establecimiento",2,"  ",,,"ORDEN TACOS DE CARNE ASADA Estandar 1 $0.00","MAIZ $0.00,CON QUESO $0.00",""
54354890,"Davilas CCU","473",0,0,"SamanthaCastilloMontero",,"11:10:24 02-11-2023",,,"11:22:00 02-11-2023","2023-11-02 13:45:00",,"Cancelada","Tarjeta ",192,,,"0.00",,,5,,"Problemas de internet por parte del establecimiento",2,"  ",,,"DEDOS DE QUESO Estandar 2 $0.00",,""
54358256,"Davilas CCU","474",0,0,"EduardoSaldaña",,"12:17:40 02-11-2023",,,"12:28:00 02-11-2023","2023-11-02 14:25:00",,"Cancelada","Tarjeta ",92,,,"0.00",,,5,,"Problemas de internet por parte del establecimiento",2,"  ",,,"ORDEN TACOS DE CARNE ASADA Estandar 1 $0.00","MAIZ $0.00,CON QUESO $0.00",""
54361363,"Davilas CCU","475",0,0,"Brenda Torres ",,"13:12:35 02-11-2023",,,"13:24:00 02-11-2023","2023-11-02 14:20:00",,"Cancelada","Tarjeta ",105,,,"0.00",,,5,,"Problemas de internet por parte del establecimiento",2,"  ",,,"BONELESS Estandar 1 $0.00","NATURALES $0.00",""
54362227,"Davilas CCU","476",0,0,"Perla",,"13:25:21 02-11-2023",,,"13:36:00 02-11-2023","2023-11-02 14:20:00",,"Cancelada","Tarjeta ",105,,,"0.00",,,5,,"Problemas de internet por parte del establecimiento",2,"  ",,,"BONELESS Estandar 1 $0.00","SALSA BÚFALO $0.00",""
54362944,"Davilas CCU","477",0,0,"RafaelRodríguez",,"13:36:59 02-11-2023",,,"13:48:00 02-11-2023","2023-11-02 14:20:00",,"Cancelada","Tarjeta ",105,,,"0.00",,,5,,"Problemas de internet por parte del establecimiento",2,"  ",,,"CHICKEN TENDERS Estandar 1 $0.00","SALSA BBQ $0.00",""
54363423,"Davilas CCU","478",0,0,"Perla",,"13:44:38 02-11-2023",,,"13:56:00 02-11-2023","2023-11-02 14:20:00",,"Cancelada","Tarjeta ",105,,,"0.00",,,5,,"Problemas de internet por parte del establecimiento",2,"  ",,,"CHICKEN TENDERS Estandar 1 $0.00","SALSA BÚFALO $0.00",""
54382700,"Davilas CCU","479",0,1,"Javier Escobedo ",,"09:51:41 03-11-2023","09:51:44 03-11-2023",,,"2023-11-03 09:51:41","Admin Company Davilas UDEM","Procesándose","Efectivo ",18,,,"0.00",,,2,4084,,4,"  ",,,"AGUA NATURAL 600ML Estandar 1 $0.00",,""
54382844,"Davilas CCU","480",0,1,"Javier Escobedo ",,"09:55:15 03-11-2023","09:55:18 03-11-2023",,,"2023-11-03 09:55:15","Admin Company Davilas UDEM","Procesándose","Efectivo ",92,,,"0.00",,,2,4084,,4,"  ",,,"ALITAS Estandar 1 $0.00","NATURALES $0.00",""
54382958,"Davilas CCU","481",0,1,"Javier Escobedo ",,"09:58:45 03-11-2023","09:58:49 03-11-2023",,,"2023-11-03 09:58:45","Admin Company Davilas UDEM","Procesándose","Efectivo ",92,,,"0.00",,,2,4084,,4,"  ",,,"ALITAS Estandar 1 $0.00","NATURALES $0.00",""
54467807,"Davilas CCU","482",0,1,"Javier Escobedo ",,"10:55:06 06-11-2023","10:55:07 06-11-2023","11:15:47 06-11-2023",,"2023-11-06 10:55:06","Caja Davilas UDEM","Entregada","Efectivo ",92,,,"0.00",,,4,4086,,4,"  ",,,"ALITAS Estandar 1 $0.00","NATURALES $0.00",""
54467990,"Davilas CCU","483",0,1,"Javier Escobedo ",,"10:58:33 06-11-2023","10:58:35 06-11-2023","11:15:45 06-11-2023",,"2023-11-06 10:58:33","Caja Davilas UDEM","Entregada","Efectivo ",92,,,"0.00",,,4,4086,,4,"  ",,,"ALITAS Estandar 1 $0.00","NATURALES $0.00",""
54468570,"Davilas CCU","484",0,1,"Javier Escobedo ",,"11:09:12 06-11-2023","11:09:16 06-11-2023","11:15:42 06-11-2023",,"2023-11-06 11:09:12","Admin Company Davilas UDEM","Entregada","Efectivo ",92,,,"0.00",,,4,4084,,4,"  ",,,"ALITAS Estandar 1 $0.00","NATURALES $0.00",""
54468740,"Davilas CCU","485",0,1,"Javier Escobedo ",,"11:12:45 06-11-2023","11:12:49 06-11-2023","11:15:41 06-11-2023",,"2023-11-06 11:12:45","Admin Company Davilas UDEM","Entregada","Efectivo ",92,,,"0.00",,,4,4084,,4,"  ",,,"ALITAS Estandar 1 $0.00","SALSA BBQ $0.00",""
54472269,"Davilas CCU","486",0,1,"natalia guerra",,"12:30:14 06-11-2023",,,"12:30:15 06-11-2023","2023-11-06 12:30:14","Caja Davilas UDEM","Cancelada","Tarjeta ",110,,,"0.00",,,5,4086,"Tarjeta rechazada",2,"  ",,,"ORDEN PAPAS ESPECIALES Estandar 2 $0.00",,""
54472460,"Davilas CCU","487",0,1,"Amauri",,"12:34:16 06-11-2023","12:34:34 06-11-2023","12:50:23 06-11-2023",,"2023-11-06 12:35:00","Caja Davilas UDEM","Lista","Tarjeta Tarjeta Debito",138,,,"0.00","Tarjeta Debito",,3,4086,,2,"  ",,,"BURRITO DE CARNE ASADA Estandar 1 $0.00,ORDEN DE PAPAS Estandar 1 $0.00","CON QUESO $0.00",""
54472721,"Davilas CCU","488",0,1,"Hernánaraiza",,"12:39:26 06-11-2023","12:39:30 06-11-2023","12:48:08 06-11-2023",,"2023-11-06 12:40:00","Caja Davilas UDEM","Lista","Tarjeta Tarjeta Debito",250,,,"0.00","Tarjeta Debito",,3,4086,,2,"  ",,,"BONELESS Estandar 1 $0.00,BONELESS Estandar 1 $0.00,ORDEN DE PAPAS Estandar 1 $0.00","SALSA BÚFALO $0.00,SALSA BÚFALO $0.00","BONELESS Estandar: Salsa por separado\n"
54473351,"Davilas CCU","489",0,1,"Carlos",,"12:51:00 06-11-2023","12:51:02 06-11-2023","13:09:16 06-11-2023",,"2023-11-06 12:51:01","Caja Davilas UDEM","Lista","Tarjeta Tarjeta Credito",96,,,"0.00","Tarjeta Credito",,3,4086,,2,"  ",,,"DEDOS DE QUESO Estandar 1 $0.00",,""
54474108,"Davilas CCU","490",0,1,"ClaudiaCruzReyes",,"13:03:26 06-11-2023",,,"13:03:28 06-11-2023","2023-11-06 13:05:00","Caja Davilas UDEM","Cancelada","Tarjeta ",40,,,"0.00",,,5,4086,"Tarjeta rechazada",2,"  ",,,"ORDEN DE PAPAS Estandar 1 $0.00",,""
54474237,"Davilas CCU","491",0,1,"ClaudiaCruzReyes",,"13:05:32 06-11-2023",,,"13:05:34 06-11-2023","2023-11-06 13:05:32","Caja Davilas UDEM","Cancelada","Tarjeta ",40,,,"0.00",,,5,4086,"Tarjeta rechazada",2,"  ",,,"ORDEN DE PAPAS Estandar 1 $0.00",,""
54474405,"Davilas CCU","492",0,1,"Andres",,"13:08:05 06-11-2023","13:08:10 06-11-2023","13:13:02 06-11-2023",,"2023-11-06 13:10:00","Caja Davilas UDEM","Lista","Tarjeta Tarjeta Debito",46,,,"0.00","Tarjeta Debito",,3,4086,,2,"  ",,,"ORDEN DE PAPAS Estandar 1 $0.00","ADEREZO RANCH $6.00",""
54475382,"Davilas CCU","493",0,1,"PaulinaRueda",,"13:21:54 06-11-2023","13:21:57 06-11-2023","13:33:22 06-11-2023",,"2023-11-06 13:25:00","Caja Davilas UDEM","Lista","Tarjeta Tarjeta Debito",98,,,"0.00","Tarjeta Debito",,3,4086,,2,"  ",,,"HAMBURGUESA DE POLLO Estandar 1 $0.00",,""
54475468,"Davilas CCU","494",0,1,"JoséMarcoGonzález",,"13:23:16 06-11-2023","13:23:20 06-11-2023","14:14:01 06-11-2023",,"2023-11-06 13:25:00","Caja Davilas UDEM","Lista","Tarjeta Tarjeta Credito",105,,,"0.00","Tarjeta Credito",,3,4086,,2,"  ",,,"BONELESS Estandar 1 $0.00","SALSA BÚFALO $0.00","3 BBQ Y 3 BFALOBONELESS Estandar: 3 BBQ Y 3 BFALO \n"
54475520,"Davilas CCU","495",0,1,"Carlos García",,"13:23:49 06-11-2023","13:23:52 06-11-2023","13:41:29 06-11-2023",,"2023-11-06 13:23:49","Caja Davilas UDEM","Lista","Tarjeta Tarjeta Credito",40,,,"0.00","Tarjeta Credito",,3,4086,,2,"  ",,,"ORDEN DE PAPAS Estandar 1 $0.00",,""
54477790,"Davilas CCU","496",0,1,"Rodrigo Gómez ",,"13:58:47 06-11-2023",,,"13:58:53 06-11-2023","2023-11-06 13:58:47","Caja Davilas UDEM","Cancelada","Tarjeta ",98,,,"0.00",,,5,4086,"Tarjeta rechazada",2,"  ",,,"BURRITO DE CARNE ASADA Estandar 1 $0.00","CON QUESO $0.00",""
54478005,"Davilas CCU","497",0,1,"Rodrigo Gómez ",,"14:01:50 06-11-2023","14:01:52 06-11-2023","14:14:00 06-11-2023",,"2023-11-06 14:01:50","Caja Davilas UDEM","Lista","Tarjeta Tarjeta Debito",98,,,"0.00","Tarjeta Debito",,3,4086,,2,"  ",,,"BURRITO DE CARNE ASADA Estandar 1 $0.00","CON QUESO $0.00",""
54478449,"Davilas CCU","498",0,1,"norberto ",,"14:06:19 06-11-2023","14:06:21 06-11-2023","14:13:57 06-11-2023",,"2023-11-06 14:06:19","Caja Davilas UDEM","Lista","Tarjeta Tarjeta Credito",105,,,"0.00","Tarjeta Credito",,3,4086,,2,"  ",,,"CHICKEN TENDERS Estandar 1 $0.00","SALSA BBQ $0.00",""
54478484,"Davilas CCU","499",0,1,"Gerardo",,"14:06:42 06-11-2023",,,"14:06:47 06-11-2023","2023-11-06 14:10:00","Caja Davilas UDEM","Cancelada","Tarjeta ",105,,,"0.00",,,5,4086,"Tarjeta rechazada",2,"  ",,,"CHICKEN TENDERS Estandar 1 $0.00","SALSA BBQ $0.00",""
54479070,"Davilas CCU","500",0,1,"Gerardo",,"14:14:54 06-11-2023","14:14:59 06-11-2023","14:30:33 06-11-2023",,"2023-11-06 14:15:00","Caja Davilas UDEM","Lista","Tarjeta Tarjeta Debito",105,,,"0.00","Tarjeta Debito",,3,4086,,2,"  ",,,"CHICKEN TENDERS Estandar 1 $0.00","SALSA BÚFALO $0.00",""
54480035,"Davilas CCU","501",0,1,"Hernánaraiza",,"14:28:56 06-11-2023","14:29:04 06-11-2023","14:35:08 06-11-2023",,"2023-11-06 14:30:00","Caja Davilas UDEM","Lista","Tarjeta Tarjeta Debito",96,,,"0.00","Tarjeta Debito",,3,4086,,2,"  ",,,"CAMPECHANA Estandar 1 $0.00","CON QUESO $0.00",""
54480343,"Davilas CCU","502",0,1,"JorgeVladimirRodríguezBerino",,"14:33:34 06-11-2023","14:33:37 06-11-2023","14:51:47 06-11-2023",,"2023-11-06 14:35:00","Caja Davilas UDEM","Lista","Tarjeta Tarjeta Debito",125,,,"0.00","Tarjeta Debito",,3,4086,,2,"  ",,,"BONELESS Estandar 1 $0.00,AGUA CIEL SABOR Estandar 1 $0.00","SALSA BBQ $0.00,LIMON $0.00",""
54482045,"Davilas CCU","503",0,1,"JesseCordova",,"14:59:11 06-11-2023","14:59:13 06-11-2023","15:07:32 06-11-2023",,"2023-11-06 15:20:00","Caja Davilas UDEM","Lista","Tarjeta Tarjeta Debito",105,,,"0.00","Tarjeta Debito",,3,4086,,2,"  ",,,"CHICKEN TENDERS Estandar 1 $0.00","SALSA BBQ $0.00",""
54484429,"Davilas CCU","504",0,1,"LuisaArreola",,"15:37:10 06-11-2023","15:37:15 06-11-2023","17:20:11 06-11-2023",,"2023-11-06 15:40:00","Caja Davilas UDEM","Lista","Tarjeta Tarjeta Debito",98,,,"0.00","Tarjeta Debito",,3,4086,,2,"  ",,,"HAMBURGUESA DE POLLO Estandar 1 $0.00",,""
54484819,"Davilas CCU","505",0,1,"AlanSolis",,"15:45:51 06-11-2023","15:45:54 06-11-2023","15:49:26 06-11-2023",,"2023-11-06 15:45:51","Caja Davilas UDEM","Lista","Tarjeta Tarjeta Debito",105,,,"0.00","Tarjeta Debito",,3,4086,,2,"  ",,,"BONELESS Estandar 1 $0.00","SALSA BÚFALO $0.00",""
54485197,"Davilas CCU","506",0,1,"Rodrigo Guerrero",,"15:54:18 06-11-2023",,,"15:54:23 06-11-2023","2023-11-06 15:54:18","Caja Davilas UDEM","Cancelada","Tarjeta ",96,,,"0.00",,,5,4086,"Tarjeta rechazada",2,"  ",,,"CAMPECHANA Estandar 1 $0.00","CON QUESO $0.00",""
54487625,"Davilas CCU","507",0,1,"ivanna",,"17:01:42 06-11-2023","17:01:45 06-11-2023","17:20:06 06-11-2023",,"2023-11-06 17:20:00","Caja Davilas UDEM","Lista","Tarjeta Tarjeta Debito",96,,,"0.00","Tarjeta Debito",,3,4086,,2,"  ",,,"CAMPECHANA Estandar 1 $0.00","CON QUESO $0.00",""
54501796,"Davilas CCU","508",0,1,"emy",,"11:38:40 07-11-2023","11:38:43 07-11-2023","11:41:31 07-11-2023",,"2023-11-07 11:40:00","Caja Davilas UDEM","Lista","Tarjeta Tarjeta Debito",98,,,"0.00","Tarjeta Debito",,3,4086,,2,"  ",,,"ORDEN DE PAPAS Estandar 2 $0.00,AGUA NATURAL 600ML Estandar 1 $0.00",,""
54502640,"Davilas CCU","509",0,1,"emy",,"11:57:58 07-11-2023","11:58:04 07-11-2023","12:00:48 07-11-2023",,"2023-11-07 12:00:00","Caja Davilas UDEM","Lista","Tarjeta Tarjeta Debito",92,,,"0.00","Tarjeta Debito",,3,4086,,2,"  ",,,"ORDEN TACOS DE CARNE ASADA Estandar 1 $0.00","MAIZ $0.00,CON QUESO $0.00",""
54503254,"Davilas CCU","510",0,1,"DanielaVázquez",,"12:10:46 07-11-2023","12:10:53 07-11-2023","12:14:49 07-11-2023",,"2023-11-07 12:10:46","Caja Davilas UDEM","Lista","Tarjeta Tarjeta Debito",105,,,"0.00","Tarjeta Debito",,3,4086,,2,"  ",,,"CHICKEN TENDERS Estandar 1 $0.00","SALSA BÚFALO $0.00",""
54504088,"Davilas CCU","511",0,1,"JoseArcadioSotoRamirez",,"12:27:25 07-11-2023",,,"12:27:26 07-11-2023","2023-11-07 12:30:00","Caja Davilas UDEM","Cancelada","Tarjeta ",224,,,"0.00",,,5,4086,"Tarjeta rechazada",2,"  ",,,"BONELESS Estandar 1 $0.00,PAPA ASADA CON CARNE ASADA Estandar 1 $0.00","PORCION EXTRA DE CARNE ASADA $12.00,PORCION EXTRA DE TROMPO $10.00,SALSA BÚFALO $0.00",""
54504181,"Davilas CCU","512",0,1,"JoseArcadioSotoRamirez",,"12:28:57 07-11-2023",,,"12:29:02 07-11-2023","2023-11-07 12:30:00","Caja Davilas UDEM","Cancelada","Tarjeta ",223,,,"0.00",,,5,4086,"Tarjeta rechazada",2,"  ",,,"BONELESS Estandar 1 $0.00,PAPA ASADA CON TROMPO Estandar 1 $0.00","SALSA BÚFALO $0.00,PORCION EXTRA DE CARNE ASADA $12.00,PORCION EXTRA DE TROMPO $10.00",""
54504319,"Davilas CCU","513",0,1,"RicardoGarza",,"12:31:30 07-11-2023","12:31:36 07-11-2023","12:44:58 07-11-2023",,"2023-11-07 12:35:00","Caja Davilas UDEM","Lista","Tarjeta Tarjeta Debito",223,,,"0.00","Tarjeta Debito",,3,4086,,2,"  ",,,"BONELESS Estandar 1 $0.00,PAPA ASADA CON TROMPO Estandar 1 $0.00","SALSA BÚFALO $0.00,PORCION EXTRA DE CARNE ASADA $12.00,PORCION EXTRA DE TROMPO $10.00",""
54505309,"Davilas CCU","514",0,1,"SamanthaCastilloMontero",,"12:49:42 07-11-2023","12:49:49 07-11-2023","13:15:21 07-11-2023",,"2023-11-07 14:15:00","Caja Davilas UDEM","Lista","Tarjeta Tarjeta Debito",166,,,"0.00","Tarjeta Debito",,3,4086,,2,"  ",,,"DEDOS DE QUESO Estandar 1 $0.00,ORDEN DE PAPAS Estandar 1 $0.00,FUZE TEA Estandar 1 $0.00","SALSA BBQ $6.00",""
54505542,"Davilas CCU","515",0,1,"Karla",,"12:54:34 07-11-2023","12:54:41 07-11-2023","12:59:17 07-11-2023",,"2023-11-07 12:55:00","Caja Davilas UDEM","Lista","Tarjeta Tarjeta Credito",105,,,"0.00","Tarjeta Credito",,3,4086,,2,"  ",,,"CHICKEN TENDERS Estandar 1 $0.00","SALSA BÚFALO $0.00",""
54505696,"Davilas CCU","516",0,1,"EdithEspinosa",,"12:57:09 07-11-2023","12:57:11 07-11-2023","13:06:08 07-11-2023",,"2023-11-07 13:00:00","Caja Davilas UDEM","Lista","Tarjeta Tarjeta Credito",92,,,"0.00","Tarjeta Credito",,3,4086,,2,"  ",,,"ORDEN TACOS DE CARNE ASADA Estandar 1 $0.00","MAIZ $0.00,CON QUESO $0.00",""
54505747,"Davilas CCU","517",0,1,"norberto ",,"12:58:04 07-11-2023","12:58:05 07-11-2023","13:07:55 07-11-2023",,"2023-11-07 12:58:04","Caja Davilas UDEM","Lista","Tarjeta Tarjeta Credito",98,,,"0.00","Tarjeta Credito",,3,4086,,2,"  ",,,"HAMBURGUESA DE RES Estandar 1 $0.00",,""
54505912,"Davilas CCU","518",0,1,"Alexei Benavides ",,"13:01:00 07-11-2023","13:01:02 07-11-2023","13:05:38 07-11-2023",,"2023-11-07 13:01:00","Caja Davilas UDEM","Lista","Tarjeta Tarjeta Debito",61,,,"0.00","Tarjeta Debito",,3,4086,,2,"  ",,,"ORDEN PAPAS ESPECIALES Estandar 1 $0.00","SALSA BÚFALO $6.00",""
54506400,"Davilas CCU","519",0,1,"EnriqueCastilloMiranda",,"13:08:39 07-11-2023","13:08:45 07-11-2023","13:15:17 07-11-2023",,"2023-11-07 13:10:00","Caja Davilas UDEM","Lista","Tarjeta Tarjeta Credito",98,,,"0.00","Tarjeta Credito",,3,4086,,2,"  ",,,"TORTA DE CARNE ASADA Estandar 1 $0.00",,"TORTA DE CARNE ASADA Estandar: Sin tomate\n"
54507052,"Davilas CCU","520",0,1,"Ilse",,"13:17:42 07-11-2023","13:17:48 07-11-2023","13:19:28 07-11-2023",,"2023-11-07 13:20:00","Caja Davilas UDEM","Lista","Tarjeta Tarjeta Debito",40,,,"0.00","Tarjeta Debito",,3,4086,,2,"  ",,,"ORDEN DE PAPAS Estandar 1 $0.00",,""
54507689,"Davilas CCU","521",0,1,"Miguel Tello ",,"13:26:56 07-11-2023","13:27:00 07-11-2023","13:31:51 07-11-2023",,"2023-11-07 13:26:56","Caja Davilas UDEM","Lista","Tarjeta Tarjeta Credito",105,,,"0.00","Tarjeta Credito",,3,4086,,2,"  ",,,"CHICKEN TENDERS Estandar 1 $0.00","SALSA BÚFALO $0.00",""
54509871,"Davilas CCU","522",0,1,"Eduardo Nova ",,"14:01:52 07-11-2023","14:01:54 07-11-2023","14:29:35 07-11-2023",,"2023-11-07 14:30:00","Caja Davilas UDEM","Lista","Tarjeta Tarjeta Debito",105,,,"0.00","Tarjeta Debito",,3,4086,,2,"  ",,,"CHICKEN TENDERS Estandar 1 $0.00","SALSA BBQ $0.00","CHICKEN TENDERS Estandar: Me lo puede poner para llevar pls \n"
54510229,"Davilas CCU","523",0,1,"Mariana",,"14:07:31 07-11-2023","14:07:41 07-11-2023","14:13:03 07-11-2023",,"2023-11-07 14:10:00","Caja Davilas UDEM","Lista","Tarjeta Tarjeta Credito",98,,,"0.00","Tarjeta Credito",,3,4086,,2,"  ",,,"HAMBURGUESA DE POLLO Estandar 1 $0.00",,""
54512873,"Davilas CCU","524",0,1,"SofiaAlvarado",,"14:45:21 07-11-2023","14:45:24 07-11-2023","15:10:39 07-11-2023",,"2023-11-07 14:45:21","Caja Davilas UDEM","Lista","Tarjeta Tarjeta Debito",105,,,"0.00","Tarjeta Debito",,3,4086,,2,"  ",,,"BONELESS Estandar 1 $0.00","SALSA BÚFALO $0.00",""
54512961,"Davilas CCU","525",0,1,"MarijoseMedina",,"14:46:48 07-11-2023","14:46:51 07-11-2023","14:55:46 07-11-2023",,"2023-11-07 14:50:00","Caja Davilas UDEM","Lista","Tarjeta Tarjeta Debito",122,,,"0.00","Tarjeta Debito",,3,4086,,2,"  ",,,"ALITAS Estandar 1 $0.00,FUZE TEA Estandar 1 $0.00,ADEREZO RANCH Estandar 1 $0.00","NATURALES $0.00",""
54513052,"Davilas CCU","526",0,1,"Amauri",,"14:48:26 07-11-2023","14:48:30 07-11-2023","15:10:42 07-11-2023",,"2023-11-07 14:50:00","Caja Davilas UDEM","Lista","Tarjeta Tarjeta Debito",138,,,"0.00","Tarjeta Debito",,3,4086,,2,"  ",,,"BURRITO DE CARNE ASADA Estandar 1 $0.00,ORDEN DE PAPAS Estandar 1 $0.00","CON QUESO $0.00",""
54515235,"Davilas CCU","527",0,1,"LucianaYañez",,"15:24:50 07-11-2023",,,"15:24:55 07-11-2023","2023-11-07 15:25:00","Caja Davilas UDEM","Cancelada","Tarjeta ",96,,,"0.00",,,5,4086,"Tarjeta rechazada",2,"  ",,,"CAMPECHANA Estandar 1 $0.00","CON QUESO $0.00",""
54515631,"Davilas CCU","528",0,1,"Natalia",,"15:32:12 07-11-2023","15:32:17 07-11-2023","15:37:22 07-11-2023",,"2023-11-07 15:35:00","Caja Davilas UDEM","Lista","Tarjeta Tarjeta Debito",105,,,"0.00","Tarjeta Debito",,3,4086,,2,"  ",,,"BONELESS Estandar 1 $0.00","NATURALES $0.00",""
54520353,"Davilas CCU","529",0,1,"Javier",,"17:41:21 07-11-2023","17:41:27 07-11-2023","17:46:52 07-11-2023",,"2023-11-07 17:45:00","Caja Davilas UDEM","Lista","Tarjeta Tarjeta Debito",105,,,"0.00","Tarjeta Debito",,3,4086,,2,"  ",,,"CHICKEN TENDERS Estandar 1 $0.00","SALSA BBQ $0.00",""
54534992,"Davilas CCU","530",0,1,"Missael Jonathan sanchez Zúñiga ",,"12:35:53 08-11-2023",,,"12:35:58 08-11-2023","2023-11-08 12:35:53","Caja Davilas UDEM","Cancelada","Tarjeta ",55,,,"0.00",,,5,4086,"Tarjeta rechazada",2,"  ",,,"ORDEN PAPAS ESPECIALES Estandar 1 $0.00",,""
54535133,"Davilas CCU","531",0,1,"Missael Jonathan sanchez Zúñiga ",,"12:38:35 08-11-2023",,,"12:38:39 08-11-2023","2023-11-08 12:38:35","Caja Davilas UDEM","Cancelada","Tarjeta ",55,,,"0.00",,,5,4086,"Tarjeta rechazada",2,"  ",,,"ORDEN PAPAS ESPECIALES Estandar 1 $0.00",,""
54542027,"Davilas CCU","532",0,1,"PaolaFloresChacón",,"14:28:48 08-11-2023","14:28:53 08-11-2023","15:09:34 08-11-2023",,"2023-11-08 14:30:00","Caja Davilas UDEM","Lista","Tarjeta Tarjeta Debito",55,,,"0.00","Tarjeta Debito",,3,4086,,2,"  ",,,"ORDEN PAPAS ESPECIALES Estandar 1 $0.00",,""
54565657,"Davilas CCU","533",0,1,"Carlos",,"12:34:45 09-11-2023","12:34:51 09-11-2023","12:42:43 09-11-2023",,"2023-11-09 12:35:00","Caja Davilas UDEM","Lista","Tarjeta Tarjeta Credito",96,,,"0.00","Tarjeta Credito",,3,4086,,2,"  ",,,"DEDOS DE QUESO Estandar 1 $0.00",,""
54566172,"Davilas CCU","534",0,1,"Victor",,"12:45:55 09-11-2023","12:46:01 09-11-2023","13:02:15 09-11-2023",,"2023-11-09 12:45:55","Caja Davilas UDEM","Lista","Tarjeta Tarjeta Debito",97,,,"0.00","Tarjeta Debito",,3,4086,,2,"  ",,,"PAPA ASADA CON CARNE ASADA Estandar 1 $0.00",,""
54567521,"Davilas CCU","535",0,1,"EdithEspinosa",,"13:07:04 09-11-2023","13:07:09 09-11-2023","13:15:18 09-11-2023",,"2023-11-09 13:10:00","Caja Davilas UDEM","Lista","Tarjeta Tarjeta Credito",98,,,"0.00","Tarjeta Credito",,3,4086,,2,"  ",,,"HAMBURGUESA DE RES Estandar 1 $0.00",,""
54567635,"Davilas CCU","536",0,1,"Carlos García",,"13:08:44 09-11-2023","13:08:53 09-11-2023","13:15:26 09-11-2023",,"2023-11-09 13:08:45","Caja Davilas UDEM","Lista","Tarjeta Tarjeta Credito",105,,,"0.00","Tarjeta Credito",,3,4086,,2,"  ",,,"CHICKEN TENDERS Estandar 1 $0.00","SALSA BÚFALO $0.00",""
54567820,"Davilas CCU","537",0,1,"Valeria",,"13:11:27 09-11-2023","13:11:34 09-11-2023","13:38:49 09-11-2023",,"2023-11-09 15:30:00","Caja Davilas UDEM","Lista","Tarjeta Tarjeta Credito",196,,,"0.00","Tarjeta Credito",,3,4086,,2,"  ",,,"BURRITO DE CARNE ASADA Estandar 1 $0.00,HAMBURGUESA DE RES Estandar 1 $0.00","CON QUESO $0.00,SIN VERDURA $0.00","BURRITO DE CARNE ASADA Estandar: Sin aguacate \nHAMBURGUESA DE RES Estandar: Sin verduras pero con aguacate \n"
54568238,"Davilas CCU","538",0,1,"EdithEspinosa",,"13:17:20 09-11-2023","13:17:25 09-11-2023","13:38:59 09-11-2023",,"2023-11-09 13:20:00","Caja Davilas UDEM","Lista","Tarjeta Tarjeta Credito",105,,,"0.00","Tarjeta Credito",,3,4086,,2,"  ",,,"CHICKEN TENDERS Estandar 1 $0.00","SALSA BBQ $0.00",""
54568303,"Davilas CCU","539",0,1,"Valeria",,"13:18:06 09-11-2023","13:18:07 09-11-2023","13:21:58 09-11-2023",,"2023-11-09 13:20:00","Caja Davilas UDEM","Lista","Tarjeta Tarjeta Debito",97,,,"0.00","Tarjeta Debito",,3,4086,,2,"  ",,,"PAPA ASADA CON CARNE ASADA Estandar 1 $0.00",,""
54569183,"Davilas CCU","540",0,1,"RafaelGarcíaEscareño",,"13:30:25 09-11-2023","13:30:30 09-11-2023","13:38:55 09-11-2023",,"2023-11-09 13:30:25","Caja Davilas UDEM","Lista","Tarjeta Tarjeta Credito",129,,,"0.00","Tarjeta Credito",,3,4086,,2,"  ",,,"BONELESS Estandar 1 $0.00,FUZE TEA Estandar 1 $0.00","SALSA BÚFALO $0.00",""
54570520,"Davilas CCU","541",0,1,"Amauri",,"13:52:04 09-11-2023","13:52:06 09-11-2023","13:58:44 09-11-2023",,"2023-11-09 13:55:00","Caja Davilas UDEM","Lista","Tarjeta Tarjeta Debito",138,,,"0.00","Tarjeta Debito",,3,4086,,2,"  ",,,"BURRITO DE CARNE ASADA Estandar 1 $0.00,ORDEN DE PAPAS Estandar 1 $0.00","CON QUESO $0.00",""
54570724,"Davilas CCU","542",0,1,"MaríaFernandaHerrera",,"13:54:58 09-11-2023","13:55:03 09-11-2023","14:08:48 09-11-2023",,"2023-11-09 13:55:00","Caja Davilas UDEM","Lista","Tarjeta Tarjeta Credito",92,,,"0.00","Tarjeta Credito",,3,4086,,2,"  ",,,"TORTA DE PIERNA Estandar 1 $0.00",,""
54571116,"Davilas CCU","543",0,1,"MauricioAraujo",,"14:01:18 09-11-2023","14:01:25 09-11-2023","14:08:40 09-11-2023",,"2023-11-09 14:05:00","Caja Davilas UDEM","Lista","Tarjeta Tarjeta Debito",105,,,"0.00","Tarjeta Debito",,3,4086,,2,"  ",,,"BONELESS Estandar 1 $0.00","SALSA BBQ $0.00",""
54573112,"Davilas CCU","544",0,1,"Renata",,"14:29:37 09-11-2023","14:29:43 09-11-2023","14:37:00 09-11-2023",,"2023-11-09 14:29:37","Caja Davilas UDEM","Lista","Tarjeta Tarjeta Debito",105,,,"0.00","Tarjeta Debito",,3,4086,,2,"  ",,,"BONELESS Estandar 1 $0.00","SALSA BÚFALO $0.00","para llevar"
54578662,"Davilas CCU","545",0,1,"IanCano",,"16:05:42 09-11-2023","16:05:49 09-11-2023","16:11:16 09-11-2023",,"2023-11-09 16:05:42","Caja Davilas UDEM","Lista","Tarjeta Tarjeta Debito",61,,,"0.00","Tarjeta Debito",,3,4086,,2,"  ",,,"ORDEN PAPAS ESPECIALES Estandar 1 $0.00","SALSA BÚFALO $6.00","ORDEN PAPAS ESPECIALES Estandar: De trompo porfavor \n"
54581226,"Davilas CCU","546",0,1,"mariana",,"17:22:00 09-11-2023","17:22:06 09-11-2023","17:25:23 09-11-2023",,"2023-11-09 17:25:00","Caja Davilas UDEM","Lista","Tarjeta Tarjeta Credito",105,,,"0.00","Tarjeta Credito",,3,4086,,2,"  ",,,"CHICKEN TENDERS Estandar 1 $0.00","SALSA BBQ $0.00",""
54595379,"Davilas CCU","547",0,1,"Jadra",,"12:05:51 10-11-2023","12:05:53 10-11-2023","12:11:14 10-11-2023",,"2023-11-10 12:05:51","Caja Davilas UDEM","Lista","Tarjeta Tarjeta Credito",98,,,"0.00","Tarjeta Credito",,3,4086,,2,"  ",,,"HAMBURGUESA DE POLLO Estandar 1 $0.00",,""
54595424,"Davilas CCU","548",0,1,"Ethan",,"12:06:51 10-11-2023","12:06:59 10-11-2023","12:42:37 10-11-2023",,"2023-11-10 13:00:00","Caja Davilas UDEM","Lista","Tarjeta Tarjeta Credito",92,,,"0.00","Tarjeta Credito",,3,4086,,2,"  ",,,"TORTA DE PIERNA Estandar 1 $0.00",,""
54596834,"Davilas CCU","549",0,1,"emy",,"12:30:28 10-11-2023","12:30:34 10-11-2023","12:37:03 10-11-2023",,"2023-11-10 12:30:28","Caja Davilas UDEM","Lista","Tarjeta Tarjeta Debito",40,,,"0.00","Tarjeta Debito",,3,4086,,2,"  ",,,"ORDEN DE PAPAS Estandar 1 $0.00",,""
54597068,"Davilas CCU","550",0,1,"Guillermo Garza",,"12:34:48 10-11-2023","12:34:51 10-11-2023","12:42:35 10-11-2023",,"2023-11-10 12:34:48","Caja Davilas UDEM","Lista","Tarjeta Tarjeta Credito",105,,,"0.00","Tarjeta Credito",,3,4086,,2,"  ",,,"BONELESS Estandar 1 $0.00","NATURALES $0.00",""
54598507,"Davilas CCU","551",0,1,"Ilse",,"13:00:37 10-11-2023","13:00:39 10-11-2023","13:09:07 10-11-2023",,"2023-11-10 13:00:37","Caja Davilas UDEM","Lista","Tarjeta Tarjeta Debito",105,,,"0.00","Tarjeta Debito",,3,4086,,2,"  ",,,"CHICKEN TENDERS Estandar 1 $0.00","SALSA BBQ $0.00",""
54598671,"Davilas CCU","552",0,1,"AlbertoGarza",,"13:03:10 10-11-2023","13:03:17 10-11-2023","13:09:03 10-11-2023",,"2023-11-10 13:05:00","Caja Davilas UDEM","Lista","Tarjeta Tarjeta Debito",98,,,"0.00","Tarjeta Debito",,3,4086,,2,"  ",,,"BURRITO DE CARNE ASADA Estandar 1 $0.00","CON QUESO $0.00",""
54599100,"Davilas CCU","553",0,1,"Cesar",,"13:09:28 10-11-2023","13:09:34 10-11-2023","13:15:58 10-11-2023",,"2023-11-10 13:10:00","Caja Davilas UDEM","Lista","Tarjeta Tarjeta Credito",201,,,"0.00","Tarjeta Credito",,3,4086,,2,"  ",,,"CAMPECHANA Estandar 1 $0.00,CHICKEN TENDERS Estandar 1 $0.00","CON QUESO $0.00,SALSA BBQ $0.00",""
54599142,"Davilas CCU","554",0,1,"Karla",,"13:10:09 10-11-2023","13:10:12 10-11-2023","13:14:31 10-11-2023",,"2023-11-10 13:10:09","Caja Davilas UDEM","Lista","Tarjeta Tarjeta Credito",55,,,"0.00","Tarjeta Credito",,3,4086,,2,"  ",,,"ORDEN PAPAS ESPECIALES Estandar 1 $0.00",,"orden para llevar"
54601328,"Davilas CCU","555",0,1,"Emiliano López Puente ",,"13:41:35 10-11-2023","13:41:36 10-11-2023","13:45:14 10-11-2023",,"2023-11-10 13:41:35","Caja Davilas UDEM","Lista","Tarjeta Tarjeta Credito",105,,,"0.00","Tarjeta Credito",,3,4086,,2,"  ",,,"CHICKEN TENDERS Estandar 1 $0.00","SALSA BÚFALO $0.00",""
54602123,"Davilas CCU","556",0,1,"SofiaAlvarado",,"13:53:26 10-11-2023","13:53:34 10-11-2023","14:00:20 10-11-2023",,"2023-11-10 13:55:00","Caja Davilas UDEM","Lista","Tarjeta Tarjeta Debito",201,,,"0.00","Tarjeta Debito",,3,4086,,2,"  ",,,"BONELESS Estandar 1 $0.00,CAMPECHANA Estandar 1 $0.00","CON QUESO $0.00,SALSA BÚFALO $0.00",""
54602144,"Davilas CCU","557",0,1,"LorenaMoralesVázquez",,"13:53:45 10-11-2023","13:53:48 10-11-2023","14:02:47 10-11-2023",,"2023-11-10 13:55:00","Caja Davilas UDEM","Lista","Tarjeta Tarjeta Debito",313,,,"0.00","Tarjeta Debito",,3,4086,,2,"  ",,,"BONELESS Estandar 1 $0.00,DEDOS DE QUESO Estandar 1 $0.00,GRINGA Estandar 1 $0.00,AGUA NATURAL 600ML Estandar 1 $0.00","CON QUESO $0.00,SALSA BBQ $0.00",""
54603363,"Davilas CCU","558",0,1,"norberto ",,"14:12:07 10-11-2023","14:12:13 10-11-2023","14:17:58 10-11-2023",,"2023-11-10 14:12:07","Caja Davilas UDEM","Lista","Tarjeta Tarjeta Credito",105,,,"0.00","Tarjeta Credito",,3,4086,,2,"  ",,,"CHICKEN TENDERS Estandar 1 $0.00","SALSA BBQ $0.00",""
54603546,"Davilas CCU","559",0,1,"MarijoseMedina",,"14:14:35 10-11-2023","14:14:42 10-11-2023","14:20:25 10-11-2023",,"2023-11-10 14:15:00","Caja Davilas UDEM","Lista","Tarjeta Tarjeta Debito",135,,,"0.00","Tarjeta Debito",,3,4086,,2,"  ",,,"CHICKEN TENDERS Estandar 1 $0.00,FUZE TEA Estandar 1 $0.00,ADEREZO RANCH Estandar 1 $0.00","SALSA BÚFALO $0.00","FUZE TEA Estandar: Tapa amarilla \n"
54604594,"Davilas CCU","560",0,1,"Carlos García",,"14:30:17 10-11-2023","14:30:20 10-11-2023","14:33:10 10-11-2023",,"2023-11-10 14:30:17","Caja Davilas UDEM","Lista","Tarjeta Tarjeta Credito",40,,,"0.00","Tarjeta Credito",,3,4086,,2,"  ",,,"ORDEN DE PAPAS Estandar 1 $0.00",,""
54604955,"Davilas CCU","561",0,1,"Salvador Amaro",,"14:35:20 10-11-2023","14:35:27 10-11-2023","14:45:30 10-11-2023",,"2023-11-10 14:35:20","Caja Davilas UDEM","Lista","Tarjeta Tarjeta Credito",203,,,"0.00","Tarjeta Credito",,3,4086,,2,"  ",,,"BONELESS Estandar 1 $0.00,HAMBURGUESA DE RES Estandar 1 $0.00","SALSA BÚFALO $0.00",""
54609747,"Davilas CCU","562",0,1,"Naomy",,"15:58:12 10-11-2023","15:58:17 10-11-2023","16:00:10 10-11-2023",,"2023-11-10 16:00:00","Caja Davilas UDEM","Lista","Tarjeta Tarjeta Credito",105,,,"0.00","Tarjeta Credito",,3,4086,,2,"  ",,,"BONELESS Estandar 1 $0.00","NATURALES $0.00",""
54623452,"Davilas CCU","563",0,1,"RaúlRodríguez",,"11:22:25 11-11-2023","11:22:30 11-11-2023","15:30:22 17-11-2023",,"2023-11-11 11:25:00","Caja Davilas UDEM","Lista","Tarjeta Tarjeta Credito",117,,,"0.00","Tarjeta Credito",,3,4086,,2,"  ",,,"CHICKEN TENDERS Estandar 1 $0.00,ADEREZO RANCH Estandar 2 $0.00","SALSA BBQ $0.00",""
54677756,"Davilas CCU","564",0,1,"Hernánaraiza",,"12:04:08 13-11-2023","12:04:14 13-11-2023","12:54:01 13-11-2023",,"2023-11-13 13:00:00","Caja Davilas UDEM","Lista","Tarjeta Tarjeta Debito",210,,,"0.00","Tarjeta Debito",,3,4086,,2,"  ",,,"BONELESS Estandar 1 $0.00,BONELESS Estandar 1 $0.00","SALSA BÚFALO $0.00,SALSA BÚFALO $0.00","BONELESS Estandar: Salsa aparte por favor \n"
54680593,"Davilas CCU","565",0,1,"PriscilaLimón",,"12:56:56 13-11-2023","12:56:59 13-11-2023","13:03:52 13-11-2023",,"2023-11-13 13:00:00","Caja Davilas UDEM","Lista","Tarjeta Tarjeta Credito",105,,,"0.00","Tarjeta Credito",,3,4086,,2,"  ",,,"BONELESS Estandar 1 $0.00","SALSA BÚFALO $0.00",""
54681154,"Davilas CCU","566",0,1,"Daniela",,"13:06:09 13-11-2023",,,"13:06:11 13-11-2023","2023-11-13 13:10:00","Caja Davilas UDEM","Cancelada","Tarjeta ",98,,,"0.00",,,5,4086,"Tarjeta rechazada",2,"  ",,,"BURRITO DE CARNE ASADA Estandar 1 $0.00","CON QUESO $0.00",""
54682000,"Davilas CCU","567",0,1,"CarlosVillarreal",,"13:17:48 13-11-2023","13:17:51 13-11-2023","13:19:31 13-11-2023",,"2023-11-13 13:20:00","Caja Davilas UDEM","Lista","Tarjeta Tarjeta Debito",96,,,"0.00","Tarjeta Debito",,3,4086,,2,"  ",,,"PAPA ASADA CON TROMPO Estandar 1 $0.00",,""
54682204,"Davilas CCU","568",0,1,"Daniela",,"13:20:37 13-11-2023","13:20:42 13-11-2023","13:26:51 13-11-2023",,"2023-11-13 13:20:37","Caja Davilas UDEM","Lista","Tarjeta Tarjeta Debito",98,,,"0.00","Tarjeta Debito",,3,4086,,2,"  ",,,"BURRITO DE CARNE ASADA Estandar 1 $0.00","CON QUESO $0.00",""
54682604,"Davilas CCU","569",0,1,"Camila",,"13:26:28 13-11-2023","13:26:33 13-11-2023","13:52:04 13-11-2023",,"2023-11-13 14:10:00","Caja Davilas UDEM","Lista","Tarjeta Tarjeta Debito",105,,,"0.00","Tarjeta Debito",,3,4086,,2,"  ",,,"BONELESS Estandar 1 $0.00","NATURALES $0.00","BONELESS Estandar: Salsa Bufalo Aparte PORFAVOR  \n"
54682741,"Davilas CCU","570",0,1,"Alessandra",,"13:28:34 13-11-2023","13:28:39 13-11-2023","13:48:14 13-11-2023",,"2023-11-13 14:00:00","Caja Davilas UDEM","Lista","Tarjeta Tarjeta Debito",105,,,"0.00","Tarjeta Debito",,3,4086,,2,"  ",,,"BONELESS Estandar 1 $0.00","SALSA BÚFALO $0.00",""
54684298,"Davilas CCU","571",0,1,"Dilan Mendoza",,"13:53:30 13-11-2023",,,"13:53:35 13-11-2023","2023-11-13 13:53:30","Caja Davilas UDEM","Cancelada","Tarjeta ",105,,,"0.00",,,5,4086,"Tarjeta rechazada",2,"  ",,,"BONELESS Estandar 1 $0.00","SALSA BÚFALO $0.00",""
54685805,"Davilas CCU","572",0,1,"SofiaAlvarado",,"14:15:42 13-11-2023","14:15:49 13-11-2023","14:21:04 13-11-2023",,"2023-11-13 14:15:42","Caja Davilas UDEM","Lista","Tarjeta Tarjeta Debito",92,,,"0.00","Tarjeta Debito",,3,4086,,2,"  ",,,"ALITAS Estandar 1 $0.00","SALSA BÚFALO $0.00","ALITAS Estandar: La salsa por aparte \n"
54686219,"Davilas CCU","573",0,1,"XimenaSillas",,"14:21:30 13-11-2023","14:21:33 13-11-2023","14:27:02 13-11-2023",,"2023-11-13 14:25:00","Caja Davilas UDEM","Lista","Tarjeta Tarjeta Debito",98,,,"0.00","Tarjeta Debito",,3,4086,,2,"  ",,,"BURRITO DE CARNE ASADA Estandar 1 $0.00","SIN QUESO $0.00",""
54686269,"Davilas CCU","574",0,1,"Dilan Mendoza",,"14:22:15 13-11-2023",,,"14:22:19 13-11-2023","2023-11-13 14:22:15","Caja Davilas UDEM","Cancelada","Tarjeta ",105,,,"0.00",,,5,4086,"Tarjeta rechazada",2,"  ",,,"BONELESS Estandar 1 $0.00","SALSA BÚFALO $0.00",""
54686431,"Davilas CCU","575",0,1,"Dilan Mendoza",,"14:24:17 13-11-2023","14:24:19 13-11-2023","14:27:00 13-11-2023",,"2023-11-13 14:24:17","Caja Davilas UDEM","Lista","Tarjeta Tarjeta Debito",105,,,"0.00","Tarjeta Debito",,3,4086,,2,"  ",,,"BONELESS Estandar 1 $0.00","SALSA BÚFALO $0.00",""
54687350,"Davilas CCU","576",0,1,"DiegoLinares",,"14:37:08 13-11-2023","14:37:13 13-11-2023","14:39:18 13-11-2023",,"2023-11-13 14:40:00","Caja Davilas UDEM","Lista","Tarjeta Tarjeta Debito",105,,,"0.00","Tarjeta Debito",,3,4086,,2,"  ",,,"BONELESS Estandar 1 $0.00","SALSA BÚFALO $0.00",""
54687622,"Davilas CCU","577",0,1,"Rafael Woodward Jiménez ",,"14:41:11 13-11-2023","14:41:13 13-11-2023","14:45:42 13-11-2023",,"2023-11-13 14:42:36","Caja Davilas UDEM","Lista","Tarjeta Tarjeta Debito",98,,,"0.00","Tarjeta Debito",,3,4086,,2,"  ",,,"HAMBURGUESA DE RES Estandar 1 $0.00",,""
54691438,"Davilas CCU","578",0,1,"Carlos",,"15:45:00 13-11-2023","15:45:05 13-11-2023","15:50:58 13-11-2023",,"2023-11-13 16:00:00","Caja Davilas UDEM","Lista","Tarjeta Tarjeta Credito",96,,,"0.00","Tarjeta Credito",,3,4086,,2,"  ",,,"DEDOS DE QUESO Estandar 1 $0.00",,""
54692044,"Davilas CCU","579",0,1,"IanCano",,"15:58:15 13-11-2023",,,"15:58:19 13-11-2023","2023-11-13 16:00:00","Caja Davilas UDEM","Cancelada","Tarjeta ",55,,,"0.00",,,5,4086,"Tarjeta rechazada",2,"  ",,,"ORDEN PAPAS ESPECIALES Estandar 1 $0.00",,""
54692083,"Davilas CCU","580",0,1,"IanCano",,"15:59:18 13-11-2023",,,"15:59:24 13-11-2023","2023-11-13 16:00:00","Caja Davilas UDEM","Cancelada","Tarjeta ",55,,,"0.00",,,5,4086,"Tarjeta rechazada",2,"  ",,,"ORDEN PAPAS ESPECIALES Estandar 1 $0.00",,""
54692119,"Davilas CCU","581",0,1,"DiegoTovar",,"15:59:55 13-11-2023","15:59:56 13-11-2023","16:04:37 13-11-2023",,"2023-11-13 16:00:00","Caja Davilas UDEM","Lista","Tarjeta Tarjeta Credito",55,,,"0.00","Tarjeta Credito",,3,4086,,2,"  ",,,"ORDEN PAPAS ESPECIALES Estandar 1 $0.00",,"ORDEN PAPAS ESPECIALES Estandar: sin tocino\n"
54692278,"Davilas CCU","582",0,1,"IanCano",,"16:04:07 13-11-2023",,,"16:04:09 13-11-2023","2023-11-13 16:05:00","Caja Davilas UDEM","Cancelada","Tarjeta ",55,,,"0.00",,,5,4086,"Tarjeta rechazada",2,"  ",,,"ORDEN PAPAS ESPECIALES Estandar 1 $0.00",,""
54711388,"Davilas CCU","583",0,1,"Karla",,"13:04:44 14-11-2023","13:04:49 14-11-2023","13:20:13 14-11-2023",,"2023-11-14 13:05:00","Caja Davilas UDEM","Lista","Tarjeta Tarjeta Debito",89,,,"0.00","Tarjeta Debito",,3,4086,,2,"  ",,,"ORDEN DE TROMPO Estandar 1 $0.00","MAIZ $0.00,CON QUESO $0.00","orden para llevar"
54711483,"Davilas CCU","584",0,1,"DiegoLinares",,"13:06:08 14-11-2023","13:06:14 14-11-2023","13:08:43 14-11-2023",,"2023-11-14 13:10:00","Caja Davilas UDEM","Lista","Tarjeta Tarjeta Debito",105,,,"0.00","Tarjeta Debito",,3,4086,,2,"  ",,,"BONELESS Estandar 1 $0.00","SALSA BÚFALO $0.00",""
54715066,"Davilas CCU","585",0,1,"Abraham Espinosa",,"13:59:11 14-11-2023","13:59:13 14-11-2023","14:03:00 14-11-2023",,"2023-11-14 13:59:11","Caja Davilas UDEM","Lista","Tarjeta Tarjeta Debito",105,,,"0.00","Tarjeta Debito",,3,4086,,2,"  ",,,"CHICKEN TENDERS Estandar 1 $0.00","SALSA BÚFALO $0.00",""
54715795,"Davilas CCU","586",0,1,"Pablo",,"14:09:35 14-11-2023","14:09:40 14-11-2023","14:12:46 14-11-2023",,"2023-11-14 14:10:00","Caja Davilas UDEM","Lista","Tarjeta Tarjeta Debito",105,,,"0.00","Tarjeta Debito",,3,4086,,2,"  ",,,"BONELESS Estandar 1 $0.00","SALSA BÚFALO $0.00",""
54717006,"Davilas CCU","587",0,1,"Jorge Valenzuela",,"14:26:06 14-11-2023","14:26:11 14-11-2023","14:28:50 14-11-2023",,"2023-11-14 14:26:06","Caja Davilas UDEM","Lista","Tarjeta Tarjeta Debito",127,,,"0.00","Tarjeta Debito",,3,4086,,2,"  ",,,"BONELESS Estandar 1 $0.00,AGUA 1 LITRO Estandar 1 $0.00","SALSA BÚFALO $0.00",""
54718444,"Davilas CCU","588",0,1,"Rafael Woodward Jiménez ",,"14:47:50 14-11-2023","14:47:56 14-11-2023","14:56:59 14-11-2023",,"2023-11-14 14:49:16","Caja Davilas UDEM","Lista","Tarjeta Tarjeta Debito",197,,,"0.00","Tarjeta Debito",,3,4086,,2,"  ",,,"ALITAS Estandar 1 $0.00,BONELESS Estandar 1 $0.00","SALSA BBQ $0.00,SALSA BBQ $0.00",""
54721729,"Davilas CCU","589",0,1,"Marianamontemayor",,"15:37:17 14-11-2023","15:37:20 14-11-2023","15:42:24 14-11-2023",,"2023-11-14 15:40:00","Caja Davilas UDEM","Lista","Tarjeta Tarjeta Debito",105,,,"0.00","Tarjeta Debito",,3,4086,,2,"  ",,,"CHICKEN TENDERS Estandar 1 $0.00","SALSA BÚFALO $0.00",""
54727595,"Davilas CCU","590",0,1,"norberto ",,"18:40:41 14-11-2023",,,"18:40:42 14-11-2023","2023-11-14 18:40:41","Caja Davilas UDEM","Cancelada","Tarjeta ",55,,,"0.00",,,5,4086,"Tarjeta rechazada",2,"  ",,,"ORDEN PAPAS ESPECIALES Estandar 1 $0.00",,""
54727602,"Davilas CCU","591",0,1,"norberto ",,"18:41:30 14-11-2023",,,"18:41:34 14-11-2023","2023-11-14 18:41:30","Caja Davilas UDEM","Cancelada","Tarjeta ",55,,,"0.00",,,5,4086,"Tarjeta rechazada",2,"  ",,,"ORDEN PAPAS ESPECIALES Estandar 1 $0.00",,""
54727668,"Davilas CCU","592",0,1,"norberto ",,"18:44:51 14-11-2023","18:44:56 14-11-2023","19:23:31 14-11-2023",,"2023-11-14 18:44:51","Caja Davilas UDEM","Lista","Tarjeta Tarjeta Debito",55,,,"0.00","Tarjeta Debito",,3,4086,,2,"  ",,,"ORDEN PAPAS ESPECIALES Estandar 1 $0.00",,""
54742231,"Davilas CCU","593",0,1,"SofiaBrussolo",,"12:46:59 15-11-2023","12:47:02 15-11-2023","12:55:53 15-11-2023",,"2023-11-15 12:50:00","Caja Davilas UDEM","Lista","Tarjeta Tarjeta Debito",98,,,"0.00","Tarjeta Debito",,3,4086,,2,"  ",,,"HAMBURGUESA DE POLLO Estandar 1 $0.00",,""
54742484,"Davilas CCU","594",0,1,"FernandaMateos",,"12:51:43 15-11-2023","12:51:48 15-11-2023","14:04:07 15-11-2023",,"2023-11-15 14:15:00","Caja Davilas UDEM","Lista","Tarjeta Tarjeta Debito",92,,,"0.00","Tarjeta Debito",,3,4086,,2,"  ",,,"TORTA DE PIERNA Estandar 1 $0.00","SIN VERDURA $0.00",""
54745689,"Davilas CCU","595",0,1,"SamanthaCastilloMontero",,"13:37:37 15-11-2023","13:37:41 15-11-2023","13:49:05 15-11-2023",,"2023-11-15 13:40:00","Caja Davilas UDEM","Lista","Tarjeta Tarjeta Debito",142,,,"0.00","Tarjeta Debito",,3,4086,,2,"  ",,,"DEDOS DE QUESO Estandar 1 $0.00,ORDEN DE PAPAS Estandar 1 $0.00","SALSA BBQ $6.00",""
54749442,"Davilas CCU","596",0,1,"SergioS",,"14:30:38 15-11-2023","14:30:42 15-11-2023","14:31:39 15-11-2023",,"2023-11-15 14:30:38","Caja Davilas UDEM","Lista","Tarjeta Tarjeta Debito",98,,,"0.00","Tarjeta Debito",,3,4086,,2,"  ",,,"HAMBURGUESA DE RES Estandar 1 $0.00",,""
54749657,"Davilas CCU","597",0,1,"Sofiazamora",,"14:33:35 15-11-2023","14:33:37 15-11-2023","14:40:00 15-11-2023",,"2023-11-15 14:35:00","Caja Davilas UDEM","Lista","Tarjeta Tarjeta Debito",98,,,"0.00","Tarjeta Debito",,3,4086,,2,"  ",,,"HAMBURGUESA DE RES Estandar 1 $0.00","SIN VERDURA $0.00","HAMBURGUESA DE RES Estandar: Sin tomate ni lechuga \n"
54754759,"Davilas CCU","598",0,1,"AlanSolis",,"15:58:41 15-11-2023","15:58:45 15-11-2023","16:05:02 15-11-2023",,"2023-11-15 16:00:00","Caja Davilas UDEM","Lista","Tarjeta Tarjeta Debito",98,,,"0.00","Tarjeta Debito",,3,4086,,2,"  ",,,"HAMBURGUESA DE POLLO Estandar 1 $0.00",,""
54759858,"Davilas CCU","599",0,1,"ClaudiaCruzReyes",,"18:27:42 15-11-2023","18:27:45 15-11-2023",,,"2023-11-15 18:30:00","Caja Davilas UDEM","Procesándose","Tarjeta Tarjeta Debito",105,,,"0.00","Tarjeta Debito",,2,4086,,2,"  ",,,"BONELESS Estandar 1 $0.00","NATURALES $0.00",""
54773152,"Davilas CCU","600",0,1,"Ethan",,"11:41:40 16-11-2023","11:41:45 16-11-2023","11:53:18 16-11-2023",,"2023-11-16 11:45:00","Caja Davilas UDEM","Lista","Tarjeta Tarjeta Credito",119,,,"0.00","Tarjeta Credito",,3,4086,,2,"  ",,,"PAPA ASADA CON CARNE ASADA Estandar 1 $0.00","SIN CREMA $0.00,PORCION EXTRA DE CARNE ASADA $12.00,PORCION EXTRA DE TROMPO $10.00",""
54773525,"Davilas CCU","601",0,1,"Naomy",,"11:49:54 16-11-2023","11:49:56 16-11-2023","11:54:54 16-11-2023",,"2023-11-16 11:50:00","Caja Davilas UDEM","Lista","Tarjeta Tarjeta Credito",105,,,"0.00","Tarjeta Credito",,3,4086,,2,"  ",,,"BONELESS Estandar 1 $0.00","NATURALES $0.00",""
54776031,"Davilas CCU","602",0,1,"Carlos",,"12:35:29 16-11-2023","12:35:35 16-11-2023","12:48:32 16-11-2023",,"2023-11-16 12:35:29","Caja Davilas UDEM","Lista","Tarjeta Tarjeta Credito",96,,,"0.00","Tarjeta Credito",,3,4086,,2,"  ",,,"DEDOS DE QUESO Estandar 1 $0.00",,""
54778304,"Davilas CCU","603",0,1,"Eduardo Oyervides ",,"13:13:24 16-11-2023","13:13:29 16-11-2023","13:17:11 16-11-2023",,"2023-11-16 13:13:24","Caja Davilas UDEM","Lista","Tarjeta Tarjeta Credito",105,,,"0.00","Tarjeta Credito",,3,4086,,2,"  ",,,"BONELESS Estandar 1 $0.00","NATURALES $0.00",""
54778318,"Davilas CCU","604",0,1,"David Valenzuela ",,"13:13:32 16-11-2023","13:13:38 16-11-2023","13:19:30 16-11-2023",,"2023-11-16 13:13:32","Caja Davilas UDEM","Lista","Tarjeta Tarjeta Debito",220,,,"0.00","Tarjeta Debito",,3,4086,,2,"  ",,,"ORDEN DE TROMPO Estandar 1 $0.00,PAPA ASADA CON CARNE ASADA Estandar 1 $0.00,FUZE TEA Estandar 1 $0.00","MAIZ $0.00,SIN QUESO $0.00,PORCION EXTRA DE TROMPO $10.00",""
54778943,"Davilas CCU","605",0,1,"ZuilmaMolina",,"13:21:41 16-11-2023","13:21:46 16-11-2023","13:38:51 16-11-2023",,"2023-11-16 13:25:00","Caja Davilas UDEM","Lista","Tarjeta Tarjeta Debito",196,,,"0.00","Tarjeta Debito",,3,4086,,2,"  ",,,"HAMBURGUESA DE RES Estandar 2 $0.00",,"Para llevar Porifs "
54779030,"Davilas CCU","606",0,1,"Crisma",,"13:22:53 16-11-2023","13:22:55 16-11-2023","13:30:13 16-11-2023",,"2023-11-16 13:25:00","Caja Davilas UDEM","Lista","Tarjeta Tarjeta Credito",92,,,"0.00","Tarjeta Credito",,3,4086,,2,"  ",,,"ALITAS Estandar 1 $0.00","NATURALES $0.00","Salsa aparte "
54779442,"Davilas CCU","607",0,1,"EvelynMelissa",,"13:28:41 16-11-2023","13:28:48 16-11-2023","13:38:54 16-11-2023",,"2023-11-16 13:30:00","Caja Davilas UDEM","Lista","Tarjeta Tarjeta Debito",194,,,"0.00","Tarjeta Debito",,3,4086,,2,"  ",,,"BURRITO DE CARNE ASADA Estandar 1 $0.00,CAMPECHANA Estandar 1 $0.00","SIN QUESO $0.00,CON QUESO $0.00",""
54780613,"Davilas CCU","608",0,1,"RafaelGarcíaEscareño",,"13:45:14 16-11-2023","13:45:16 16-11-2023","13:52:14 16-11-2023",,"2023-11-16 13:45:14","Caja Davilas UDEM","Lista","Tarjeta Tarjeta Credito",143,,,"0.00","Tarjeta Credito",,3,4086,,2,"  ",,,"PAPA ASADA CON CARNE ASADA Estandar 1 $0.00,FUZE TEA Estandar 1 $0.00","PORCION EXTRA DE CARNE ASADA $12.00,PORCION EXTRA DE TROMPO $10.00",""
54784292,"Davilas CCU","609",0,1,"Cesar",,"14:35:32 16-11-2023","14:35:37 16-11-2023","14:38:58 16-11-2023",,"2023-11-16 14:35:32","Caja Davilas UDEM","Lista","Tarjeta Tarjeta Credito",96,,,"0.00","Tarjeta Credito",,3,4086,,2,"  ",,,"CAMPECHANA Estandar 1 $0.00","CON QUESO $0.00",""
54785310,"Davilas CCU","610",0,1,"AntonioArizpe",,"14:49:58 16-11-2023","14:50:04 16-11-2023",,,"2023-11-16 14:50:00","Caja Davilas UDEM","Procesándose","Tarjeta Tarjeta Credito",98,,,"0.00","Tarjeta Credito",,2,4086,,2,"  ",,,"BURRITO DE CARNE ASADA Estandar 1 $0.00","CON QUESO $0.00",""
54788074,"Davilas CCU","611",0,1,"norberto ",,"15:32:54 16-11-2023","15:32:56 16-11-2023","15:37:39 16-11-2023",,"2023-11-16 15:32:54","Caja Davilas UDEM","Lista","Tarjeta Tarjeta Credito",105,,,"0.00","Tarjeta Credito",,3,4086,,2,"  ",,,"CHICKEN TENDERS Estandar 1 $0.00","SALSA BBQ $0.00",""
54788814,"Davilas CCU","612",0,1,"AlanSolis",,"15:46:29 16-11-2023","15:46:35 16-11-2023","16:22:02 16-11-2023",,"2023-11-16 15:50:00","Caja Davilas UDEM","Lista","Tarjeta Tarjeta Debito",98,,,"0.00","Tarjeta Debito",,3,4086,,2,"  ",,,"HAMBURGUESA DE POLLO Estandar 1 $0.00",,""
54789937,"Davilas CCU","613",0,1,"Rafael Woodward Jiménez ",,"16:10:28 16-11-2023","16:10:31 16-11-2023","16:19:50 16-11-2023",,"2023-11-16 16:11:55","Caja Davilas UDEM","Lista","Tarjeta Tarjeta Debito",46,,,"0.00","Tarjeta Debito",,3,4086,,2,"  ",,,"ORDEN DE PAPAS Estandar 1 $0.00","SALSA BBQ $6.00",""
54789950,"Davilas CCU","614",0,1,"Valeria",,"16:10:51 16-11-2023","16:10:55 16-11-2023","16:21:59 16-11-2023",,"2023-11-16 16:10:51","Caja Davilas UDEM","Lista","Tarjeta Tarjeta Debito",197,,,"0.00","Tarjeta Debito",,3,4086,,2,"  ",,,"BONELESS Estandar 1 $0.00,TORTA DE PIERNA Estandar 1 $0.00","SALSA BÚFALO $0.00",""
54790109,"Davilas CCU","615",0,1,"Samuel Segoviano ",,"16:14:25 16-11-2023","16:14:27 16-11-2023","16:27:36 16-11-2023",,"2023-11-16 16:20:00","Caja Davilas UDEM","Lista","Tarjeta Tarjeta Debito",55,,,"0.00","Tarjeta Debito",,3,4086,,2,"  ",,,"ORDEN PAPAS ESPECIALES Estandar 1 $0.00",,"ORDEN PAPAS ESPECIALES Estandar: Me podras agregar rodajas de chile en vinagre por favor gracias \n"
54811041,"Davilas CCU","616",0,1,"JoseArcadioSotoRamirez",,"12:42:32 17-11-2023",,,"12:42:39 17-11-2023","2023-11-17 12:45:00","Caja Davilas UDEM","Cancelada","Tarjeta ",304,,,"0.00",,,5,4086,"Tarjeta rechazada",2,"  ",,,"BONELESS Estandar 2 $0.00,GRINGA Estandar 1 $0.00","SALSA BÚFALO $0.00,CON QUESO $0.00",""
54811092,"Davilas CCU","617",0,1,"JoseArcadioSotoRamirez",,"12:43:24 17-11-2023",,,"12:43:26 17-11-2023","2023-11-17 12:45:00","Caja Davilas UDEM","Cancelada","Tarjeta ",304,,,"0.00",,,5,4086,"Tarjeta rechazada",2,"  ",,,"BONELESS Estandar 2 $0.00,GRINGA Estandar 1 $0.00","SALSA BÚFALO $0.00,CON QUESO $0.00",""
54811181,"Davilas CCU","618",0,1,"RicardoGarza",,"12:44:53 17-11-2023","12:44:54 17-11-2023","12:53:43 17-11-2023",,"2023-11-17 12:45:00","Caja Davilas UDEM","Lista","Tarjeta Tarjeta Debito",210,,,"0.00","Tarjeta Debito",,3,4086,,2,"  ",,,"BONELESS Estandar 2 $0.00","SALSA BÚFALO $0.00",""
54811221,"Davilas CCU","619",0,1,"RicardoGarza",,"12:45:46 17-11-2023","12:45:49 17-11-2023","12:53:35 17-11-2023",,"2023-11-17 12:45:46","Caja Davilas UDEM","Lista","Tarjeta Tarjeta Debito",94,,,"0.00","Tarjeta Debito",,3,4086,,2,"  ",,,"GRINGA Estandar 1 $0.00","CON QUESO $0.00",""
54811702,"Davilas CCU","620",0,1,"Alejandra Cardenas",,"12:53:47 17-11-2023","12:53:54 17-11-2023","13:05:42 17-11-2023",,"2023-11-17 12:53:48","Caja Davilas UDEM","Lista","Tarjeta Tarjeta Debito",105,,,"0.00","Tarjeta Debito",,3,4086,,2,"  ",,,"BONELESS Estandar 1 $0.00","SALSA BÚFALO $0.00",""
54812264,"Davilas CCU","621",0,1,"Edson Posadas",,"13:02:27 17-11-2023",,,"13:02:30 17-11-2023","2023-11-17 13:02:27","Caja Davilas UDEM","Cancelada","Tarjeta ",192,,,"0.00",,,5,4086,"Tarjeta rechazada",2,"  ",,,"CAMPECHANA Estandar 2 $0.00","CON QUESO $0.00",""
54812558,"Davilas CCU","622",0,1,"Guillermo Garza",,"13:06:46 17-11-2023","13:06:50 17-11-2023","13:10:02 17-11-2023",,"2023-11-17 13:06:46","Caja Davilas UDEM","Lista","Tarjeta Tarjeta Credito",127,,,"0.00","Tarjeta Credito",,3,4086,,2,"  ",,,"BONELESS Estandar 1 $0.00,AGUA 1 LITRO Estandar 1 $0.00","NATURALES $0.00",""
54814118,"Davilas CCU","623",0,1,"EdithEspinosa",,"13:26:46 17-11-2023","13:26:49 17-11-2023","13:29:40 17-11-2023",,"2023-11-17 13:30:00","Caja Davilas UDEM","Lista","Tarjeta Tarjeta Credito",105,,,"0.00","Tarjeta Credito",,3,4086,,2,"  ",,,"CHICKEN TENDERS Estandar 1 $0.00","SALSA BBQ $0.00",""
54817222,"Davilas CCU","624",0,1,"norberto ",,"14:09:02 17-11-2023","14:09:08 17-11-2023","14:13:08 17-11-2023",,"2023-11-17 14:09:02","Caja Davilas UDEM","Lista","Tarjeta Tarjeta Credito",105,,,"0.00","Tarjeta Credito",,3,4086,,2,"  ",,,"CHICKEN TENDERS Estandar 1 $0.00","SALSA BBQ $0.00",""
54818889,"Davilas CCU","625",0,1,"Hector",,"14:29:44 17-11-2023","14:29:49 17-11-2023","14:35:25 17-11-2023",,"2023-11-17 14:30:00","Caja Davilas UDEM","Lista","Tarjeta Tarjeta Debito",166,,,"0.00","Tarjeta Debito",,3,4086,,2,"  ",,,"BONELESS Estandar 1 $0.00,ORDEN PAPAS ESPECIALES Estandar 1 $0.00","SALSA BÚFALO $0.00,ADEREZO RANCH $6.00",""
54818999,"Davilas CCU","626",0,1,"AlbertoGarza",,"14:31:08 17-11-2023","14:31:12 17-11-2023","14:40:18 17-11-2023",,"2023-11-17 14:35:00","Caja Davilas UDEM","Lista","Tarjeta Tarjeta Debito",96,,,"0.00","Tarjeta Debito",,3,4086,,2,"  ",,,"DEDOS DE QUESO Estandar 1 $0.00",,""
54819970,"Davilas CCU","627",0,1,"Rodrigo Gómez ",,"14:44:24 17-11-2023","14:44:28 17-11-2023","14:53:31 17-11-2023",,"2023-11-17 14:44:24","Caja Davilas UDEM","Lista","Tarjeta Tarjeta Debito",105,,,"0.00","Tarjeta Debito",,3,4086,,2,"  ",,,"CHICKEN TENDERS Estandar 1 $0.00","SALSA BÚFALO $0.00",""
54820006,"Davilas CCU","628",0,1,"XimenaSillas",,"14:44:50 17-11-2023","14:44:53 17-11-2023","14:53:33 17-11-2023",,"2023-11-17 14:45:00","Caja Davilas UDEM","Lista","Tarjeta Tarjeta Debito",190,,,"0.00","Tarjeta Debito",,3,4086,,2,"  ",,,"BURRITO DE CARNE ASADA Estandar 1 $0.00,ORDEN TACOS DE CARNE ASADA Estandar 1 $0.00","HARINA $0.00,CON QUESO $0.00,SIN QUESO $0.00",""
54831553,"Davilas CCU","629",0,1,"ana Villegas ",,"18:55:56 17-11-2023","18:55:59 17-11-2023","19:04:14 17-11-2023",,"2023-11-17 18:55:56","Caja Davilas UDEM","Lista","Tarjeta Tarjeta Debito",92,,,"0.00","Tarjeta Debito",,3,4086,,2,"  ",,,"ALITAS Estandar 1 $0.00","SALSA BÚFALO $0.00",""
54930136,"Davilas CCU","630",0,1,"AlejandraRobledo",,"12:07:55 21-11-2023","12:07:57 21-11-2023","12:19:18 21-11-2023",,"2023-11-21 12:10:00","Caja Davilas UDEM","Lista","Tarjeta Tarjeta Debito",97,,,"0.00","Tarjeta Debito",,3,4086,,2,"  ",,,"PAPA ASADA CON CARNE ASADA Estandar 1 $0.00",,""
54934633,"Davilas CCU","631",0,1,"Jadra",,"13:23:54 21-11-2023","13:23:58 21-11-2023","13:35:09 21-11-2023",,"2023-11-21 13:25:00","Caja Davilas UDEM","Lista","Tarjeta Tarjeta Credito",306,,,"0.00","Tarjeta Credito",,3,4086,,2,"  ",,,"CHICKEN TENDERS Estandar 1 $0.00,HAMBURGUESA DE POLLO Estandar 1 $0.00,ORDEN PAPAS ESPECIALES Estandar 1 $0.00,FUZE TEA Estandar 2 $0.00","SALSA BÚFALO $0.00",""
54934996,"Davilas CCU","632",0,1,"BernardoServín",,"13:29:32 21-11-2023","13:29:38 21-11-2023","13:45:03 21-11-2023",,"2023-11-21 13:30:00","Caja Davilas UDEM","Lista","Tarjeta Tarjeta Debito",194,,,"0.00","Tarjeta Debito",,3,4086,,2,"  ",,,"DEDOS DE QUESO Estandar 1 $0.00,TORTA DE CARNE ASADA Estandar 1 $0.00",,""
54938112,"Davilas CCU","633",0,1,"ReynoldGaunaalatorre",,"14:14:14 21-11-2023","14:14:29 21-11-2023","14:18:53 21-11-2023",,"2023-11-21 14:15:00","Caja Davilas UDEM","Lista","Tarjeta Tarjeta Debito",98,,,"0.00","Tarjeta Debito",,3,4086,,2,"  ",,,"BURRITO DE CARNE ASADA Estandar 1 $0.00","CON QUESO $0.00",""
54939448,"Davilas CCU","634",0,1,"ReynoldGaunaalatorre",,"14:32:40 21-11-2023","14:32:42 21-11-2023","14:41:28 21-11-2023",,"2023-11-21 14:35:00","Caja Davilas UDEM","Lista","Tarjeta Tarjeta Debito",97,,,"0.00","Tarjeta Debito",,3,4086,,2,"  ",,,"PAPA ASADA CON CARNE ASADA Estandar 1 $0.00",,""
54940298,"Davilas CCU","635",0,1,"Jorge Valenzuela",,"14:44:52 21-11-2023","14:44:58 21-11-2023","14:58:05 21-11-2023",,"2023-11-21 14:44:52","Caja Davilas UDEM","Lista","Tarjeta Tarjeta Debito",105,,,"0.00","Tarjeta Debito",,3,4086,,2,"  ",,,"BONELESS Estandar 1 $0.00","SALSA BÚFALO $0.00",""
54941110,"Davilas CCU","636",0,1,"Dilan Mendoza",,"14:56:52 21-11-2023","14:56:56 21-11-2023","15:03:36 21-11-2023",,"2023-11-21 14:56:52","Caja Davilas UDEM","Lista","Tarjeta Tarjeta Debito",105,,,"0.00","Tarjeta Debito",,3,4086,,2,"  ",,,"BONELESS Estandar 1 $0.00","SALSA BÚFALO $0.00",""
54946495,"Davilas CCU","637",0,1,"MalenyDiaz",,"16:48:55 21-11-2023","16:48:58 21-11-2023","16:59:54 21-11-2023",,"2023-11-21 16:50:00","Caja Davilas UDEM","Lista","Tarjeta Tarjeta Debito",105,,,"0.00","Tarjeta Debito",,3,4086,,2,"  ",,,"CHICKEN TENDERS Estandar 1 $0.00","SALSA BÚFALO $0.00",""
54972067,"Davilas CCU","638",0,1,"Samuel Segoviano ",,"15:14:18 22-11-2023","15:14:22 22-11-2023","15:17:16 22-11-2023",,"2023-11-22 15:15:00","Caja Davilas UDEM","Lista","Tarjeta Tarjeta Debito",98,,,"0.00","Tarjeta Debito",,3,4086,,2,"  ",,,"BURRITO DE CARNE ASADA Estandar 1 $0.00","CON QUESO $0.00",""
54979224,"Davilas CCU","639",0,1,"ZuilmaMolina",,"18:45:53 22-11-2023","18:45:59 22-11-2023","19:10:34 22-11-2023",,"2023-11-22 18:45:53","Caja Davilas UDEM","Lista","Tarjeta Tarjeta Debito",98,,,"0.00","Tarjeta Debito",,3,4086,,2,"  ",,,"HAMBURGUESA DE POLLO Estandar 1 $0.00",,""
54992208,"Davilas CCU","640",0,1,"Emilio",,"12:39:42 23-11-2023","12:39:48 23-11-2023","12:44:26 23-11-2023",,"2023-11-23 12:41:05","Caja Davilas UDEM","Lista","Tarjeta Tarjeta Debito",105,,,"0.00","Tarjeta Debito",,3,4086,,2,"  ",,,"BONELESS Estandar 1 $0.00","SALSA BÚFALO $0.00",""
54996826,"Davilas CCU","641",0,1,"Karla",,"13:53:38 23-11-2023",,,"13:53:42 23-11-2023","2023-11-23 13:55:00","Caja Davilas UDEM","Cancelada","Tarjeta ",92,,,"0.00",,,5,4086,"Tarjeta rechazada",2,"  ",,,"ORDEN TACOS DE CARNE ASADA Estandar 1 $0.00","MAIZ $0.00,CON QUESO $0.00","orden para llevar"
55005463,"Davilas CCU","642",0,1,"Carolina Tapia",,"16:21:32 23-11-2023","16:21:37 23-11-2023","16:24:02 23-11-2023",,"2023-11-23 16:21:32","Caja Davilas UDEM","Lista","Tarjeta Tarjeta Debito",122,,,"0.00","Tarjeta Debito",,3,4086,,2,"  ",,,"HAMBURGUESA DE RES Estandar 1 $0.00,FUZE TEA Estandar 1 $0.00",,""
55008146,"Davilas CCU","643",0,1,"Emilio",,"17:40:13 23-11-2023",,,"17:40:16 23-11-2023","2023-11-23 17:41:32","Caja Davilas UDEM","Cancelada","Tarjeta ",46,,,"0.00",,,5,4086,"Tarjeta rechazada",2,"  ",,,"ORDEN DE PAPAS Estandar 1 $0.00","SALSA BÚFALO $6.00",""
55008765,"Davilas CCU","644",0,1,"SofiaBrussolo",,"18:04:31 23-11-2023","18:04:34 23-11-2023","18:08:07 23-11-2023",,"2023-11-23 18:10:00","Caja Davilas UDEM","Lista","Tarjeta Tarjeta Debito",92,,,"0.00","Tarjeta Debito",,3,4086,,2,"  ",,,"ORDEN TACOS DE CARNE ASADA Estandar 1 $0.00","HARINA $0.00,CON QUESO $0.00",""
55021106,"Davilas CCU","645",0,1,"KarlaGuadalupeAcostaTorres",,"12:15:48 24-11-2023","12:15:55 24-11-2023","12:54:43 24-11-2023",,"2023-11-24 13:10:00","Caja Davilas UDEM","Lista","Tarjeta Tarjeta Debito",86,,,"0.00","Tarjeta Debito",,3,4086,,2,"  ",,,"ORDEN PAPAS ESPECIALES Estandar 1 $0.00,FUZE TEA Estandar 1 $0.00,SALSA BÚFALO Estandar 1 $0.00",,""
55025881,"Davilas CCU","646",0,1,"norberto ",,"13:36:37 24-11-2023","13:36:40 24-11-2023","13:44:30 24-11-2023",,"2023-11-24 13:36:37","Caja Davilas UDEM","Lista","Tarjeta Tarjeta Credito",105,,,"0.00","Tarjeta Credito",,3,4086,,2,"  ",,,"CHICKEN TENDERS Estandar 1 $0.00","SALSA BBQ $0.00",""
55027405,"Davilas CCU","647",0,1,"Ana Ordonez ",,"14:01:52 24-11-2023","14:01:57 24-11-2023","14:20:39 24-11-2023",,"2023-11-24 14:01:52","Caja Davilas UDEM","Lista","Tarjeta Tarjeta Credito",105,,,"0.00","Tarjeta Credito",,3,4086,,2,"  ",,,"CHICKEN TENDERS Estandar 1 $0.00","SALSA BÚFALO $0.00",""
55174883,"Davilas CCU","648",0,1,"Miranda",,"14:24:24 29-11-2023","14:24:28 29-11-2023","14:27:02 29-11-2023",,"2023-11-29 14:25:00","Admin Company Davilas UDEM","Lista","Tarjeta Tarjeta Debito",97,,,"0.00","Tarjeta Debito",,3,4084,,2,"  ",,,"PAPA ASADA CON CARNE ASADA Estandar 1 $0.00",,""
55204791,"Davilas CCU","649",0,0,"Eduardo Oyervides ",,"13:43:39 30-11-2023",,,"13:54:00 30-11-2023","2023-11-30 14:00:00",,"Cancelada","Tarjeta ",105,,,"0.00",,,5,,"Problemas de internet por parte del establecimiento",2,"  ",,,"BONELESS Estandar 1 $0.00","NATURALES $0.00",""
55235403,"Davilas CCU","650",0,1,"MelannieSegovia",,"12:35:45 01-12-2023","12:35:50 01-12-2023","12:39:30 01-12-2023",,"2023-12-01 12:35:45","Admin Company Davilas UDEM","Lista","Tarjeta Tarjeta Debito",256,,,"0.00","Tarjeta Debito",,3,4084,,2,"  ",,,"BONELESS Estandar 1 $0.00,CAMPECHANA Estandar 1 $0.00,ORDEN PAPAS ESPECIALES Estandar 1 $0.00","SALSA BÚFALO $0.00,CON QUESO $0.00","Orden para llevar "
55235631,"Davilas CCU","651",0,1,"KarlaGuadalupeAcostaTorres",,"12:39:08 01-12-2023",,,"12:39:14 01-12-2023","2023-12-01 12:40:00","Admin Company Davilas UDEM","Cancelada","Tarjeta ",86,,,"0.00",,,5,4084,"Tarjeta rechazada",2,"  ",,,"ORDEN PAPAS ESPECIALES Estandar 1 $0.00,FUZE TEA Estandar 1 $0.00,SALSA BÚFALO Estandar 1 $0.00",,""
55235882,"Davilas CCU","652",0,1,"KarlaGuadalupeAcostaTorres",,"12:43:14 01-12-2023","12:43:16 01-12-2023","12:52:58 01-12-2023",,"2023-12-01 13:10:00","Admin Company Davilas UDEM","Lista","Tarjeta Tarjeta Debito",86,,,"0.00","Tarjeta Debito",,3,4084,,2,"  ",,,"ORDEN PAPAS ESPECIALES Estandar 1 $0.00,FUZE TEA Estandar 1 $0.00,SALSA BÚFALO Estandar 1 $0.00",,""
55240611,"Davilas CCU","653",0,1,"KarlaGuadalupeAcostaTorres",,"13:51:21 01-12-2023","13:51:55 01-12-2023","13:54:43 01-12-2023",,"2023-12-01 14:10:00","Admin Company Davilas UDEM","Lista","Tarjeta Tarjeta Debito",85,,,"0.00","Tarjeta Debito",,3,4084,,2,"  ",,,"ORDEN PAPAS ESPECIALES Estandar 1 $0.00,FUZE TEA Estandar 1 $0.00,ADEREZO RANCH Estandar 1 $0.00",,""
55271929,"Davilas CCU","654",0,1,"AntonioArizpe",,"13:30:27 02-12-2023","13:30:32 02-12-2023",,,"2023-12-02 13:30:27","Admin Company Davilas UDEM","Procesándose","Tarjeta Tarjeta Credito",138,,,"0.00","Tarjeta Credito",,2,4084,,2,"  ",,,"BURRITO DE CARNE ASADA Estandar 1 $0.00,ORDEN DE PAPAS Estandar 1 $0.00","CON QUESO $0.00",""
55358584,"Davilas CCU","655",0,1,"KarlaGuadalupeAcostaTorres",,"12:44:24 05-12-2023","12:44:26 05-12-2023","12:52:12 05-12-2023",,"2023-12-05 13:10:00","Admin Company Davilas UDEM","Lista","Tarjeta Tarjeta Debito",82,,,"0.00","Tarjeta Debito",,3,4084,,2,"  ",,,"ORDEN PAPAS ESPECIALES Estandar 1 $0.00,REFRESO 600ml Estandar 1 $0.00,SALSA BÚFALO Estandar 1 $0.00",,""
55359614,"Davilas CCU","656",0,1,"Ana Ordonez ",,"13:05:15 05-12-2023","13:05:21 05-12-2023","13:09:55 05-12-2023",,"2023-12-05 13:05:15","Admin Company Davilas UDEM","Lista","Tarjeta Tarjeta Credito",90,,,"0.00","Tarjeta Credito",,3,4084,,2,"  ",,,"PAPA ASADA SIN CARNE Estandar 1 $0.00","SIN TOCINO $0.00","PAPA ASADA SIN CARNE Estandar: No son necesarias las galletas y chiles gracias \n"
55415258,"Davilas CCU","657",0,1,"JesseCordova",,"12:56:10 07-12-2023","12:56:14 07-12-2023","13:10:22 07-12-2023",,"2023-12-07 13:25:00","Admin Company Davilas UDEM","Lista","Tarjeta Tarjeta Debito",98,,,"0.00","Tarjeta Debito",,3,4084,,2,"  ",,,"BURRITO DE CARNE ASADA Estandar 1 $0.00","SIN QUESO $0.00",""
56385945,"Davilas CCU","658",0,1,"perla Yazmin Antonio Pérez ",,"11:53:01 11-01-2024",,,"11:53:05 11-01-2024","2024-01-11 13:00:00","Admin Company Davilas UDEM","Cancelada","Tarjeta ",98,,,"0.00",,,5,4084,"Tarjeta rechazada",2,"  ",,,"HAMBURGUESA DE POLLO Estandar 1 $0.00","SIN VERDURA $0.00",""
56386059,"Davilas CCU","659",0,1,"perla Yazmin Antonio Pérez ",,"11:56:25 11-01-2024","11:56:27 11-01-2024","12:42:33 11-01-2024",,"2024-01-11 13:00:00","Admin Company Davilas UDEM","Lista","Tarjeta Tarjeta Debito",98,,,"0.00","Tarjeta Debito",,3,4084,,2,"  ",,,"HAMBURGUESA DE POLLO Estandar 1 $0.00","SIN VERDURA $0.00",""
56391315,"Davilas CCU","660",0,1,"SamanthaCastilloMontero",,"13:51:13 11-01-2024","13:51:18 11-01-2024","13:55:59 11-01-2024",,"2024-01-11 13:55:00","Admin Company Davilas UDEM","Lista","Tarjeta Tarjeta Debito",126,,,"0.00","Tarjeta Debito",,3,4084,,2,"  ",,,"DEDOS DE QUESO Estandar 1 $0.00,FUZE TEA Estandar 1 $0.00","SALSA DE TOMATE EXTRA $6.00",""
56410263,"Davilas CCU","661",0,1,"GabrielaChávez",,"11:34:56 12-01-2024","11:35:00 12-01-2024","11:44:37 12-01-2024",,"2024-01-12 11:35:00","Admin Company Davilas UDEM","Lista","Tarjeta Tarjeta Debito",105,,,"0.00","Tarjeta Debito",,3,4084,,2,"  ",,,"BONELESS Estandar 1 $0.00","SALSA BÚFALO $0.00",""
56413144,"Davilas CCU","662",0,1,"MelannieSegovia",,"12:45:29 12-01-2024","12:45:31 12-01-2024","12:48:01 12-01-2024",,"2024-01-12 12:45:29","Admin Company Davilas UDEM","Lista","Tarjeta Tarjeta Debito",98,,,"0.00","Tarjeta Debito",,3,4084,,2,"  ",,,"BURRITO DE CARNE ASADA Estandar 1 $0.00","CON QUESO $0.00","Para llevar "
56413838,"Davilas CCU","663",0,1,"Rafael Woodward Jiménez ",,"13:00:21 12-01-2024","13:00:23 12-01-2024","13:08:38 12-01-2024",,"2024-01-12 13:00:21","Admin Company Davilas UDEM","Lista","Tarjeta Tarjeta Debito",92,,,"0.00","Tarjeta Debito",,3,4084,,2,"  ",,,"ALITAS Estandar 1 $0.00","SALSA BBQ $0.00",""
56414457,"Davilas CCU","664",0,1,"Melissa",,"13:12:50 12-01-2024","13:12:54 12-01-2024","13:17:33 12-01-2024",,"2024-01-12 13:12:50","Admin Company Davilas UDEM","Lista","Tarjeta Tarjeta Debito",105,,,"0.00","Tarjeta Debito",,3,4084,,2,"  ",,,"CHICKEN TENDERS Estandar 1 $0.00","SALSA BÚFALO $0.00",""
56414590,"Davilas CCU","665",0,1,"Juan Barrios",,"13:15:04 12-01-2024","13:15:06 12-01-2024","13:17:36 12-01-2024",,"2024-01-12 13:15:04","Admin Company Davilas UDEM","Lista","Tarjeta Tarjeta Debito",98,,,"0.00","Tarjeta Debito",,3,4084,,2,"  ",,,"HAMBURGUESA DE RES Estandar 1 $0.00",,""
56414841,"Davilas CCU","666",0,1,"Karla",,"13:19:24 12-01-2024","13:19:30 12-01-2024","13:23:27 12-01-2024",,"2024-01-12 13:20:00","Admin Company Davilas UDEM","Lista","Tarjeta Tarjeta Debito",98,,,"0.00","Tarjeta Debito",,3,4084,,2,"  ",,,"BURRITO DE CARNE ASADA Estandar 1 $0.00","CON QUESO $0.00","orden para llevar"
56433343,"Davilas CCU","667",0,1,"Thamara",,"10:15:52 13-01-2024","10:15:55 13-01-2024",,,"2024-01-13 10:15:52","Admin Company Davilas UDEM","Procesándose","Tarjeta Tarjeta Debito",55,,,"0.00","Tarjeta Debito",,2,4084,,2,"  ",,,"ORDEN PAPAS ESPECIALES Estandar 1 $0.00",,""
56489180,"Davilas CCU","668",0,1,"Melissa",,"12:15:16 15-01-2024","12:15:20 15-01-2024","12:16:17 15-01-2024",,"2024-01-15 12:15:16","Admin Company Davilas UDEM","Lista","Tarjeta Tarjeta Debito",105,,,"0.00","Tarjeta Debito",,3,4084,,2,"  ",,,"CHICKEN TENDERS Estandar 1 $0.00","SALSA BÚFALO $0.00",""
56490559,"Davilas CCU","669",0,1,"Alfredo",,"12:46:37 15-01-2024","12:46:40 15-01-2024","13:01:44 15-01-2024",,"2024-01-15 12:50:00","Admin Company Davilas UDEM","Lista","Tarjeta Tarjeta Debito",94,,,"0.00","Tarjeta Debito",,3,4084,,2,"  ",,,"GRINGA Estandar 1 $0.00","CON QUESO $0.00",""
56490644,"Davilas CCU","670",0,1,"BernardoServín",,"12:48:19 15-01-2024","12:48:24 15-01-2024","13:01:32 15-01-2024",,"2024-01-15 12:50:00","Admin Company Davilas UDEM","Lista","Tarjeta Tarjeta Debito",96,,,"0.00","Tarjeta Debito",,3,4084,,2,"  ",,,"DEDOS DE QUESO Estandar 1 $0.00",,""
56491090,"Davilas CCU","671",0,1,"Karla ",,"12:57:39 15-01-2024","12:57:42 15-01-2024","13:18:44 15-01-2024",,"2024-01-15 12:57:39","Admin Company Davilas UDEM","Lista","Tarjeta Tarjeta Credito",105,,,"0.00","Tarjeta Credito",,3,4084,,2,"  ",,,"BONELESS Estandar 1 $0.00","SALSA BÚFALO $0.00",""
56492374,"Davilas CCU","672",0,1,"LourdesCabral",,"13:20:22 15-01-2024","13:20:25 15-01-2024","13:22:04 15-01-2024",,"2024-01-15 13:20:22","Admin Company Davilas UDEM","Lista","Tarjeta Tarjeta Debito",105,,,"0.00","Tarjeta Debito",,3,4084,,2,"  ",,,"CHICKEN TENDERS Estandar 1 $0.00","SALSA BÚFALO $0.00",""
56494585,"Davilas CCU","673",0,0,"MauroCavazosHidalgo",,"14:00:13 15-01-2024",,,"14:12:00 15-01-2024","2024-01-15 14:25:00",,"Cancelada","Tarjeta ",116,,,"0.00",,,5,,"Problemas de internet por parte del establecimiento",2,"  ",,,"ORDEN TACOS DE CARNE ASADA Estandar 1 $0.00,FUZE TEA Estandar 1 $0.00","HARINA $0.00,CON QUESO $0.00",""
56497527,"Davilas CCU","674",0,1,"EduardoSaldaña",,"14:51:15 15-01-2024","14:51:19 15-01-2024","14:53:54 15-01-2024",,"2024-01-15 14:55:00","Admin Company Davilas UDEM","Lista","Tarjeta Tarjeta Debito",92,,,"0.00","Tarjeta Debito",,3,4084,,2,"  ",,,"ORDEN TACOS DE CARNE ASADA Estandar 1 $0.00","MAIZ $0.00,CON QUESO $0.00",""
56504624,"Davilas CCU","675",0,1,"Sofia",,"18:04:57 15-01-2024",,,"18:05:01 15-01-2024","2024-01-15 18:05:00","Admin Company Davilas UDEM","Cancelada","Tarjeta ",96,,,"0.00",,,5,4084,"Tarjeta rechazada",2,"  ",,,"CAMPECHANA Estandar 1 $0.00","CON QUESO $0.00",""
56512644,"Davilas CCU","676",0,1,"AlejandraRobledo",,"11:17:21 16-01-2024","11:17:24 16-01-2024","11:46:41 16-01-2024",,"2024-01-16 11:20:00","Admin Company Davilas UDEM","Lista","Tarjeta Tarjeta Debito",105,,,"0.00","Tarjeta Debito",,3,4084,,2,"  ",,,"BONELESS Estandar 1 $0.00","SALSA BÚFALO $0.00",""
56513054,"Davilas CCU","677",0,1,"Andres",,"11:28:36 16-01-2024","11:28:41 16-01-2024","11:46:42 16-01-2024",,"2024-01-16 11:30:00","Admin Company Davilas UDEM","Lista","Tarjeta Tarjeta Debito",46,,,"0.00","Tarjeta Debito",,3,4084,,2,"  ",,,"ORDEN DE PAPAS Estandar 1 $0.00","ADEREZO RANCH $6.00","Orden de Papas Mixta con trompo tmb"
56513446,"Davilas CCU","678",0,1,"AdriánUscanga",,"11:39:39 16-01-2024","11:39:44 16-01-2024","11:46:34 16-01-2024",,"2024-01-16 11:40:00","Admin Company Davilas UDEM","Lista","Tarjeta Tarjeta Debito",129,,,"0.00","Tarjeta Debito",,3,4084,,2,"  ",,,"CHICKEN TENDERS Estandar 1 $0.00,FUZE TEA Estandar 1 $0.00","SALSA BBQ $0.00",""
56513453,"Davilas CCU","679",0,1,"CarloReynaud",,"11:39:48 16-01-2024","11:39:53 16-01-2024","11:46:39 16-01-2024",,"2024-01-16 11:40:00","Admin Company Davilas UDEM","Lista","Tarjeta Tarjeta Debito",105,,,"0.00","Tarjeta Debito",,3,4084,,2,"  ",,,"CHICKEN TENDERS Estandar 1 $0.00","SALSA BÚFALO $0.00",""
56515234,"Davilas CCU","680",0,1,"KarlaGuadalupeAcostaTorres",,"12:23:45 16-01-2024","12:23:49 16-01-2024","12:53:53 16-01-2024",,"2024-01-16 13:10:00","Admin Company Davilas UDEM","Lista","Tarjeta Tarjeta Debito",61,,,"0.00","Tarjeta Debito",,3,4084,,2,"  ",,,"ORDEN PAPAS ESPECIALES Estandar 1 $0.00","SALSA BÚFALO $6.00",""
56516602,"Davilas CCU","681",0,1,"Diego Jafet ",,"12:58:06 16-01-2024","12:58:10 16-01-2024","13:09:20 16-01-2024",,"2024-01-16 12:58:06","Admin Company Davilas UDEM","Lista","Tarjeta Tarjeta Debito",96,,,"0.00","Tarjeta Debito",,3,4084,,2,"  ",,,"CAMPECHANA Estandar 1 $0.00","CON QUESO $0.00","para llevar si se puede"
56516657,"Davilas CCU","682",0,1,"paloma",,"12:59:24 16-01-2024","12:59:27 16-01-2024","13:09:22 16-01-2024",,"2024-01-16 13:00:00","Admin Company Davilas UDEM","Lista","Tarjeta Tarjeta Debito",129,,,"0.00","Tarjeta Debito",,3,4084,,2,"  ",,,"BONELESS Estandar 1 $0.00,FUZE TEA Estandar 1 $0.00","SALSA BBQ $0.00",""
56516831,"Davilas CCU","683",0,1,"Rafael Woodward Jiménez ",,"13:03:20 16-01-2024","13:03:21 16-01-2024","13:09:23 16-01-2024",,"2024-01-16 13:03:20","Admin Company Davilas UDEM","Lista","Tarjeta Tarjeta Debito",203,,,"0.00","Tarjeta Debito",,3,4084,,2,"  ",,,"BONELESS Estandar 1 $0.00,HAMBURGUESA DE RES Estandar 1 $0.00","SALSA BÚFALO $0.00",""
56519759,"Davilas CCU","684",0,1,"Carlos García",,"14:04:43 16-01-2024",,,"14:04:44 16-01-2024","2024-01-16 14:04:43","Admin Company Davilas UDEM","Cancelada","Tarjeta ",98,,,"0.00",,,5,4084,"Tarjeta rechazada",2,"  ",,,"HAMBURGUESA DE POLLO Estandar 1 $0.00",,""
56520725,"Davilas CCU","685",0,1,"SofiaAlvarado",,"14:22:31 16-01-2024","14:22:32 16-01-2024","14:40:05 16-01-2024",,"2024-01-16 14:25:00","Admin Company Davilas UDEM","Lista","Tarjeta Tarjeta Debito",105,,,"0.00","Tarjeta Debito",,3,4084,,2,"  ",,,"BONELESS Estandar 1 $0.00","SALSA BÚFALO $0.00",""
56522379,"Davilas CCU","686",0,1,"SantiagoCid",,"14:58:41 16-01-2024","14:58:42 16-01-2024","15:01:44 16-01-2024",,"2024-01-16 15:00:00","Admin Company Davilas UDEM","Lista","Tarjeta Tarjeta Debito",116,,,"0.00","Tarjeta Debito",,3,4084,,2,"  ",,,"HAMBURGUESA DE POLLO Estandar 1 $0.00,AGUA NATURAL 600ML Estandar 1 $0.00","SIN VERDURA $0.00",""
56525037,"Davilas CCU","687",0,1,"Leo Tamez",,"16:06:43 16-01-2024","16:06:44 16-01-2024","16:08:35 16-01-2024",,"2024-01-16 16:06:43","Admin Company Davilas UDEM","Lista","Tarjeta Tarjeta Debito",77,,,"0.00","Tarjeta Debito",,3,4084,,2,"  ",,,"ORDEN PAPAS ESPECIALES Estandar 1 $0.00,AGUA 1 LITRO Estandar 1 $0.00",,"es para llevar "
56527389,"Davilas CCU","688",0,1,"Karla",,"17:25:28 16-01-2024","17:25:30 16-01-2024","17:29:08 16-01-2024",,"2024-01-16 17:25:28","Admin Company Davilas UDEM","Lista","Tarjeta Tarjeta Debito",94,,,"0.00","Tarjeta Debito",,3,4084,,2,"  ",,,"GRINGA Estandar 1 $0.00","CON QUESO $0.00","orden para llevar"
56541579,"Davilas CCU","689",0,1,"EnriqueLópez",,"13:29:14 17-01-2024","13:29:19 17-01-2024","13:50:20 17-01-2024",,"2024-01-17 13:30:00","Admin Company Davilas UDEM","Lista","Tarjeta Tarjeta Debito",98,,,"0.00","Tarjeta Debito",,3,4084,,2,"  ",,,"BURRITO DE CARNE ASADA Estandar 1 $0.00","CON QUESO $0.00",""
56550972,"Davilas CCU","690",0,1,"Rodrigo Guerrero",,"17:09:23 17-01-2024",,,"17:09:26 17-01-2024","2024-01-17 17:09:23","Admin Company Davilas UDEM","Cancelada","Tarjeta ",96,,,"0.00",,,5,4084,"Tarjeta rechazada",2,"  ",,,"CAMPECHANA Estandar 1 $0.00","CON QUESO $0.00",""
56553527,"Davilas CCU","691",0,1,"Mario",,"19:04:02 17-01-2024","19:04:06 17-01-2024",,,"2024-01-17 19:05:00","Admin Company Davilas UDEM","Procesándose","Tarjeta Tarjeta Credito",40,,,"0.00","Tarjeta Credito",,2,4084,,2,"  ",,,"ORDEN DE PAPAS Estandar 1 $0.00",,""
56557798,"Davilas CCU","692",0,1,"AdriánUscanga",,"09:57:01 18-01-2024","09:57:07 18-01-2024","11:46:02 18-01-2024",,"2024-01-18 10:00:00","Admin Company Davilas UDEM","Lista","Tarjeta Tarjeta Debito",122,,,"0.00","Tarjeta Debito",,3,4084,,2,"  ",,,"BURRITO DE CARNE ASADA Estandar 1 $0.00,FUZE TEA Estandar 1 $0.00","CON QUESO $0.00",""
56557832,"Davilas CCU","693",0,1,"CarloReynaud",,"09:58:41 18-01-2024","09:58:45 18-01-2024","11:50:29 18-01-2024",,"2024-01-18 10:00:00","Admin Company Davilas UDEM","Lista","Tarjeta Tarjeta Debito",121,,,"0.00","Tarjeta Debito",,3,4084,,2,"  ",,,"PAPA ASADA CON CARNE ASADA Estandar 1 $0.00,FUZE TEA Estandar 1 $0.00",,""
56560684,"Davilas CCU","694",0,1,"Diego Jafet ",,"11:20:07 18-01-2024","11:20:12 18-01-2024","11:46:06 18-01-2024",,"2024-01-18 11:20:07","Admin Company Davilas UDEM","Lista","Tarjeta Tarjeta Debito",96,,,"0.00","Tarjeta Debito",,3,4084,,2,"  ",,,"CAMPECHANA Estandar 1 $0.00","CON QUESO $0.00","para llevar CAMPECHANA Estandar: para llevar de preferencia \n"
56560998,"Davilas CCU","695",0,1,"JoséDavid",,"11:28:15 18-01-2024","11:28:20 18-01-2024","11:45:58 18-01-2024",,"2024-01-18 11:30:00","Admin Company Davilas UDEM","Lista","Tarjeta Tarjeta Debito",122,,,"0.00","Tarjeta Debito",,3,4084,,2,"  ",,,"HAMBURGUESA DE RES Estandar 1 $0.00,FUZE TEA Estandar 1 $0.00",,""
56561509,"Davilas CCU","696",0,1,"Angel Garcia Moreno",,"11:40:29 18-01-2024","11:40:31 18-01-2024","11:47:57 18-01-2024",,"2024-01-18 11:40:29","Admin Company Davilas UDEM","Lista","Tarjeta Tarjeta Debito",105,,,"0.00","Tarjeta Debito",,3,4084,,2,"  ",,,"BONELESS Estandar 1 $0.00","SALSA BÚFALO $0.00",""
56561705,"Davilas CCU","697",0,1,"emy",,"11:45:23 18-01-2024","11:45:26 18-01-2024","11:50:28 18-01-2024",,"2024-01-18 11:45:23","Admin Company Davilas UDEM","Lista","Tarjeta Tarjeta Debito",80,,,"0.00","Tarjeta Debito",,3,4084,,2,"  ",,,"ORDEN DE PAPAS Estandar 2 $0.00",,""
56561828,"Davilas CCU","698",0,1,"perla Yazmin Antonio Pérez ",,"11:49:09 18-01-2024","11:49:13 18-01-2024","11:50:30 18-01-2024",,"2024-01-18 13:00:00","Admin Company Davilas UDEM","Lista","Tarjeta Tarjeta Debito",98,,,"0.00","Tarjeta Debito",,3,4084,,2,"  ",,,"HAMBURGUESA DE POLLO Estandar 1 $0.00","SIN VERDURA $0.00",""
56565056,"Davilas CCU","699",0,1,"UlisesDanielGonzálezSánchez",,"13:04:20 18-01-2024","13:04:22 18-01-2024","13:07:54 18-01-2024",,"2024-01-18 13:05:00","Admin Company Davilas UDEM","Lista","Tarjeta Tarjeta Debito",55,,,"0.00","Tarjeta Debito",,3,4084,,2,"  ",,,"ORDEN PAPAS ESPECIALES Estandar 1 $0.00",,""
56565102,"Davilas CCU","700",0,1,"EnriqueCastilloMiranda",,"13:05:21 18-01-2024","13:05:43 18-01-2024","13:09:48 18-01-2024",,"2024-01-18 13:05:21","Admin Company Davilas UDEM","Lista","Tarjeta Tarjeta Credito",308,,,"0.00","Tarjeta Credito",,3,4084,,2,"  ",,,"BONELESS Estandar 1 $0.00,BONELESS Estandar 1 $0.00,TORTA DE CARNE ASADA Estandar 1 $0.00","SALSA BBQ $0.00,SALSA BBQ $0.00",""
56565146,"Davilas CCU","701",0,1,"ana Villegas ",,"13:06:13 18-01-2024",,,"13:06:15 18-01-2024","2024-01-18 13:06:14","Admin Company Davilas UDEM","Cancelada","Tarjeta ",105,,,"0.00",,,5,4084,"Tarjeta rechazada",2,"  ",,,"BONELESS Estandar 1 $0.00","SALSA BÚFALO $0.00",""
56565170,"Davilas CCU","702",0,1,"ana Villegas ",,"13:06:50 18-01-2024",,,"13:06:53 18-01-2024","2024-01-18 13:06:52","Admin Company Davilas UDEM","Cancelada","Tarjeta ",105,,,"0.00",,,5,4084,"Tarjeta rechazada",2,"  ",,,"BONELESS Estandar 1 $0.00","SALSA BÚFALO $0.00",""
56565297,"Davilas CCU","703",0,1,"ana Villegas ",,"13:09:10 18-01-2024","13:09:11 18-01-2024","13:14:49 18-01-2024",,"2024-01-18 13:09:11","Admin Company Davilas UDEM","Lista","Tarjeta Tarjeta Credito",105,,,"0.00","Tarjeta Credito",,3,4084,,2,"  ",,,"BONELESS Estandar 1 $0.00","SALSA BÚFALO $0.00",""
56565415,"Davilas CCU","704",0,1,"Ilse",,"13:11:18 18-01-2024","13:11:21 18-01-2024","13:17:23 18-01-2024",,"2024-01-18 13:15:00","Admin Company Davilas UDEM","Lista","Tarjeta Tarjeta Debito",105,,,"0.00","Tarjeta Debito",,3,4084,,2,"  ",,,"CHICKEN TENDERS Estandar 1 $0.00","SALSA BBQ $0.00",""
56565833,"Davilas CCU","705",0,1,"Juanny Molina",,"13:18:54 18-01-2024","13:18:54 18-01-2024","13:23:20 18-01-2024",,"2024-01-18 13:18:54","Admin Company Davilas UDEM","Lista","Tarjeta Tarjeta Debito",190,,,"0.00","Tarjeta Debito",,3,4084,,2,"  ",,,"BURRITO DE CARNE ASADA Estandar 1 $0.00,ORDEN TACOS DE CARNE ASADA Estandar 1 $0.00","CON QUESO $0.00,MAIZ $0.00,CON QUESO $0.00","prepararlos para llevar por favorORDEN TACOS DE CARNE ASADA Estandar: Salsa y limon\n"
56566912,"Davilas CCU","706",0,1,"ErikaGutiérrez",,"13:38:09 18-01-2024","13:38:15 18-01-2024","13:41:49 18-01-2024",,"2024-01-18 13:40:00","Admin Company Davilas UDEM","Lista","Tarjeta Tarjeta Debito",62,,,"0.00","Tarjeta Debito",,3,4084,,2,"  ",,,"ORDEN DE PAPAS Estandar 1 $0.00,AGUA 1 LITRO Estandar 1 $0.00",,""
56567435,"Davilas CCU","707",0,1,"OscarCerda",,"13:47:46 18-01-2024","13:47:51 18-01-2024","13:53:50 18-01-2024",,"2024-01-18 13:50:00","Admin Company Davilas UDEM","Lista","Tarjeta Tarjeta Debito",96,,,"0.00","Tarjeta Debito",,3,4084,,2,"  ",,,"DEDOS DE QUESO Estandar 1 $0.00",,""
56567600,"Davilas CCU","708",0,1,"SamanthaCastilloMontero",,"13:50:34 18-01-2024","13:50:38 18-01-2024","13:53:51 18-01-2024",,"2024-01-18 13:50:34","Admin Company Davilas UDEM","Lista","Tarjeta Tarjeta Debito",192,,,"0.00","Tarjeta Debito",,3,4084,,2,"  ",,,"DEDOS DE QUESO Estandar 2 $0.00",,""
56568247,"Davilas CCU","709",0,1,"MauroCavazosHidalgo",,"14:02:41 18-01-2024","14:02:46 18-01-2024","14:23:03 18-01-2024",,"2024-01-18 14:25:00","Admin Company Davilas UDEM","Lista","Tarjeta Tarjeta Debito",105,,,"0.00","Tarjeta Debito",,3,4084,,2,"  ",,,"CHICKEN TENDERS Estandar 1 $0.00","SALSA BBQ $0.00",""
56568607,"Davilas CCU","710",0,1,"karymeferrer",,"14:08:59 18-01-2024","14:09:02 18-01-2024","14:11:10 18-01-2024",,"2024-01-18 14:10:00","Admin Company Davilas UDEM","Lista","Tarjeta Tarjeta Debito",98,,,"0.00","Tarjeta Debito",,3,4084,,2,"  ",,,"BURRITO DE CARNE ASADA Estandar 1 $0.00","CON QUESO $0.00",""
56569040,"Davilas CCU","711",0,1,"Alejandra Cardenas",,"14:16:24 18-01-2024","14:16:28 18-01-2024","14:22:59 18-01-2024",,"2024-01-18 14:16:24","Admin Company Davilas UDEM","Lista","Tarjeta Tarjeta Debito",112,,,"0.00","Tarjeta Debito",,3,4084,,2,"  ",,,"BONELESS Estandar 1 $0.00,SALSA BÚFALO Estandar 1 $0.00","SALSA BÚFALO $0.00",""
56569172,"Davilas CCU","712",0,1,"Alfredo",,"14:18:41 18-01-2024","14:18:47 18-01-2024","14:22:58 18-01-2024",,"2024-01-18 14:20:00","Admin Company Davilas UDEM","Lista","Tarjeta Tarjeta Debito",94,,,"0.00","Tarjeta Debito",,3,4084,,2,"  ",,,"GRINGA Estandar 1 $0.00","CON QUESO $0.00",""
56569835,"Davilas CCU","713",0,1,"VeronicaGómez",,"14:30:06 18-01-2024","14:30:10 18-01-2024","14:39:00 18-01-2024",,"2024-01-18 14:30:06","Admin Company Davilas UDEM","Lista","Tarjeta Tarjeta Credito",98,,,"0.00","Tarjeta Credito",,3,4084,,2,"  ",,,"TORTA DE CARNE ASADA Estandar 1 $0.00",,""
56569875,"Davilas CCU","714",0,1,"Priscila",,"14:30:55 18-01-2024","14:30:57 18-01-2024","14:35:50 18-01-2024",,"2024-01-18 14:30:55","Admin Company Davilas UDEM","Lista","Tarjeta Tarjeta Debito",98,,,"0.00","Tarjeta Debito",,3,4084,,2,"  ",,,"HAMBURGUESA DE POLLO Estandar 1 $0.00","SIN VERDURA $0.00","no es para comer aqui"
56569916,"Davilas CCU","715",0,1,"Aurora",,"14:31:39 18-01-2024","14:31:43 18-01-2024","14:38:57 18-01-2024",,"2024-01-18 14:35:00","Admin Company Davilas UDEM","Lista","Tarjeta Tarjeta Credito",96,,,"0.00","Tarjeta Credito",,3,4084,,2,"  ",,,"CAMPECHANA Estandar 1 $0.00","CON QUESO $0.00",""
56572051,"Davilas CCU","716",0,1,"DiegoLinares",,"15:13:06 18-01-2024","15:13:10 18-01-2024","15:22:10 18-01-2024",,"2024-01-18 15:15:00","Admin Company Davilas UDEM","Lista","Tarjeta Tarjeta Debito",92,,,"0.00","Tarjeta Debito",,3,4084,,2,"  ",,,"TORTA DE PIERNA Estandar 1 $0.00",,""
56573022,"Davilas CCU","717",0,1,"LuisaArreola",,"15:35:26 18-01-2024","15:35:30 18-01-2024","15:37:58 18-01-2024",,"2024-01-18 15:55:00","Admin Company Davilas UDEM","Lista","Tarjeta Tarjeta Debito",105,,,"0.00","Tarjeta Debito",,3,4084,,2,"  ",,,"BONELESS Estandar 1 $0.00","SALSA BÚFALO $0.00",""
56573316,"Davilas CCU","718",0,1,"LuisaArreola",,"15:42:28 18-01-2024","15:42:32 18-01-2024","15:51:52 18-01-2024",,"2024-01-18 15:45:00","Admin Company Davilas UDEM","Lista","Tarjeta Tarjeta Debito",6,,,"0.00","Tarjeta Debito",,3,4084,,2,"  ",,,"ADEREZO RANCH Estandar 1 $0.00",,""
56573756,"Davilas CCU","719",0,1,"Jorge Valenzuela",,"15:52:57 18-01-2024","15:53:01 18-01-2024","16:07:48 18-01-2024",,"2024-01-18 15:52:57","Admin Company Davilas UDEM","Lista","Tarjeta Tarjeta Debito",105,,,"0.00","Tarjeta Debito",,3,4084,,2,"  ",,,"BONELESS Estandar 1 $0.00","SALSA BÚFALO $0.00",""
56573987,"Davilas CCU","720",0,1,"Alexei Benavides ",,"15:58:57 18-01-2024","15:59:03 18-01-2024","16:01:13 18-01-2024",,"2024-01-18 15:58:57","Admin Company Davilas UDEM","Lista","Tarjeta Tarjeta Debito",94,,,"0.00","Tarjeta Debito",,3,4084,,2,"  ",,,"GRINGA Estandar 1 $0.00","CON QUESO $0.00",""
56574658,"Davilas CCU","721",0,1,"AlbertoGarza",,"16:15:52 18-01-2024","16:15:55 18-01-2024","16:20:37 18-01-2024",,"2024-01-18 16:15:52","Admin Company Davilas UDEM","Lista","Tarjeta Tarjeta Debito",105,,,"0.00","Tarjeta Debito",,3,4084,,2,"  ",,,"CHICKEN TENDERS Estandar 1 $0.00","SALSA BÚFALO $0.00",""
56578508,"Davilas CCU","722",0,1,"Carlos",,"18:37:42 18-01-2024","18:37:45 18-01-2024","18:42:43 18-01-2024",,"2024-01-18 19:00:00","Admin Company Davilas UDEM","Lista","Tarjeta Tarjeta Credito",96,,,"0.00","Tarjeta Credito",,3,4084,,2,"  ",,,"DEDOS DE QUESO Estandar 1 $0.00",,""
56584357,"Davilas CCU","723",0,1,"PriscilaLimón",,"10:27:31 19-01-2024","10:27:33 19-01-2024","13:17:17 19-01-2024",,"2024-01-19 13:30:00","Admin Company Davilas UDEM","Lista","Tarjeta Tarjeta Debito",125,,,"0.00","Tarjeta Debito",,3,4084,,2,"  ",,,"BONELESS Estandar 1 $0.00,COCA COLA  Estandar 1 $0.00","SALSA BÚFALO $0.00",""
56586278,"Davilas CCU","724",0,1,"Marcela ",,"11:16:32 19-01-2024","11:16:35 19-01-2024","11:50:25 19-01-2024",,"2024-01-19 11:16:32","Admin Company Davilas UDEM","Lista","Tarjeta Tarjeta Debito",105,,,"0.00","Tarjeta Debito",,3,4084,,2,"  ",,,"BONELESS Estandar 1 $0.00","SALSA BÚFALO $0.00",""
56587381,"Davilas CCU","725",0,1,"CarloReynaud",,"11:43:16 19-01-2024","11:43:20 19-01-2024","11:48:17 19-01-2024",,"2024-01-19 11:45:00","Admin Company Davilas UDEM","Lista","Tarjeta Tarjeta Debito",122,,,"0.00","Tarjeta Debito",,3,4084,,2,"  ",,,"BURRITO DE CARNE ASADA Estandar 1 $0.00,FUZE TEA Estandar 1 $0.00","CON QUESO $0.00",""
56587635,"Davilas CCU","726",0,1,"AdriánUscanga",,"11:50:50 19-01-2024","11:50:53 19-01-2024","11:59:43 19-01-2024",,"2024-01-19 11:50:50","Admin Company Davilas UDEM","Lista","Tarjeta Tarjeta Debito",122,,,"0.00","Tarjeta Debito",,3,4084,,2,"  ",,,"BURRITO DE CARNE ASADA Estandar 1 $0.00,FUZE TEA Estandar 1 $0.00","CON QUESO $0.00",""
56589453,"Davilas CCU","727",0,1,"Ilse",,"12:35:24 19-01-2024","12:35:29 19-01-2024","12:38:11 19-01-2024",,"2024-01-19 12:35:24","Admin Company Davilas UDEM","Lista","Tarjeta Tarjeta Debito",105,,,"0.00","Tarjeta Debito",,3,4084,,2,"  ",,,"CHICKEN TENDERS Estandar 1 $0.00","SALSA BBQ $0.00",""
56590227,"Davilas CCU","728",0,1,"Diego Jafet ",,"12:50:38 19-01-2024","12:50:43 19-01-2024","12:54:44 19-01-2024",,"2024-01-19 12:50:38","Admin Company Davilas UDEM","Lista","Tarjeta Tarjeta Debito",96,,,"0.00","Tarjeta Debito",,3,4084,,2,"  ",,,"CAMPECHANA Estandar 1 $0.00","CON QUESO $0.00","para llevarCAMPECHANA Estandar: sin limones\n"
56590568,"Davilas CCU","729",0,1,"Melissa",,"12:55:31 19-01-2024","12:55:34 19-01-2024","12:57:53 19-01-2024",,"2024-01-19 12:55:31","Admin Company Davilas UDEM","Lista","Tarjeta Tarjeta Debito",105,,,"0.00","Tarjeta Debito",,3,4084,,2,"  ",,,"CHICKEN TENDERS Estandar 1 $0.00","SALSA BÚFALO $0.00",""
56590756,"Davilas CCU","730",0,1,"ErikaGutiérrez",,"12:58:23 19-01-2024","12:58:25 19-01-2024","13:04:14 19-01-2024",,"2024-01-19 13:00:00","Admin Company Davilas UDEM","Lista","Tarjeta Tarjeta Debito",92,,,"0.00","Tarjeta Debito",,3,4084,,2,"  ",,,"TORTA DE PIERNA Estandar 1 $0.00",,""
56591179,"Davilas CCU","731",0,1,"Daniela",,"13:06:36 19-01-2024","13:06:42 19-01-2024","13:13:30 19-01-2024",,"2024-01-19 13:10:00","Admin Company Davilas UDEM","Lista","Tarjeta Tarjeta Debito",105,,,"0.00","Tarjeta Debito",,3,4084,,2,"  ",,,"BONELESS Estandar 1 $0.00","SALSA BÚFALO $0.00",""
56593577,"Davilas CCU","732",0,1,"Carlos",,"13:47:26 19-01-2024","13:47:28 19-01-2024","13:51:41 19-01-2024",,"2024-01-19 13:50:00","Admin Company Davilas UDEM","Lista","Tarjeta Tarjeta Credito",96,,,"0.00","Tarjeta Credito",,3,4084,,2,"  ",,,"DEDOS DE QUESO Estandar 1 $0.00",,""
56594224,"Davilas CCU","733",0,1,"norberto ",,"13:59:36 19-01-2024","13:59:40 19-01-2024","14:01:13 19-01-2024",,"2024-01-19 13:59:36","Admin Company Davilas UDEM","Lista","Tarjeta Tarjeta Credito",105,,,"0.00","Tarjeta Credito",,3,4084,,2,"  ",,,"CHICKEN TENDERS Estandar 1 $0.00","SALSA BBQ $0.00",""
56594861,"Davilas CCU","734",0,1,"SofiaBrussolo",,"14:10:43 19-01-2024","14:10:47 19-01-2024","14:18:15 19-01-2024",,"2024-01-19 14:10:43","Admin Company Davilas UDEM","Lista","Tarjeta Tarjeta Debito",98,,,"0.00","Tarjeta Debito",,3,4084,,2,"  ",,,"HAMBURGUESA DE POLLO Estandar 1 $0.00",,""
56665726,"Davilas CCU","735",0,1,"Ana Ordonez ",,"12:58:21 22-01-2024",,,"12:58:24 22-01-2024","2024-01-22 12:58:21","Admin Company Davilas UDEM","Cancelada","Tarjeta ",123,,,"0.00",,,5,4084,"Tarjeta rechazada",2,"  ",,,"CHICKEN TENDERS Estandar 1 $0.00,AGUA NATURAL 600ML Estandar 1 $0.00","SALSA BÚFALO $0.00",""
56665971,"Davilas CCU","736",0,1,"DiegoTovar",,"13:03:45 22-01-2024","13:03:56 22-01-2024","13:08:22 22-01-2024",,"2024-01-22 13:05:00","Admin Company Davilas UDEM","Lista","Tarjeta Tarjeta Credito",125,,,"0.00","Tarjeta Credito",,3,4084,,2,"  ",,,"CHICKEN TENDERS Estandar 1 $0.00,AGUA CIEL SABOR Estandar 1 $0.00","SALSA BÚFALO $0.00,LIMON $0.00",""
56666236,"Davilas CCU","737",0,1,"Patricia",,"13:08:37 22-01-2024","13:08:39 22-01-2024","13:12:04 22-01-2024",,"2024-01-22 13:10:00","Admin Company Davilas UDEM","Lista","Tarjeta Tarjeta Debito",92,,,"0.00","Tarjeta Debito",,3,4084,,2,"  ",,,"ORDEN TACOS DE CARNE ASADA Estandar 1 $0.00","MAIZ $0.00,CON QUESO $0.00",""
56666283,"Davilas CCU","738",0,1,"SofiaAlvarado",,"13:09:24 22-01-2024","13:09:27 22-01-2024","13:13:20 22-01-2024",,"2024-01-22 13:10:00","Admin Company Davilas UDEM","Lista","Tarjeta Tarjeta Debito",105,,,"0.00","Tarjeta Debito",,3,4084,,2,"  ",,,"BONELESS Estandar 1 $0.00","SALSA BÚFALO $0.00",""
56666296,"Davilas CCU","739",0,1,"LorenaMoralesVázquez",,"13:09:43 22-01-2024","13:09:46 22-01-2024","13:13:22 22-01-2024",,"2024-01-22 13:10:00","Admin Company Davilas UDEM","Lista","Tarjeta Tarjeta Debito",105,,,"0.00","Tarjeta Debito",,3,4084,,2,"  ",,,"BONELESS Estandar 1 $0.00","SALSA BÚFALO $0.00",""
56666339,"Davilas CCU","740",0,1,"Jesús Normando Salcedo Delgado ",,"13:10:21 22-01-2024","13:10:26 22-01-2024","13:17:24 22-01-2024",,"2024-01-22 13:10:21","Admin Company Davilas UDEM","Lista","Tarjeta Tarjeta Debito",102,,,"0.00","Tarjeta Debito",,3,4084,,2,"  ",,,"DEDOS DE QUESO Estandar 1 $0.00","SALSA DE TOMATE EXTRA $6.00",""
56666356,"Davilas CCU","741",0,1,"Rodrigo Gómez ",,"13:10:44 22-01-2024","13:10:45 22-01-2024","13:17:26 22-01-2024",,"2024-01-22 13:10:44","Admin Company Davilas UDEM","Lista","Tarjeta Tarjeta Debito",98,,,"0.00","Tarjeta Debito",,3,4084,,2,"  ",,,"BURRITO DE CARNE ASADA Estandar 1 $0.00","CON QUESO $0.00",""
56667056,"Davilas CCU","742",0,1,"AlejandroCano",,"13:22:54 22-01-2024",,,"13:23:00 22-01-2024","2024-01-22 13:25:00","Admin Company Davilas UDEM","Cancelada","Tarjeta ",64,,,"0.00",,,5,4084,"Tarjeta rechazada",2,"  ",,,"ORDEN DE PAPAS Estandar 1 $0.00,FUZE TEA Estandar 1 $0.00",,""
56669131,"Davilas CCU","743",0,1,"MauroCavazosHidalgo",,"14:01:27 22-01-2024","14:01:33 22-01-2024","14:10:38 22-01-2024",,"2024-01-22 14:25:00","Admin Company Davilas UDEM","Lista","Tarjeta Tarjeta Debito",122,,,"0.00","Tarjeta Debito",,3,4084,,2,"  ",,,"HAMBURGUESA DE RES Estandar 1 $0.00,FUZE TEA Estandar 1 $0.00",,""
56669712,"Davilas CCU","744",0,1,"Ilse",,"14:12:10 22-01-2024","14:12:15 22-01-2024","14:14:57 22-01-2024",,"2024-01-22 14:15:00","Admin Company Davilas UDEM","Lista","Tarjeta Tarjeta Debito",92,,,"0.00","Tarjeta Debito",,3,4084,,2,"  ",,,"ORDEN TACOS DE CARNE ASADA Estandar 1 $0.00","MAIZ $0.00,SIN QUESO $0.00",""
56671388,"Davilas CCU","745",0,1,"VeronicaGómez",,"14:41:45 22-01-2024","14:41:46 22-01-2024","14:47:10 22-01-2024",,"2024-01-22 14:45:00","Admin Company Davilas UDEM","Lista","Tarjeta Tarjeta Credito",96,,,"0.00","Tarjeta Credito",,3,4084,,2,"  ",,,"CAMPECHANA Estandar 1 $0.00","CON QUESO $0.00",""
56671483,"Davilas CCU","746",0,1,"AnaPaty",,"14:43:31 22-01-2024",,,"14:43:37 22-01-2024","2024-01-22 14:45:00","Admin Company Davilas UDEM","Cancelada","Tarjeta ",157,,,"0.00",,,5,4084,"Tarjeta rechazada",2,"  ",,,"BONELESS Estandar 1 $0.00,ORDEN DE PAPAS Estandar 1 $0.00","SALSA BÚFALO $6.00,ADEREZO RANCH $6.00,SALSA BÚFALO $0.00",""
56671531,"Davilas CCU","747",0,1,"AnaPaty",,"14:44:39 22-01-2024","14:44:41 22-01-2024","14:47:59 22-01-2024",,"2024-01-22 14:45:00","Admin Company Davilas UDEM","Lista","Tarjeta Tarjeta Credito",157,,,"0.00","Tarjeta Credito",,3,4084,,2,"  ",,,"BONELESS Estandar 1 $0.00,ORDEN DE PAPAS Estandar 1 $0.00","SALSA BÚFALO $0.00,SALSA BÚFALO $6.00,ADEREZO RANCH $6.00",""
56671870,"Davilas CCU","748",0,1,"CésarAguilar",,"14:51:04 22-01-2024","14:51:05 22-01-2024","14:55:47 22-01-2024",,"2024-01-22 14:55:00","Admin Company Davilas UDEM","Lista","Tarjeta Tarjeta Debito",61,,,"0.00","Tarjeta Debito",,3,4084,,2,"  ",,,"ORDEN PAPAS ESPECIALES Estandar 1 $0.00","SALSA BBQ $6.00",""
56672258,"Davilas CCU","749",0,1,"JesseCordova",,"14:58:50 22-01-2024","14:58:54 22-01-2024","15:14:48 22-01-2024",,"2024-01-22 15:30:00","Admin Company Davilas UDEM","Lista","Tarjeta Tarjeta Debito",98,,,"0.00","Tarjeta Debito",,3,4084,,2,"  ",,,"BURRITO DE CARNE ASADA Estandar 1 $0.00","SIN QUESO $0.00",""
56674554,"Davilas CCU","750",0,1,"ValeriaCrespo",,"15:52:47 22-01-2024","15:52:51 22-01-2024","16:04:56 22-01-2024",,"2024-01-22 15:55:00","Admin Company Davilas UDEM","Lista","Tarjeta Tarjeta Debito",105,,,"0.00","Tarjeta Debito",,3,4084,,2,"  ",,,"BONELESS Estandar 1 $0.00","SALSA BÚFALO $0.00",""
56674918,"Davilas CCU","751",0,1,"Mario",,"16:01:19 22-01-2024","16:01:22 22-01-2024","16:14:19 22-01-2024",,"2024-01-22 16:01:19","Admin Company Davilas UDEM","Lista","Tarjeta Tarjeta Debito",105,,,"0.00","Tarjeta Debito",,3,4084,,2,"  ",,,"BONELESS Estandar 1 $0.00","SALSA BÚFALO $0.00",""
56674920,"Davilas CCU","752",0,1,"Ilse",,"16:01:20 22-01-2024","16:01:30 22-01-2024","16:20:05 22-01-2024",,"2024-01-22 16:05:00","Admin Company Davilas UDEM","Lista","Tarjeta Tarjeta Debito",105,,,"0.00","Tarjeta Debito",,3,4084,,2,"  ",,,"BONELESS Estandar 1 $0.00","SALSA BÚFALO $0.00",""
56675087,"Davilas CCU","753",0,1,"Jorge Valenzuela",,"16:05:54 22-01-2024",,,"16:05:59 22-01-2024","2024-01-22 16:05:54","Admin Company Davilas UDEM","Cancelada","Tarjeta ",105,,,"0.00",,,5,4084,"Tarjeta rechazada",2,"  ",,,"BONELESS Estandar 1 $0.00","SALSA BÚFALO $0.00",""
56675112,"Davilas CCU","754",0,1,"Rafael Woodward Jiménez ",,"16:06:25 22-01-2024","16:06:29 22-01-2024","16:22:15 22-01-2024",,"2024-01-22 16:06:26","Admin Company Davilas UDEM","Lista","Tarjeta Tarjeta Debito",92,,,"0.00","Tarjeta Debito",,3,4084,,2,"  ",,,"ALITAS Estandar 1 $0.00","SALSA BBQ $0.00",""
56675173,"Davilas CCU","755",0,1,"Jorge Valenzuela",,"16:07:59 22-01-2024","16:08:02 22-01-2024","16:37:57 22-01-2024",,"2024-01-22 16:07:59","Admin Company Davilas UDEM","Lista","Tarjeta Tarjeta Debito",105,,,"0.00","Tarjeta Debito",,3,4084,,2,"  ",,,"BONELESS Estandar 1 $0.00","SALSA BÚFALO $0.00",""
56675686,"Davilas CCU","756",0,1,"Mario",,"16:21:50 22-01-2024","16:21:54 22-01-2024","16:37:29 22-01-2024",,"2024-01-22 16:21:50","Admin Company Davilas UDEM","Lista","Tarjeta Tarjeta Debito",105,,,"0.00","Tarjeta Debito",,3,4084,,2,"  ",,,"BONELESS Estandar 1 $0.00","SALSA BÚFALO $0.00","BONELESS Estandar: extra salsa\n"
56675755,"Davilas CCU","757",0,1,"AdriánUscanga",,"16:23:36 22-01-2024","16:23:39 22-01-2024","16:29:00 22-01-2024",,"2024-01-22 16:25:00","Admin Company Davilas UDEM","Lista","Tarjeta Tarjeta Debito",129,,,"0.00","Tarjeta Debito",,3,4084,,2,"  ",,,"CHICKEN TENDERS Estandar 1 $0.00,FUZE TEA Estandar 1 $0.00","SALSA BBQ $0.00",""
56675816,"Davilas CCU","758",0,1,"CarloReynaud",,"16:24:48 22-01-2024","16:24:51 22-01-2024","16:29:04 22-01-2024",,"2024-01-22 16:25:00","Admin Company Davilas UDEM","Lista","Tarjeta Tarjeta Debito",129,,,"0.00","Tarjeta Debito",,3,4084,,2,"  ",,,"CHICKEN TENDERS Estandar 1 $0.00,FUZE TEA Estandar 1 $0.00","SALSA BÚFALO $0.00",""
56677456,"Davilas CCU","759",0,1,"DiegoLinares",,"17:17:56 22-01-2024","17:17:59 22-01-2024","17:22:32 22-01-2024",,"2024-01-22 17:20:00","Admin Company Davilas UDEM","Lista","Tarjeta Tarjeta Debito",105,,,"0.00","Tarjeta Debito",,3,4084,,2,"  ",,,"BONELESS Estandar 1 $0.00","SALSA BÚFALO $0.00",""
56687480,"Davilas CCU","760",0,1,"AdriánUscanga",,"11:49:45 23-01-2024","11:50:09 23-01-2024","11:54:36 23-01-2024",,"2024-01-23 11:50:00","Admin Company Davilas UDEM","Lista","Tarjeta Tarjeta Debito",122,,,"0.00","Tarjeta Debito",,3,4084,,2,"  ",,,"BURRITO DE CARNE ASADA Estandar 1 $0.00,FUZE TEA Estandar 1 $0.00","CON QUESO $0.00",""
56688288,"Davilas CCU","761",0,1,"JoséMiguel",,"12:10:15 23-01-2024","12:10:20 23-01-2024","12:13:47 23-01-2024",,"2024-01-23 12:30:00","Admin Company Davilas UDEM","Lista","Tarjeta Tarjeta Debito",98,,,"0.00","Tarjeta Debito",,3,4084,,2,"  ",,,"TORTA DE CARNE ASADA Estandar 1 $0.00","SIN CREMA $0.00",""
56688297,"Davilas CCU","762",0,1,"JorgeVladimirRodríguezBerino",,"12:10:21 23-01-2024","12:10:28 23-01-2024","12:14:22 23-01-2024",,"2024-01-23 12:10:21","Admin Company Davilas UDEM","Lista","Tarjeta Tarjeta Debito",129,,,"0.00","Tarjeta Debito",,3,4084,,2,"  ",,,"BONELESS Estandar 1 $0.00,FUZE TEA Estandar 1 $0.00","NATURALES $0.00",""
56690218,"Davilas CCU","763",0,1,"ErikaGutiérrez",,"12:57:46 23-01-2024","12:57:48 23-01-2024","12:59:32 23-01-2024",,"2024-01-23 13:00:00","Admin Company Davilas UDEM","Lista","Tarjeta Tarjeta Debito",40,,,"0.00","Tarjeta Debito",,3,4084,,2,"  ",,,"ORDEN DE PAPAS Estandar 1 $0.00",,""
56690290,"Davilas CCU","764",0,1,"Leo Tamez",,"12:59:21 23-01-2024",,,"12:59:25 23-01-2024","2024-01-23 12:59:22","Admin Company Davilas UDEM","Cancelada","Tarjeta ",110,,,"0.00",,,5,4084,"Tarjeta rechazada",2,"  ",,,"ORDEN PAPAS ESPECIALES Estandar 2 $0.00",,"que sea para llevar "
56690362,"Davilas CCU","765",0,1,"Leo Tamez",,"13:01:08 23-01-2024",,,"13:01:14 23-01-2024","2024-01-23 13:01:10","Admin Company Davilas UDEM","Cancelada","Tarjeta ",110,,,"0.00",,,5,4084,"Tarjeta rechazada",2,"  ",,,"ORDEN PAPAS ESPECIALES Estandar 2 $0.00",,"que sea para llevar porfa "
56690530,"Davilas CCU","766",0,1,"NataliaDelaFuente",,"13:05:06 23-01-2024","13:05:11 23-01-2024","13:09:44 23-01-2024",,"2024-01-23 13:05:06","Admin Company Davilas UDEM","Lista","Tarjeta Tarjeta Credito",105,,,"0.00","Tarjeta Credito",,3,4084,,2,"  ",,,"BONELESS Estandar 1 $0.00","NATURALES $0.00",""
56690997,"Davilas CCU","767",0,1,"Karla",,"13:14:38 23-01-2024","13:14:40 23-01-2024","13:17:24 23-01-2024",,"2024-01-23 13:15:00","Admin Company Davilas UDEM","Lista","Tarjeta Tarjeta Debito",92,,,"0.00","Tarjeta Debito",,3,4084,,2,"  ",,,"ORDEN TACOS DE CARNE ASADA Estandar 1 $0.00","MAIZ $0.00,CON QUESO $0.00","orden para llevar"
56693906,"Davilas CCU","768",0,1,"SantiagoCid",,"14:10:53 23-01-2024","14:10:55 23-01-2024","14:13:51 23-01-2024",,"2024-01-23 14:30:00","Admin Company Davilas UDEM","Lista","Tarjeta Tarjeta Debito",98,,,"0.00","Tarjeta Debito",,3,4084,,2,"  ",,,"HAMBURGUESA DE POLLO Estandar 1 $0.00","SIN VERDURA $0.00",""
56694762,"Davilas CCU","769",0,1,"SamanthaCastilloMontero",,"14:27:45 23-01-2024","14:27:47 23-01-2024","14:33:52 23-01-2024",,"2024-01-23 14:30:00","Admin Company Davilas UDEM","Lista","Tarjeta Tarjeta Debito",192,,,"0.00","Tarjeta Debito",,3,4084,,2,"  ",,,"DEDOS DE QUESO Estandar 2 $0.00",,""
56715008,"Davilas CCU","770",0,1,"BernardoServín",,"13:12:17 24-01-2024","13:12:19 24-01-2024","13:18:12 24-01-2024",,"2024-01-24 13:15:00","Admin Company Davilas UDEM","Lista","Tarjeta Tarjeta Debito",98,,,"0.00","Tarjeta Debito",,3,4084,,2,"  ",,,"HAMBURGUESA DE RES Estandar 1 $0.00","SIN VERDURA $0.00",""
56718110,"Davilas CCU","771",0,1,"emy",,"14:12:34 24-01-2024","14:12:35 24-01-2024","14:15:05 24-01-2024",,"2024-01-24 14:15:00","Admin Company Davilas UDEM","Lista","Tarjeta Tarjeta Debito",98,,,"0.00","Tarjeta Debito",,3,4084,,2,"  ",,,"BURRITO DE CARNE ASADA Estandar 1 $0.00","CON QUESO $0.00","BURRITO DE CARNE ASADA Estandar: sin salsa porfavor\n"
56720797,"Davilas CCU","772",0,1,"JorgeVladimirRodríguezBerino",,"15:07:00 24-01-2024","15:07:07 24-01-2024","15:08:29 24-01-2024",,"2024-01-24 15:10:00","Admin Company Davilas UDEM","Lista","Tarjeta Tarjeta Debito",129,,,"0.00","Tarjeta Debito",,3,4084,,2,"  ",,,"BONELESS Estandar 1 $0.00,FUZE TEA Estandar 1 $0.00","NATURALES $0.00",""
56735428,"Davilas CCU","773",0,1,"Alo",,"11:40:33 25-01-2024","11:40:34 25-01-2024","11:46:42 25-01-2024",,"2024-01-25 11:40:33","Admin Company Davilas UDEM","Lista","Tarjeta Tarjeta Debito",292,,,"0.00","Tarjeta Debito",,3,4084,,2,"  ",,,"CAMPECHANA Estandar 1 $0.00,DEDOS DE QUESO Estandar 1 $0.00,GRINGA Estandar 1 $0.00","CON QUESO $0.00,CON QUESO $0.00,SALSA DE TOMATE EXTRA $6.00",""
56737099,"Davilas CCU","774",0,1,"Angel Garcia Moreno",,"12:22:58 25-01-2024","12:23:04 25-01-2024","12:26:00 25-01-2024",,"2024-01-25 12:22:58","Admin Company Davilas UDEM","Lista","Tarjeta Tarjeta Debito",105,,,"0.00","Tarjeta Debito",,3,4084,,2,"  ",,,"BONELESS Estandar 1 $0.00","SALSA BÚFALO $0.00",""
56738508,"Davilas CCU","775",0,1,"Amauri",,"12:59:16 25-01-2024","12:59:18 25-01-2024","13:04:23 25-01-2024",,"2024-01-25 13:00:00","Admin Company Davilas UDEM","Lista","Tarjeta Tarjeta Debito",98,,,"0.00","Tarjeta Debito",,3,4084,,2,"  ",,,"BURRITO DE CARNE ASADA Estandar 1 $0.00","CON QUESO $0.00",""
56738523,"Davilas CCU","776",0,1,"Frida",,"12:59:35 25-01-2024","12:59:37 25-01-2024","13:01:59 25-01-2024",,"2024-01-25 13:00:00","Admin Company Davilas UDEM","Lista","Tarjeta Tarjeta Credito",228,,,"0.00","Tarjeta Credito",,3,4084,,2,"  ",,,"BONELESS Estandar 2 $0.00,AGUA NATURAL 600ML Estandar 1 $0.00","SALSA BÚFALO $0.00",""
56739385,"Davilas CCU","777",0,1,"Patricia",,"13:15:43 25-01-2024",,,"13:15:49 25-01-2024","2024-01-25 13:15:43","Admin Company Davilas UDEM","Cancelada","Tarjeta ",24,,,"0.00",,,5,4084,"Tarjeta rechazada",2,"  ",,,"FUZE TEA Estandar 1 $0.00",,""
56739529,"Davilas CCU","778",0,1,"Patricia",,"13:18:30 25-01-2024","13:18:41 25-01-2024","13:26:48 25-01-2024",,"2024-01-25 13:20:00","Admin Company Davilas UDEM","Lista","Tarjeta Tarjeta Debito",24,,,"0.00","Tarjeta Debito",,3,4084,,2,"  ",,,"FUZE TEA Estandar 1 $0.00",,""
56740015,"Davilas CCU","779",0,1,"DiegoLinares",,"13:27:44 25-01-2024","13:27:51 25-01-2024","13:29:01 25-01-2024",,"2024-01-25 13:30:00","Admin Company Davilas UDEM","Lista","Tarjeta Tarjeta Debito",105,,,"0.00","Tarjeta Debito",,3,4084,,2,"  ",,,"BONELESS Estandar 1 $0.00","SALSA BÚFALO $0.00",""
56741727,"Davilas CCU","780",0,1,"MauroCavazosHidalgo",,"14:00:31 25-01-2024","14:00:36 25-01-2024","14:08:00 25-01-2024",,"2024-01-25 14:25:00","Admin Company Davilas UDEM","Lista","Tarjeta Tarjeta Debito",129,,,"0.00","Tarjeta Debito",,3,4084,,2,"  ",,,"CHICKEN TENDERS Estandar 1 $0.00,FUZE TEA Estandar 1 $0.00","SALSA BBQ $0.00",""
56742698,"Davilas CCU","781",0,1,"Alejandra Cardenas",,"14:18:18 25-01-2024","14:18:25 25-01-2024","14:37:47 25-01-2024",,"2024-01-25 14:18:18","Admin Company Davilas UDEM","Lista","Tarjeta Tarjeta Debito",105,,,"0.00","Tarjeta Debito",,3,4084,,2,"  ",,,"BONELESS Estandar 1 $0.00","SALSA BÚFALO $0.00",""
56745246,"Davilas CCU","782",0,1,"Emilio",,"15:06:26 25-01-2024","15:06:30 25-01-2024","15:15:26 25-01-2024",,"2024-01-25 15:06:26","Admin Company Davilas UDEM","Lista","Tarjeta Tarjeta Debito",105,,,"0.00","Tarjeta Debito",,3,4084,,2,"  ",,,"BONELESS Estandar 1 $0.00","SALSA BÚFALO $0.00",""
56746021,"Davilas CCU","783",0,1,"Miguel Tello ",,"15:23:24 25-01-2024",,,"15:23:25 25-01-2024","2024-01-25 15:23:24","Admin Company Davilas UDEM","Cancelada","Tarjeta ",105,,,"0.00",,,5,4084,"Tarjeta rechazada",2,"  ",,,"BONELESS Estandar 1 $0.00","SALSA BÚFALO $0.00",""
56746078,"Davilas CCU","784",0,1,"Miguel Tello ",,"15:24:29 25-01-2024",,,"15:24:36 25-01-2024","2024-01-25 15:24:29","Admin Company Davilas UDEM","Cancelada","Tarjeta ",105,,,"0.00",,,5,4084,"Tarjeta rechazada",2,"  ",,,"BONELESS Estandar 1 $0.00","SALSA BÚFALO $0.00",""
56746631,"Davilas CCU","785",0,1,"Alexei Benavides ",,"15:38:30 25-01-2024","15:38:33 25-01-2024","15:43:37 25-01-2024",,"2024-01-25 15:38:30","Admin Company Davilas UDEM","Lista","Tarjeta Tarjeta Debito",92,,,"0.00","Tarjeta Debito",,3,4084,,2,"  ",,,"ORDEN TACOS DE CARNE ASADA Estandar 1 $0.00","MAIZ $0.00,CON QUESO $0.00",""
56747241,"Davilas CCU","786",0,1,"AlbertoGarza",,"15:54:41 25-01-2024","15:54:46 25-01-2024",,,"2024-01-25 15:55:00","Admin Company Davilas UDEM","Procesándose","Tarjeta Tarjeta Debito",105,,,"0.00","Tarjeta Debito",,2,4084,,2,"  ",,,"CHICKEN TENDERS Estandar 1 $0.00","SALSA BÚFALO $0.00",""
56747587,"Davilas CCU","787",0,1,"Pamela",,"16:03:09 25-01-2024",,,"16:03:12 25-01-2024","2024-01-25 16:05:00","Admin Company Davilas UDEM","Cancelada","Tarjeta ",55,,,"0.00",,,5,4084,"Tarjeta rechazada",2,"  ",,,"ORDEN PAPAS ESPECIALES Estandar 1 $0.00",,""
56749932,"Davilas CCU","788",0,1,"IanCano",,"17:20:16 25-01-2024","17:20:19 25-01-2024","17:21:41 25-01-2024",,"2024-01-25 17:20:17","Admin Company Davilas UDEM","Lista","Tarjeta Tarjeta Debito",55,,,"0.00","Tarjeta Debito",,3,4084,,2,"  ",,,"ORDEN PAPAS ESPECIALES Estandar 1 $0.00",,""
56762421,"Davilas CCU","789",0,1,"KarlaGuadalupeAcostaTorres",,"12:27:01 26-01-2024","12:27:05 26-01-2024","12:55:29 26-01-2024",,"2024-01-26 13:10:00","Admin Company Davilas UDEM","Lista","Tarjeta Tarjeta Debito",62,,,"0.00","Tarjeta Debito",,3,4084,,2,"  ",,,"ORDEN PAPAS ESPECIALES Estandar 1 $0.00,SALSA BÚFALO Estandar 1 $0.00",,""
56764159,"Davilas CCU","790",0,1,"ErikaGutiérrez",,"13:05:27 26-01-2024",,,"13:06:10 26-01-2024","2024-01-26 13:05:27","Admin Company Davilas UDEM","Cancelada","Tarjeta ",40,,,"0.00",,,5,4084,"Tarjeta rechazada",2,"  ",,,"ORDEN DE PAPAS Estandar 1 $0.00",,""
56764336,"Davilas CCU","791",0,1,"Melissa",,"13:08:48 26-01-2024","13:08:54 26-01-2024","13:12:37 26-01-2024",,"2024-01-26 13:08:48","Admin Company Davilas UDEM","Lista","Tarjeta Tarjeta Debito",105,,,"0.00","Tarjeta Debito",,3,4084,,2,"  ",,,"CHICKEN TENDERS Estandar 1 $0.00","SALSA BÚFALO $0.00",""
56769400,"Davilas CCU","792",0,1,"LilianaPérez",,"14:37:23 26-01-2024",,,"14:37:25 26-01-2024","2024-01-26 14:40:00","Admin Company Davilas UDEM","Cancelada","Tarjeta ",105,,,"0.00",,,5,4084,"Tarjeta rechazada",2,"  ",,,"BONELESS Estandar 1 $0.00","SALSA BÚFALO $0.00",""
56769981,"Davilas CCU","793",0,1,"LilianaPérez",,"14:47:40 26-01-2024",,,"14:47:44 26-01-2024","2024-01-26 14:50:00","Admin Company Davilas UDEM","Cancelada","Tarjeta ",105,,,"0.00",,,5,4084,"Tarjeta rechazada",2,"  ",,,"BONELESS Estandar 1 $0.00","SALSA BÚFALO $0.00",""
56836266,"Davilas CCU","794",0,1,"Rodrigo Guerrero",,"12:21:37 29-01-2024",,,"12:21:42 29-01-2024","2024-01-29 13:00:00","Admin Company Davilas UDEM","Cancelada","Tarjeta ",96,,,"0.00",,,5,4084,"Tarjeta rechazada",2,"  ",,,"CAMPECHANA Estandar 1 $0.00","CON QUESO $0.00","CAMPECHANA Estandar: sin cebolla\n"
56836349,"Davilas CCU","795",0,1,"Rodrigo Guerrero",,"12:23:38 29-01-2024",,,"12:23:40 29-01-2024","2024-01-29 13:00:00","Admin Company Davilas UDEM","Cancelada","Tarjeta ",96,,,"0.00",,,5,4084,"Tarjeta rechazada",2,"  ",,,"CAMPECHANA Estandar 1 $0.00","CON QUESO $0.00",""
56838247,"Davilas CCU","796",0,1,"PabloBaroFuentes",,"13:07:15 29-01-2024",,,"13:07:20 29-01-2024","2024-01-29 13:10:00","Admin Company Davilas UDEM","Cancelada","Tarjeta ",98,,,"0.00",,,5,4084,"Tarjeta rechazada",2,"  ",,,"HAMBURGUESA DE POLLO Estandar 1 $0.00",,""
56838423,"Davilas CCU","797",0,1,"DiegoBriones",,"13:10:33 29-01-2024","13:10:40 29-01-2024","13:14:36 29-01-2024",,"2024-01-29 13:10:33","Admin Company Davilas UDEM","Lista","Tarjeta Tarjeta Credito",110,,,"0.00","Tarjeta Credito",,3,4084,,2,"  ",,,"TORTA DE PIERNA Estandar 1 $0.00,AGUA NATURAL 600ML Estandar 1 $0.00","SIN VERDURA $0.00",""
56838550,"Davilas CCU","798",0,1,"PabloBaroFuentes",,"13:12:50 29-01-2024",,,"13:12:51 29-01-2024","2024-01-29 13:15:00","Admin Company Davilas UDEM","Cancelada","Tarjeta ",98,,,"0.00",,,5,4084,"Tarjeta rechazada",2,"  ",,,"HAMBURGUESA DE POLLO Estandar 1 $0.00",,""
56840953,"Davilas CCU","799",0,1,"MauroCavazosHidalgo",,"13:59:36 29-01-2024","13:59:41 29-01-2024","14:07:15 29-01-2024",,"2024-01-29 14:25:00","Admin Company Davilas UDEM","Lista","Tarjeta Tarjeta Debito",122,,,"0.00","Tarjeta Debito",,3,4084,,2,"  ",,,"TORTA DE CARNE ASADA Estandar 1 $0.00,FUZE TEA Estandar 1 $0.00",,""
56842283,"Davilas CCU","800",0,1,"CarloReynaud",,"14:23:25 29-01-2024","14:23:30 29-01-2024","14:34:53 29-01-2024",,"2024-01-29 14:25:00","Admin Company Davilas UDEM","Lista","Tarjeta Tarjeta Debito",129,,,"0.00","Tarjeta Debito",,3,4084,,2,"  ",,,"CHICKEN TENDERS Estandar 1 $0.00,FUZE TEA Estandar 1 $0.00","SALSA BÚFALO $0.00",""
56846465,"Davilas CCU","801",0,1,"ValeriaCrespo",,"15:47:01 29-01-2024","15:47:06 29-01-2024","15:49:05 29-01-2024",,"2024-01-29 15:50:00","Admin Company Davilas UDEM","Lista","Tarjeta Tarjeta Debito",105,,,"0.00","Tarjeta Debito",,3,4084,,2,"  ",,,"BONELESS Estandar 1 $0.00","SALSA BÚFALO $0.00",""
56849599,"Davilas CCU","802",0,1,"Sofia",,"17:24:57 29-01-2024",,,"17:25:00 29-01-2024","2024-01-29 17:25:00","Admin Company Davilas UDEM","Cancelada","Tarjeta ",96,,,"0.00",,,5,4084,"Tarjeta rechazada",2,"  ",,,"CAMPECHANA Estandar 1 $0.00","CON QUESO $0.00","Es para llevar pero no aparece la opcin"
56849987,"Davilas CCU","803",0,1,"IanCano",,"17:40:43 29-01-2024","17:40:46 29-01-2024","17:45:42 29-01-2024",,"2024-01-29 17:40:43","Admin Company Davilas UDEM","Lista","Tarjeta Tarjeta Debito",96,,,"0.00","Tarjeta Debito",,3,4084,,2,"  ",,,"CAMPECHANA Estandar 1 $0.00","CON QUESO $0.00","CAMPECHANA Estandar: Cebolla aparte\n"
56851425,"Davilas CCU","804",0,1,"norberto ",,"18:44:40 29-01-2024","18:44:43 29-01-2024","18:47:57 29-01-2024",,"2024-01-29 18:44:41","Admin Company Davilas UDEM","Lista","Tarjeta Tarjeta Credito",105,,,"0.00","Tarjeta Credito",,3,4084,,2,"  ",,,"CHICKEN TENDERS Estandar 1 $0.00","SALSA BBQ $0.00",""
56860508,"Davilas CCU","805",0,1,"Carlos",,"12:00:27 30-01-2024","12:00:29 30-01-2024","12:04:42 30-01-2024",,"2024-01-30 12:00:27","Admin Company Davilas UDEM","Lista","Tarjeta Tarjeta Credito",96,,,"0.00","Tarjeta Credito",,3,4084,,2,"  ",,,"DEDOS DE QUESO Estandar 1 $0.00",,""
56860625,"Davilas CCU","806",0,1,"Marlon",,"12:03:18 30-01-2024","12:03:21 30-01-2024","12:31:11 30-01-2024",,"2024-01-30 12:05:00","Admin Company Davilas UDEM","Lista","Tarjeta Tarjeta Debito",98,,,"0.00","Tarjeta Debito",,3,4084,,2,"  ",,,"BURRITO DE CARNE ASADA Estandar 1 $0.00","CON QUESO $0.00",""
56860727,"Davilas CCU","807",0,1,"LluviaLarumbe",,"12:05:40 30-01-2024","12:05:41 30-01-2024","12:31:09 30-01-2024",,"2024-01-30 12:50:00","Admin Company Davilas UDEM","Lista","Tarjeta Tarjeta Debito",40,,,"0.00","Tarjeta Debito",,3,4084,,2,"  ",,,"ORDEN DE PAPAS Estandar 1 $0.00",,""
56862766,"Davilas CCU","808",0,1,"Melissa",,"12:54:27 30-01-2024","12:54:31 30-01-2024","13:06:31 30-01-2024",,"2024-01-30 12:54:27","Admin Company Davilas UDEM","Lista","Tarjeta Tarjeta Debito",105,,,"0.00","Tarjeta Debito",,3,4084,,2,"  ",,,"CHICKEN TENDERS Estandar 1 $0.00","SALSA BÚFALO $0.00",""
56863640,"Davilas CCU","809",0,1,"MarvingCanales",,"13:12:11 30-01-2024","13:12:16 30-01-2024","13:20:03 30-01-2024",,"2024-01-30 13:15:00","Admin Company Davilas UDEM","Lista","Tarjeta Tarjeta Debito",96,,,"0.00","Tarjeta Debito",,3,4084,,2,"  ",,,"CAMPECHANA Estandar 1 $0.00","CON QUESO $0.00",""
56863953,"Davilas CCU","810",0,1,"LuisUrquijo",,"13:17:26 30-01-2024","13:17:28 30-01-2024","13:29:44 30-01-2024",,"2024-01-30 13:20:00","Admin Company Davilas UDEM","Lista","Tarjeta Tarjeta Debito",149,,,"0.00","Tarjeta Debito",,3,4084,,2,"  ",,,"GRINGA Estandar 1 $0.00,ORDEN PAPAS ESPECIALES Estandar 1 $0.00","CON QUESO $0.00",""
56866224,"Davilas CCU","811",0,1,"AriadnaLezithGarzagonzález",,"13:59:12 30-01-2024","13:59:17 30-01-2024","14:04:04 30-01-2024",,"2024-01-30 14:00:00","Admin Company Davilas UDEM","Lista","Tarjeta Tarjeta Debito",109,,,"0.00","Tarjeta Debito",,3,4084,,2,"  ",,,"PAPA ASADA CON CARNE ASADA Estandar 1 $0.00","PORCION EXTRA DE CARNE ASADA $12.00",""
56866489,"Davilas CCU","812",0,1,"Ximena",,"14:03:47 30-01-2024","14:03:54 30-01-2024","14:06:43 30-01-2024",,"2024-01-30 14:15:00","Admin Company Davilas UDEM","Lista","Tarjeta Tarjeta Debito",98,,,"0.00","Tarjeta Debito",,3,4084,,2,"  ",,,"HAMBURGUESA DE RES Estandar 1 $0.00",,"Es para llevar"
56866709,"Davilas CCU","813",0,1,"JulioDavila",,"14:07:57 30-01-2024","14:08:01 30-01-2024","14:09:03 30-01-2024",,"2024-01-30 14:25:00","Admin Company Davilas UDEM","Lista","Tarjeta Tarjeta Debito",105,,,"0.00","Tarjeta Debito",,3,4084,,2,"  ",,,"BONELESS Estandar 1 $0.00","NATURALES $0.00",""
56867205,"Davilas CCU","814",0,1,"Angel Garcia Moreno",,"14:16:36 30-01-2024","14:16:41 30-01-2024","14:25:44 30-01-2024",,"2024-01-30 14:16:36","Admin Company Davilas UDEM","Lista","Tarjeta Tarjeta Debito",105,,,"0.00","Tarjeta Debito",,3,4084,,2,"  ",,,"BONELESS Estandar 1 $0.00","SALSA BÚFALO $0.00",""
56870744,"Davilas CCU","815",0,1,"ReginaMaríaJulián",,"15:25:32 30-01-2024","15:25:36 30-01-2024","15:43:30 30-01-2024",,"2024-01-30 16:00:00","Admin Company Davilas UDEM","Lista","Tarjeta Tarjeta Debito",102,,,"0.00","Tarjeta Debito",,3,4084,,2,"  ",,,"DEDOS DE QUESO Estandar 1 $0.00","SALSA DE TOMATE EXTRA $6.00",""
56872338,"Davilas CCU","816",0,1,"RafaelGarcíaEscareño",,"16:04:15 30-01-2024","16:04:20 30-01-2024","16:06:58 30-01-2024",,"2024-01-30 16:05:00","Admin Company Davilas UDEM","Lista","Tarjeta Tarjeta Credito",142,,,"0.00","Tarjeta Credito",,3,4084,,2,"  ",,,"HAMBURGUESA DE POLLO Estandar 1 $0.00,AGUA NATURAL 600ML Estandar 1 $0.00,SALSA BÚFALO Estandar 2 $0.00,ADEREZO RANCH Estandar 2 $0.00",,""
56887708,"Davilas CCU","817",0,1,"Ilse",,"12:32:07 31-01-2024","12:32:09 31-01-2024","12:33:22 31-01-2024",,"2024-01-31 12:35:00","Admin Company Davilas UDEM","Lista","Tarjeta Tarjeta Debito",105,,,"0.00","Tarjeta Debito",,3,4084,,2,"  ",,,"CHICKEN TENDERS Estandar 1 $0.00","SALSA BBQ $0.00",""
56891064,"Davilas CCU","818",0,1,"GalliaMonjarás",,"13:37:38 31-01-2024","13:37:43 31-01-2024","14:16:47 31-01-2024",,"2024-01-31 14:25:00","Admin Company Davilas UDEM","Lista","Tarjeta Tarjeta Debito",105,,,"0.00","Tarjeta Debito",,3,4084,,2,"  ",,,"BONELESS Estandar 1 $0.00","SALSA BÚFALO $0.00",""
56893022,"Davilas CCU","819",0,1,"JorgeVladimirRodríguezBerino",,"14:12:19 31-01-2024","14:12:24 31-01-2024","14:17:04 31-01-2024",,"2024-01-31 14:15:00","Admin Company Davilas UDEM","Lista","Tarjeta Tarjeta Debito",125,,,"0.00","Tarjeta Debito",,3,4084,,2,"  ",,,"BONELESS Estandar 1 $0.00,AGUA CIEL SABOR Estandar 1 $0.00","SALSA BBQ $0.00,LIMON $0.00",""
56893542,"Davilas CCU","820",0,1,"Javier",,"14:20:13 31-01-2024","14:20:18 31-01-2024","14:25:12 31-01-2024",,"2024-01-31 14:20:13","Admin Company Davilas UDEM","Lista","Tarjeta Tarjeta Debito",55,,,"0.00","Tarjeta Debito",,3,4084,,2,"  ",,,"ORDEN PAPAS ESPECIALES Estandar 1 $0.00",,""
56914710,"Davilas CCU","821",0,1,"Karla",,"12:24:49 01-02-2024",,,"12:24:55 01-02-2024","2024-02-01 12:25:00","Admin Company Davilas UDEM","Cancelada","Tarjeta ",98,,,"0.00",,,5,4084,"Tarjeta rechazada",2,"  ",,,"BURRITO DE CARNE ASADA Estandar 1 $0.00","CON QUESO $0.00","orden para llevar"
56914797,"Davilas CCU","822",0,1,"Emilio",,"12:26:55 01-02-2024","12:27:01 01-02-2024","12:28:29 01-02-2024",,"2024-02-01 12:30:00","Admin Company Davilas UDEM","Lista","Tarjeta Tarjeta Debito",105,,,"0.00","Tarjeta Debito",,3,4084,,2,"  ",,,"BONELESS Estandar 1 $0.00","NATURALES $0.00",""
56915757,"Davilas CCU","823",0,1,"Frida",,"12:48:28 01-02-2024","12:48:33 01-02-2024","12:54:23 01-02-2024",,"2024-02-01 12:50:00","Admin Company Davilas UDEM","Lista","Tarjeta Tarjeta Credito",210,,,"0.00","Tarjeta Credito",,3,4084,,2,"  ",,,"BONELESS Estandar 2 $0.00","SALSA BÚFALO $0.00",""
56916278,"Davilas CCU","824",0,1,"DiegoLinares",,"12:59:15 01-02-2024","12:59:19 01-02-2024","13:08:34 01-02-2024",,"2024-02-01 13:00:00","Admin Company Davilas UDEM","Lista","Tarjeta Tarjeta Debito",105,,,"0.00","Tarjeta Debito",,3,4084,,2,"  ",,,"BONELESS Estandar 1 $0.00","SALSA BÚFALO $0.00",""
56916858,"Davilas CCU","825",0,1,"Vick Maldonado",,"13:09:06 01-02-2024","13:09:11 01-02-2024","13:16:28 01-02-2024",,"2024-02-01 13:09:06","Admin Company Davilas UDEM","Lista","Tarjeta Tarjeta Debito",153,,,"0.00","Tarjeta Debito",,3,4084,,2,"  ",,,"HAMBURGUESA DE RES Estandar 1 $0.00,ORDEN PAPAS ESPECIALES Estandar 1 $0.00",,"es para Llevar soy de SeguridadORDEN PAPAS ESPECIALES Estandar: con Trompo\n"
56916987,"Davilas CCU","826",0,1,"LilianaPérez",,"13:11:19 01-02-2024",,,"13:11:23 01-02-2024","2024-02-01 13:15:00","Admin Company Davilas UDEM","Cancelada","Tarjeta ",129,,,"0.00",,,5,4084,"Tarjeta rechazada",2,"  ",,,"BONELESS Estandar 1 $0.00,FUZE TEA Estandar 1 $0.00","SALSA BÚFALO $0.00",""
56919705,"Davilas CCU","827",0,1,"MauroCavazosHidalgo",,"13:59:11 01-02-2024","13:59:14 01-02-2024","14:05:51 01-02-2024",,"2024-02-01 14:25:00","Admin Company Davilas UDEM","Lista","Tarjeta Tarjeta Debito",129,,,"0.00","Tarjeta Debito",,3,4084,,2,"  ",,,"CHICKEN TENDERS Estandar 1 $0.00,FUZE TEA Estandar 1 $0.00","SALSA BBQ $0.00",""
56920369,"Davilas CCU","828",0,1,"Alejandra Cardenas",,"14:10:23 01-02-2024","14:10:26 01-02-2024","14:14:42 01-02-2024",,"2024-02-01 14:10:24","Admin Company Davilas UDEM","Lista","Tarjeta Tarjeta Debito",105,,,"0.00","Tarjeta Debito",,3,4084,,2,"  ",,,"BONELESS Estandar 1 $0.00","SALSA BÚFALO $0.00",""
56922317,"Davilas CCU","829",0,1,"Vanesa",,"14:42:07 01-02-2024","14:42:08 01-02-2024","15:02:20 01-02-2024",,"2024-02-01 14:45:00","Admin Company Davilas UDEM","Lista","Tarjeta Tarjeta Debito",105,,,"0.00","Tarjeta Debito",,3,4084,,2,"  ",,,"CHICKEN TENDERS Estandar 1 $0.00","SALSA BÚFALO $0.00","para llevar CHICKEN TENDERS Estandar: salsa aparte por favor \n"
56922631,"Davilas CCU","830",0,1,"Joel",,"14:47:05 01-02-2024","14:47:09 01-02-2024","15:02:22 01-02-2024",,"2024-02-01 14:50:00","Admin Company Davilas UDEM","Lista","Tarjeta Tarjeta Credito",105,,,"0.00","Tarjeta Credito",,3,4084,,2,"  ",,,"BONELESS Estandar 1 $0.00","SALSA BÚFALO $0.00",""
56924758,"Davilas CCU","831",0,1,"Alexei Benavides ",,"15:29:07 01-02-2024",,,"15:29:13 01-02-2024","2024-02-01 15:29:07","Admin Company Davilas UDEM","Cancelada","Tarjeta ",94,,,"0.00",,,5,4084,"Tarjeta rechazada",2,"  ",,,"GRINGA Estandar 1 $0.00","CON QUESO $0.00",""
56925064,"Davilas CCU","832",0,1,"Alexei Benavides ",,"15:36:08 01-02-2024","15:36:14 01-02-2024","15:42:00 01-02-2024",,"2024-02-01 15:36:08","Admin Company Davilas UDEM","Lista","Tarjeta Tarjeta Debito",94,,,"0.00","Tarjeta Debito",,3,4084,,2,"  ",,,"GRINGA Estandar 1 $0.00","CON QUESO $0.00",""
56929676,"Davilas CCU","833",0,1,"IanCano",,"17:56:07 01-02-2024","17:56:10 01-02-2024","18:00:20 01-02-2024",,"2024-02-01 18:00:00","Admin Company Davilas UDEM","Lista","Tarjeta Tarjeta Debito",55,,,"0.00","Tarjeta Debito",,3,4084,,2,"  ",,,"ORDEN PAPAS ESPECIALES Estandar 1 $0.00",,"ORDEN PAPAS ESPECIALES Estandar: De trompo porfa\n"
56942222,"Davilas CCU","834",0,1,"América",,"12:49:32 02-02-2024","12:49:36 02-02-2024","12:53:25 02-02-2024",,"2024-02-02 12:50:00","Admin Company Davilas UDEM","Lista","Tarjeta Tarjeta Debito",96,,,"0.00","Tarjeta Debito",,3,4084,,2,"  ",,,"PAPA ASADA CON TROMPO Estandar 1 $0.00",,""
56942756,"Davilas CCU","835",0,1,"DebanhiEsquivel",,"13:00:26 02-02-2024","13:00:27 02-02-2024","13:01:23 02-02-2024",,"2024-02-02 13:00:26","Admin Company Davilas UDEM","Lista","Tarjeta Tarjeta Credito",18,,,"0.00","Tarjeta Credito",,3,4084,,2,"  ",,,"AGUA NATURAL 600ML Estandar 1 $0.00",,""
56943296,"Davilas CCU","836",0,1,"Amauri",,"13:11:26 02-02-2024","13:11:28 02-02-2024","13:17:45 02-02-2024",,"2024-02-02 13:15:00","Admin Company Davilas UDEM","Lista","Tarjeta Tarjeta Debito",98,,,"0.00","Tarjeta Debito",,3,4084,,2,"  ",,,"BURRITO DE CARNE ASADA Estandar 1 $0.00","CON QUESO $0.00",""
56944205,"Davilas CCU","837",0,1,"LuisUrquijo",,"13:29:13 02-02-2024","13:29:15 02-02-2024","13:31:41 02-02-2024",,"2024-02-02 13:30:00","Admin Company Davilas UDEM","Lista","Tarjeta Tarjeta Debito",105,,,"0.00","Tarjeta Debito",,3,4084,,2,"  ",,,"BONELESS Estandar 1 $0.00","NATURALES $0.00","BONELESS Estandar: en lugar de la salsa bfalo poner bolsitas de ketchup\n"
56944869,"Davilas CCU","838",0,1,"XimenaSillas",,"13:42:41 02-02-2024","13:42:43 02-02-2024","14:03:56 02-02-2024",,"2024-02-02 14:20:00","Admin Company Davilas UDEM","Lista","Tarjeta Tarjeta Debito",98,,,"0.00","Tarjeta Debito",,3,4084,,2,"  ",,,"BURRITO DE CARNE ASADA Estandar 1 $0.00","SIN QUESO $0.00",""
56945580,"Davilas CCU","839",0,1,"ErikaGutiérrez",,"13:57:14 02-02-2024","13:57:18 02-02-2024","13:59:09 02-02-2024",,"2024-02-02 14:00:00","Admin Company Davilas UDEM","Lista","Tarjeta Tarjeta Debito",98,,,"0.00","Tarjeta Debito",,3,4084,,2,"  ",,,"HAMBURGUESA DE RES Estandar 1 $0.00",,""
56947174,"Davilas CCU","840",0,1,"Alexei Benavides ",,"14:27:15 02-02-2024","14:27:21 02-02-2024","14:56:12 02-02-2024",,"2024-02-02 14:27:15","Admin Company Davilas UDEM","Lista","Tarjeta Tarjeta Debito",105,,,"0.00","Tarjeta Debito",,3,4084,,2,"  ",,,"BONELESS Estandar 1 $0.00","SALSA BÚFALO $0.00",""
56948562,"Davilas CCU","841",0,1,"Diego Maurilio Franco",,"14:53:57 02-02-2024","14:54:02 02-02-2024","14:56:14 02-02-2024",,"2024-02-02 14:53:57","Admin Company Davilas UDEM","Lista","Tarjeta Tarjeta Debito",98,,,"0.00","Tarjeta Debito",,3,4084,,2,"  ",,,"TORTA DE CARNE ASADA Estandar 1 $0.00",,""
56951581,"Davilas CCU","842",0,1,"Maria",,"15:57:48 02-02-2024","15:57:53 02-02-2024","16:01:51 02-02-2024",,"2024-02-02 16:00:00","Admin Company Davilas UDEM","Lista","Tarjeta Tarjeta Debito",97,,,"0.00","Tarjeta Debito",,3,4084,,2,"  ",,,"PAPA ASADA CON CARNE ASADA Estandar 1 $0.00",,""
57035461,"Davilas CCU","843",0,1,"Alejandra Cardenas",,"11:35:48 06-02-2024","11:35:52 06-02-2024","12:01:35 06-02-2024",,"2024-02-06 11:35:48","Admin Company Davilas UDEM","Lista","Tarjeta Tarjeta Debito",105,,,"0.00","Tarjeta Debito",,3,4084,,2,"  ",,,"BONELESS Estandar 1 $0.00","SALSA BÚFALO $0.00",""
57038682,"Davilas CCU","844",0,1,"DebanhiEsquivel",,"12:58:13 06-02-2024","13:02:12 06-02-2024","13:19:58 06-02-2024",,"2024-02-06 13:00:00","Admin Company Davilas UDEM","Lista","Tarjeta Tarjeta Credito",24,,,"0.00","Tarjeta Credito",,3,4084,,2,"  ",,,"FUZE TEA Estandar 1 $0.00",,""
57038722,"Davilas CCU","845",0,1,"Melissa",,"12:59:07 06-02-2024","13:02:17 06-02-2024","13:08:27 06-02-2024",,"2024-02-06 12:59:07","Admin Company Davilas UDEM","Lista","Tarjeta Tarjeta Debito",105,,,"0.00","Tarjeta Debito",,3,4084,,2,"  ",,,"CHICKEN TENDERS Estandar 1 $0.00","SALSA BÚFALO $0.00",""
57039205,"Davilas CCU","846",0,1,"AlbertoGarza",,"13:09:10 06-02-2024","13:09:11 06-02-2024","13:15:29 06-02-2024",,"2024-02-06 13:10:00","Admin Company Davilas UDEM","Lista","Tarjeta Tarjeta Debito",197,,,"0.00","Tarjeta Debito",,3,4084,,2,"  ",,,"CHICKEN TENDERS Estandar 1 $0.00,TORTA DE PIERNA Estandar 1 $0.00","SALSA BÚFALO $0.00",""
57040737,"Davilas CCU","847",0,1,"ValeriaBerman",,"13:37:00 06-02-2024","13:37:07 06-02-2024","15:41:13 06-02-2024",,"2024-02-06 16:00:00","Admin Company Davilas UDEM","Lista","Tarjeta Tarjeta Debito",105,,,"0.00","Tarjeta Debito",,3,4084,,2,"  ",,,"BONELESS Estandar 1 $0.00","SALSA BÚFALO $0.00",""
57043629,"Davilas CCU","848",0,1,"BernardoServín",,"14:31:47 06-02-2024","14:31:48 06-02-2024","14:39:19 06-02-2024",,"2024-02-06 14:35:00","Admin Company Davilas UDEM","Lista","Tarjeta Tarjeta Debito",96,,,"0.00","Tarjeta Debito",,3,4084,,2,"  ",,,"DEDOS DE QUESO Estandar 1 $0.00",,""
57043688,"Davilas CCU","849",0,1,"AlexiaAvila",,"14:32:49 06-02-2024","14:32:55 06-02-2024","14:45:20 06-02-2024",,"2024-02-06 14:35:00","Admin Company Davilas UDEM","Lista","Tarjeta Tarjeta Debito",138,,,"0.00","Tarjeta Debito",,3,4084,,2,"  ",,,"BURRITO DE CARNE ASADA Estandar 1 $0.00,ORDEN DE PAPAS Estandar 1 $0.00","CON QUESO $0.00",""
57048188,"Davilas CCU","850",0,1,"AnaPaty",,"16:17:50 06-02-2024","16:17:56 06-02-2024","16:21:31 06-02-2024",,"2024-02-06 16:40:00","Admin Company Davilas UDEM","Lista","Tarjeta Tarjeta Credito",140,,,"0.00","Tarjeta Credito",,3,4084,,2,"  ",,,"GRINGA Estandar 1 $0.00,ORDEN DE PAPAS Estandar 1 $0.00","CON QUESO $0.00,ADEREZO RANCH $6.00",""
57060046,"Davilas CCU","851",0,1,"ana Villegas ",,"11:52:53 07-02-2024","11:52:56 07-02-2024","11:58:30 07-02-2024",,"2024-02-07 11:52:54","Admin Company Davilas UDEM","Lista","Tarjeta Tarjeta Credito",98,,,"0.00","Tarjeta Credito",,3,4084,,2,"  ",,,"HAMBURGUESA DE POLLO Estandar 1 $0.00",,""
57060343,"Davilas CCU","852",0,1,"ana Villegas ",,"12:01:43 07-02-2024",,,"12:01:48 07-02-2024","2024-02-07 12:01:43","Admin Company Davilas UDEM","Cancelada","Tarjeta ",30,,,"0.00",,,5,4084,"Tarjeta rechazada",2,"  ",,,"FUZE TEA Estandar 1 $0.00,ADEREZO RANCH Estandar 1 $0.00",,""
57060397,"Davilas CCU","853",0,1,"ana Villegas ",,"12:03:27 07-02-2024",,,"12:03:32 07-02-2024","2024-02-07 12:03:28","Admin Company Davilas UDEM","Cancelada","Tarjeta ",30,,,"0.00",,,5,4084,"Tarjeta rechazada",2,"  ",,,"FUZE TEA Estandar 1 $0.00,ADEREZO RANCH Estandar 1 $0.00",,""
57061784,"Davilas CCU","854",0,1,"Ilse",,"12:39:36 07-02-2024","12:39:40 07-02-2024","12:50:10 07-02-2024",,"2024-02-07 12:40:00","Admin Company Davilas UDEM","Lista","Tarjeta Tarjeta Debito",105,,,"0.00","Tarjeta Debito",,3,4084,,2,"  ",,,"CHICKEN TENDERS Estandar 1 $0.00","SALSA BBQ $0.00",""
57061960,"Davilas CCU","855",0,1,"Ilse",,"12:44:03 07-02-2024","12:44:07 07-02-2024","12:44:30 07-02-2024",,"2024-02-07 12:45:00","Admin Company Davilas UDEM","Lista","Tarjeta Tarjeta Debito",18,,,"0.00","Tarjeta Debito",,3,4084,,2,"  ",,,"AGUA NATURAL 600ML Estandar 1 $0.00",,""
57062336,"Davilas CCU","856",0,1,"Leo Tamez",,"12:53:37 07-02-2024",,,"12:53:42 07-02-2024","2024-02-07 12:53:37","Admin Company Davilas UDEM","Cancelada","Tarjeta ",75,,,"0.00",,,5,4084,"Tarjeta rechazada",2,"  ",,,"ORDEN PAPAS ESPECIALES Estandar 1 $0.00,AGUA CIEL SABOR Estandar 1 $0.00","LIMON $0.00","pueden ponerlo para llevar porfavor"
57066378,"Davilas CCU","857",0,1,"DiegoTorres",,"14:06:38 07-02-2024","14:06:42 07-02-2024","14:16:23 07-02-2024",,"2024-02-07 14:10:00","Admin Company Davilas UDEM","Lista","Tarjeta Tarjeta Debito",105,,,"0.00","Tarjeta Debito",,3,4084,,2,"  ",,,"CHICKEN TENDERS Estandar 1 $0.00","SALSA BÚFALO $0.00","CHICKEN TENDERS Estandar: Que esten baados en salsa buffalo\n"
57066558,"Davilas CCU","858",0,1,"EduardoSaldaña",,"14:09:55 07-02-2024","14:09:55 07-02-2024","14:12:58 07-02-2024",,"2024-02-07 14:25:00","Admin Company Davilas UDEM","Lista","Tarjeta Tarjeta Credito",98,,,"0.00","Tarjeta Credito",,3,4084,,2,"  ",,,"BURRITO DE CARNE ASADA Estandar 1 $0.00","CON QUESO $0.00",""
57067775,"Davilas CCU","859",0,1,"Pablo",,"14:33:29 07-02-2024","14:33:34 07-02-2024","14:43:05 07-02-2024",,"2024-02-07 14:35:00","Admin Company Davilas UDEM","Lista","Tarjeta Tarjeta Debito",67,,,"0.00","Tarjeta Debito",,3,4084,,2,"  ",,,"ORDEN PAPAS ESPECIALES Estandar 1 $0.00","SALSA BÚFALO $6.00,ADEREZO RANCH $6.00",""
57067893,"Davilas CCU","860",0,1,"Pablo",,"14:35:58 07-02-2024",,,"14:36:03 07-02-2024","2024-02-07 14:35:58","Admin Company Davilas UDEM","Cancelada","Tarjeta ",105,,,"0.00",,,5,4084,"Tarjeta rechazada",2,"  ",,,"BONELESS Estandar 1 $0.00","SALSA BÚFALO $0.00",""
57067958,"Davilas CCU","861",0,1,"Pablo",,"14:37:03 07-02-2024","14:37:04 07-02-2024",,,"2024-02-07 14:40:00","Admin Company Davilas UDEM","Procesándose","Tarjeta Tarjeta Debito",105,,,"0.00","Tarjeta Debito",,2,4084,,2,"  ",,,"BONELESS Estandar 1 $0.00","SALSA BÚFALO $0.00",""
57085735,"Davilas CCU","862",0,1,"Eugenia",,"12:32:56 08-02-2024","12:33:01 08-02-2024","12:44:15 08-02-2024",,"2024-02-08 13:00:00","Admin Company Davilas UDEM","Lista","Tarjeta Tarjeta Credito",98,,,"0.00","Tarjeta Credito",,3,4084,,2,"  ",,,"BURRITO DE CARNE ASADA Estandar 1 $0.00","CON QUESO $0.00",""
57086154,"Davilas CCU","863",0,1,"Melissa",,"12:42:38 08-02-2024","12:42:42 08-02-2024","13:02:34 08-02-2024",,"2024-02-08 12:42:38","Admin Company Davilas UDEM","Lista","Tarjeta Tarjeta Debito",203,,,"0.00","Tarjeta Debito",,3,4084,,2,"  ",,,"CHICKEN TENDERS Estandar 1 $0.00,HAMBURGUESA DE POLLO Estandar 1 $0.00","SALSA BÚFALO $0.00",""
57086897,"Davilas CCU","864",0,1,"MarvingCanales",,"13:01:20 08-02-2024","13:01:22 08-02-2024","13:13:44 08-02-2024",,"2024-02-08 13:05:00","Admin Company Davilas UDEM","Lista","Tarjeta Tarjeta Debito",92,,,"0.00","Tarjeta Debito",,3,4084,,2,"  ",,,"TORTA DE PIERNA Estandar 1 $0.00",,""
57086942,"Davilas CCU","865",0,1,"Amauri",,"13:02:20 08-02-2024","13:02:22 08-02-2024","14:10:32 08-02-2024",,"2024-02-08 13:05:00","Admin Company Davilas UDEM","Lista","Tarjeta Tarjeta Debito",98,,,"0.00","Tarjeta Debito",,3,4084,,2,"  ",,,"BURRITO DE CARNE ASADA Estandar 1 $0.00","CON QUESO $0.00",""
57087025,"Davilas CCU","866",0,1,"Frida",,"13:04:17 08-02-2024","13:04:23 08-02-2024","13:13:40 08-02-2024",,"2024-02-08 13:05:00","Admin Company Davilas UDEM","Lista","Tarjeta Tarjeta Credito",210,,,"0.00","Tarjeta Credito",,3,4084,,2,"  ",,,"BONELESS Estandar 2 $0.00","SALSA BÚFALO $0.00",""
57087087,"Davilas CCU","867",0,1,"DiegoLinares",,"13:05:22 08-02-2024","13:05:26 08-02-2024","13:25:39 08-02-2024",,"2024-02-08 13:05:22","Admin Company Davilas UDEM","Lista","Tarjeta Tarjeta Debito",105,,,"0.00","Tarjeta Debito",,3,4084,,2,"  ",,,"BONELESS Estandar 1 $0.00","SALSA BÚFALO $0.00",""
57087233,"Davilas CCU","868",0,1,"MarvingCanales",,"13:08:24 08-02-2024",,,"13:08:28 08-02-2024","2024-02-08 13:10:00","Admin Company Davilas UDEM","Cancelada","Tarjeta ",105,,,"0.00",,,5,4084,"Tarjeta rechazada",2,"  ",,,"CHICKEN TENDERS Estandar 1 $0.00","SALSA BÚFALO $0.00",""
57087354,"Davilas CCU","869",0,1,"MarvingCanales",,"13:10:41 08-02-2024","13:10:46 08-02-2024","13:22:24 08-02-2024",,"2024-02-08 13:10:41","Admin Company Davilas UDEM","Lista","Tarjeta Tarjeta Debito",105,,,"0.00","Tarjeta Debito",,3,4084,,2,"  ",,,"CHICKEN TENDERS Estandar 1 $0.00","SALSA BÚFALO $0.00",""
57090195,"Davilas CCU","870",0,1,"MauroCavazosHidalgo",,"14:07:38 08-02-2024","14:07:40 08-02-2024","14:10:36 08-02-2024",,"2024-02-08 14:25:00","Admin Company Davilas UDEM","Lista","Tarjeta Tarjeta Debito",129,,,"0.00","Tarjeta Debito",,3,4084,,2,"  ",,,"CHICKEN TENDERS Estandar 1 $0.00,FUZE TEA Estandar 1 $0.00","SALSA BBQ $0.00",""
57093358,"Davilas CCU","871",0,1,"Ilse",,"15:10:31 08-02-2024","15:10:32 08-02-2024","15:21:24 08-02-2024",,"2024-02-08 15:10:31","Admin Company Davilas UDEM","Lista","Tarjeta Tarjeta Debito",105,,,"0.00","Tarjeta Debito",,3,4084,,2,"  ",,,"CHICKEN TENDERS Estandar 1 $0.00","SALSA BBQ $0.00",""
57108094,"Davilas CCU","872",0,1,"JorgeVladimirRodríguezBerino",,"11:46:10 09-02-2024","11:46:13 09-02-2024","11:54:28 09-02-2024",,"2024-02-09 11:50:00","Admin Company Davilas UDEM","Lista","Tarjeta Tarjeta Debito",125,,,"0.00","Tarjeta Debito",,3,4084,,2,"  ",,,"BONELESS Estandar 1 $0.00,AGUA CIEL SABOR Estandar 1 $0.00","SALSA BBQ $0.00,LIMON $0.00",""
57108379,"Davilas CCU","873",0,1,"Carlos",,"11:54:07 09-02-2024","11:54:10 09-02-2024","11:57:59 09-02-2024",,"2024-02-09 11:55:00","Admin Company Davilas UDEM","Lista","Tarjeta Tarjeta Credito",96,,,"0.00","Tarjeta Credito",,3,4084,,2,"  ",,,"DEDOS DE QUESO Estandar 1 $0.00",,""
57108888,"Davilas CCU","874",0,1,"ZuilmaMolina",,"12:06:35 09-02-2024","12:06:38 09-02-2024",,"12:06:39 09-02-2024","2024-02-09 12:10:00","Admin Company Davilas UDEM","Cancelada","Tarjeta Tarjeta Credito",98,,,"0.00","Tarjeta Credito",,5,4084,"Tarjeta rechazada",2,"  ",,,"HAMBURGUESA DE RES Estandar 1 $0.00",,""
57108952,"Davilas CCU","875",0,1,"ZuilmaMolina",,"12:08:20 09-02-2024","12:08:22 09-02-2024","12:14:09 09-02-2024",,"2024-02-09 12:10:00","Admin Company Davilas UDEM","Lista","Tarjeta Tarjeta Credito",98,,,"0.00","Tarjeta Credito",,3,4084,,2,"  ",,,"HAMBURGUESA DE RES Estandar 1 $0.00",,""
57109468,"Davilas CCU","876",0,1,"LuisCordova",,"12:22:30 09-02-2024","12:22:36 09-02-2024","12:27:42 09-02-2024",,"2024-02-09 12:40:00","Admin Company Davilas UDEM","Lista","Tarjeta Tarjeta Credito",110,,,"0.00","Tarjeta Credito",,3,4084,,2,"  ",,,"ORDEN TACOS DE CARNE ASADA Estandar 1 $0.00,AGUA NATURAL 600ML Estandar 1 $0.00","MAIZ $0.00,CON QUESO $0.00",""
57109608,"Davilas CCU","877",0,1,"Alma",,"12:25:40 09-02-2024","12:25:45 09-02-2024","12:43:37 09-02-2024",,"2024-02-09 12:25:40","Admin Company Davilas UDEM","Lista","Tarjeta Tarjeta Debito",203,,,"0.00","Tarjeta Debito",,3,4084,,2,"  ",,,"CHICKEN TENDERS Estandar 1 $0.00,HAMBURGUESA DE RES Estandar 1 $0.00","SALSA BÚFALO $0.00","HAMBURGUESA DE RES Estandar: Para llevar\nCHICKEN TENDERS Estandar: Para llevar\n"
57110446,"Davilas CCU","878",0,1,"ValeriaVillafranca",,"12:45:57 09-02-2024",,,"12:46:02 09-02-2024","2024-02-09 12:45:57","Admin Company Davilas UDEM","Cancelada","Tarjeta ",22,,,"0.00",,,5,4084,"Tarjeta rechazada",2,"  ",,,"AGUA 1 LITRO Estandar 1 $0.00",,""
57111017,"Davilas CCU","879",0,1,"Karla",,"12:59:35 09-02-2024","12:59:40 09-02-2024","13:02:52 09-02-2024",,"2024-02-09 13:00:00","Admin Company Davilas UDEM","Lista","Tarjeta Tarjeta Debito",96,,,"0.00","Tarjeta Debito",,3,4084,,2,"  ",,,"DEDOS DE QUESO Estandar 1 $0.00",,"orden para llevar"
57111959,"Davilas CCU","880",0,1,"LilianaPérez",,"13:18:25 09-02-2024",,,"13:18:29 09-02-2024","2024-02-09 13:20:00","Admin Company Davilas UDEM","Cancelada","Tarjeta ",129,,,"0.00",,,5,4084,"Tarjeta rechazada",2,"  ",,,"BONELESS Estandar 1 $0.00,FUZE TEA Estandar 1 $0.00","SALSA BÚFALO $0.00",""
57112224,"Davilas CCU","881",0,1,"LilianaPérezAguilar",,"13:22:51 09-02-2024","13:22:57 09-02-2024","13:37:32 09-02-2024",,"2024-02-09 13:22:51","Admin Company Davilas UDEM","Lista","Tarjeta Tarjeta Debito",129,,,"0.00","Tarjeta Debito",,3,4084,,2,"  ",,,"BONELESS Estandar 1 $0.00,FUZE TEA Estandar 1 $0.00","SALSA BÚFALO $0.00",""
57113125,"Davilas CCU","882",0,1,"AriadnaLezithGarzagonzález",,"13:39:41 09-02-2024","13:39:43 09-02-2024","13:53:27 09-02-2024",,"2024-02-09 13:40:00","Admin Company Davilas UDEM","Lista","Tarjeta Tarjeta Debito",294,,,"0.00","Tarjeta Debito",,3,4084,,2,"  ",,,"CHICKEN TENDERS Estandar 1 $0.00,ORDEN TACOS DE CARNE ASADA Estandar 1 $0.00,PAPA ASADA CON CARNE ASADA Estandar 1 $0.00","MAIZ $0.00,CON QUESO $0.00,SALSA BBQ $0.00",""
57113307,"Davilas CCU","883",0,1,"Fatima",,"13:43:09 09-02-2024","13:43:11 09-02-2024","13:53:28 09-02-2024",,"2024-02-09 13:45:00","Admin Company Davilas UDEM","Lista","Tarjeta Tarjeta Debito",105,,,"0.00","Tarjeta Debito",,3,4084,,2,"  ",,,"CHICKEN TENDERS Estandar 1 $0.00","SALSA BÚFALO $0.00",""
57143431,"Davilas CCU","884",0,1,"América",,"15:40:42 10-02-2024","15:40:45 10-02-2024","11:55:07 12-02-2024",,"2024-02-10 15:40:42","Admin Company Davilas UDEM","Lista","Tarjeta Tarjeta Debito",105,,,"0.00","Tarjeta Debito",,3,4084,,2,"  ",,,"BONELESS Estandar 1 $0.00","SALSA BÚFALO $0.00",""
57177563,"Davilas CCU","885",0,1,"FernandaMateos",,"10:09:19 12-02-2024","10:09:23 12-02-2024",,"10:09:23 12-02-2024","2024-02-12 10:10:00","Admin Company Davilas UDEM","Cancelada","Tarjeta Tarjeta Debito",55,,,"0.00","Tarjeta Debito",,5,4084,"Tarjeta rechazada",2,"  ",,,"ORDEN PAPAS ESPECIALES Estandar 1 $0.00",,""
57179218,"Davilas CCU","886",0,1,"AntonioAzaelAlvaradoHernández",,"11:00:12 12-02-2024","11:00:19 12-02-2024","13:03:43 12-02-2024",,"2024-02-12 11:00:12","Admin Company Davilas UDEM","Lista","Tarjeta Tarjeta Debito",55,,,"0.00","Tarjeta Debito",,3,4084,,2,"  ",,,"ORDEN PAPAS ESPECIALES Estandar 1 $0.00",,""
57180315,"Davilas CCU","887",0,1,"Diego",,"11:31:38 12-02-2024","11:31:40 12-02-2024","11:38:48 12-02-2024",,"2024-02-12 11:35:00","Admin Company Davilas UDEM","Lista","Tarjeta Tarjeta Debito",98,,,"0.00","Tarjeta Debito",,3,4084,,2,"  ",,,"HAMBURGUESA DE RES Estandar 1 $0.00","SIN VERDURA $0.00",""
57180318,"Davilas CCU","888",0,1,"Vick Maldonado",,"11:31:41 12-02-2024","11:31:43 12-02-2024","11:38:51 12-02-2024",,"2024-02-12 11:31:41","Admin Company Davilas UDEM","Lista","Tarjeta Tarjeta Debito",98,,,"0.00","Tarjeta Debito",,3,4084,,2,"  ",,,"HAMBURGUESA DE RES Estandar 1 $0.00",,"para llevar con Catsup para las papas por Favor"
57180845,"Davilas CCU","889",0,1,"LedaHernández",,"11:46:08 12-02-2024","11:46:10 12-02-2024",,"11:46:10 12-02-2024","2024-02-12 11:50:00","Admin Company Davilas UDEM","Cancelada","Tarjeta Tarjeta Debito",210,,,"0.00","Tarjeta Debito",,5,4084,"Tarjeta rechazada",2,"  ",,,"BONELESS Estandar 1 $0.00,CHICKEN TENDERS Estandar 1 $0.00","SALSA BÚFALO $0.00,SALSA BÚFALO $0.00",""
57180916,"Davilas CCU","890",0,1,"isabellapáez",,"11:48:06 12-02-2024","11:48:08 12-02-2024","12:45:11 12-02-2024",,"2024-02-12 13:00:00","Admin Company Davilas UDEM","Lista","Tarjeta Tarjeta Debito",98,,,"0.00","Tarjeta Debito",,3,4084,,2,"  ",,,"HAMBURGUESA DE RES Estandar 1 $0.00",,""
57181214,"Davilas CCU","891",0,1,"Angel Garcia Moreno",,"11:56:40 12-02-2024","11:56:41 12-02-2024","11:58:17 12-02-2024",,"2024-02-12 11:56:40","Admin Company Davilas UDEM","Lista","Tarjeta Tarjeta Debito",105,,,"0.00","Tarjeta Debito",,3,4084,,2,"  ",,,"BONELESS Estandar 1 $0.00","SALSA BÚFALO $0.00",""
57181326,"Davilas CCU","892",0,1,"perla Yazmin Antonio Pérez ",,"11:59:31 12-02-2024","11:59:35 12-02-2024",,"11:59:35 12-02-2024","2024-02-12 13:00:00","Admin Company Davilas UDEM","Cancelada","Tarjeta Tarjeta Debito",98,,,"0.00","Tarjeta Debito",,5,4084,"Tarjeta rechazada",2,"  ",,,"BURRITO DE CARNE ASADA Estandar 1 $0.00","CON QUESO $0.00",""
57181692,"Davilas CCU","893",0,1,"Eugenia",,"12:08:53 12-02-2024","12:08:57 12-02-2024","12:44:04 12-02-2024",,"2024-02-12 13:00:00","Admin Company Davilas UDEM","Lista","Tarjeta Tarjeta Credito",105,,,"0.00","Tarjeta Credito",,3,4084,,2,"  ",,,"CHICKEN TENDERS Estandar 1 $0.00","SALSA BÚFALO $0.00",""
57182678,"Davilas CCU","894",0,1,"Vanesa",,"12:33:49 12-02-2024","12:33:50 12-02-2024","12:36:01 12-02-2024",,"2024-02-12 12:35:00","Admin Company Davilas UDEM","Lista","Tarjeta Tarjeta Debito",105,,,"0.00","Tarjeta Debito",,3,4084,,2,"  ",,,"BONELESS Estandar 1 $0.00","SALSA BÚFALO $0.00",""
57182848,"Davilas CCU","895",0,1,"Ximena",,"12:37:42 12-02-2024","12:37:46 12-02-2024",,"12:37:46 12-02-2024","2024-02-12 12:40:00","Admin Company Davilas UDEM","Cancelada","Tarjeta Tarjeta Debito",92,,,"0.00","Tarjeta Debito",,5,4084,"Tarjeta rechazada",2,"  ",,,"TORTA DE PIERNA Estandar 1 $0.00",,""
57183744,"Davilas CCU","896",0,1,"DiegoTovar",,"12:59:02 12-02-2024","12:59:03 12-02-2024","13:01:29 12-02-2024",,"2024-02-12 13:00:00","Admin Company Davilas UDEM","Lista","Tarjeta Tarjeta Credito",125,,,"0.00","Tarjeta Credito",,3,4084,,2,"  ",,,"CHICKEN TENDERS Estandar 1 $0.00,AGUA CIEL SABOR Estandar 1 $0.00","SALSA BÚFALO $0.00,LIMON $0.00",""
57183785,"Davilas CCU","897",0,1,"Amauri",,"12:59:41 12-02-2024","12:59:47 12-02-2024","13:05:28 12-02-2024",,"2024-02-12 13:00:00","Admin Company Davilas UDEM","Lista","Tarjeta Tarjeta Debito",98,,,"0.00","Tarjeta Debito",,3,4084,,2,"  ",,,"BURRITO DE CARNE ASADA Estandar 1 $0.00","CON QUESO $0.00",""
57184481,"Davilas CCU","898",0,1,"Rodrigo Gómez ",,"13:12:03 12-02-2024","13:12:06 12-02-2024",,"13:12:06 12-02-2024","2024-02-12 13:12:03","Admin Company Davilas UDEM","Cancelada","Tarjeta Tarjeta Debito",107,,,"0.00","Tarjeta Debito",,5,4084,"Tarjeta rechazada",2,"  ",,,"PAPA ASADA CON CARNE ASADA Estandar 1 $0.00","SIN TOCINO $0.00,PORCION EXTRA DE TROMPO $10.00","Sin tocino por favor PAPA ASADA CON CARNE ASADA Estandar: Sin tocino por favor\n"
57184699,"Davilas CCU","899",0,1,"DiegoTovar",,"13:15:51 12-02-2024","13:15:53 12-02-2024","14:09:17 12-02-2024",,"2024-02-12 13:15:51","Admin Company Davilas UDEM","Lista","Tarjeta Tarjeta Credito",107,,,"0.00","Tarjeta Credito",,3,4084,,2,"  ",,,"PAPA ASADA CON CARNE ASADA Estandar 1 $0.00","SIN TOCINO $0.00,PORCION EXTRA DE TROMPO $10.00","PAPA ASADA CON CARNE ASADA Estandar: Sin tocino por favor\n"
57184862,"Davilas CCU","900",0,1,"AlbertoGarza",,"13:18:45 12-02-2024","13:18:49 12-02-2024","14:09:19 12-02-2024",,"2024-02-12 13:20:00","Admin Company Davilas UDEM","Lista","Tarjeta Tarjeta Debito",105,,,"0.00","Tarjeta Debito",,3,4084,,2,"  ",,,"CHICKEN TENDERS Estandar 1 $0.00","SALSA BÚFALO $0.00",""
57187037,"Davilas CCU","901",0,1,"MauroCavazosHidalgo",,"13:59:41 12-02-2024","13:59:43 12-02-2024","14:09:21 12-02-2024",,"2024-02-12 14:25:00","Admin Company Davilas UDEM","Lista","Tarjeta Tarjeta Debito",116,,,"0.00","Tarjeta Debito",,3,4084,,2,"  ",,,"TORTA DE PIERNA Estandar 1 $0.00,FUZE TEA Estandar 1 $0.00",,""
57189795,"Davilas CCU","902",0,1,"LuisCordova",,"14:49:18 12-02-2024","14:49:23 12-02-2024","14:51:41 12-02-2024",,"2024-02-12 14:50:00","Admin Company Davilas UDEM","Lista","Tarjeta Tarjeta Credito",123,,,"0.00","Tarjeta Credito",,3,4084,,2,"  ",,,"CHICKEN TENDERS Estandar 1 $0.00,AGUA NATURAL 600ML Estandar 1 $0.00","SALSA BBQ $0.00",""
57190536,"Davilas CCU","903",0,1,"NataliaDelaFuente",,"15:05:31 12-02-2024","15:05:37 12-02-2024","16:12:35 12-02-2024",,"2024-02-12 15:05:31","Admin Company Davilas UDEM","Lista","Tarjeta Tarjeta Credito",96,,,"0.00","Tarjeta Credito",,3,4084,,2,"  ",,,"CAMPECHANA Estandar 1 $0.00","CON QUESO $0.00",""
57192052,"Davilas CCU","904",0,1,"Alexei Benavides ",,"15:40:12 12-02-2024","15:40:18 12-02-2024",,"15:40:18 12-02-2024","2024-02-12 15:40:12","Admin Company Davilas UDEM","Cancelada","Tarjeta Tarjeta Debito",97,,,"0.00","Tarjeta Debito",,5,4084,"Tarjeta rechazada",2,"  ",,,"PAPA ASADA CON CARNE ASADA Estandar 1 $0.00",,""
57192646,"Davilas CCU","905",0,1,"ErikaGutiérrez",,"15:55:12 12-02-2024","15:55:17 12-02-2024","16:04:56 12-02-2024",,"2024-02-12 15:55:12","Admin Company Davilas UDEM","Lista","Tarjeta Tarjeta Debito",98,,,"0.00","Tarjeta Debito",,3,4084,,2,"  ",,,"HAMBURGUESA DE RES Estandar 1 $0.00",,""
57192647,"Davilas CCU","906",0,1,"Ximena",,"15:55:13 12-02-2024","15:55:22 12-02-2024",,"15:55:23 12-02-2024","2024-02-12 15:55:13","Admin Company Davilas UDEM","Cancelada","Tarjeta Tarjeta Debito",104,,,"0.00","Tarjeta Debito",,5,4084,"Tarjeta rechazada",2,"  ",,,"HAMBURGUESA DE RES Estandar 1 $0.00,ADEREZO RANCH Estandar 1 $0.00",,""
57192690,"Davilas CCU","907",0,1,"Ximena",,"15:56:20 12-02-2024",,,"15:56:26 12-02-2024","2024-02-12 16:00:00","Admin Company Davilas UDEM","Cancelada","Tarjeta ",104,,,"0.00",,,5,4084,"Tarjeta rechazada",2,"  ",,,"HAMBURGUESA DE RES Estandar 1 $0.00,ADEREZO RANCH Estandar 1 $0.00",,""
57192698,"Davilas CCU","908",0,1,"ValeriaCrespo",,"15:56:36 12-02-2024",,,"15:56:37 12-02-2024","2024-02-12 16:00:00","Admin Company Davilas UDEM","Cancelada","Tarjeta ",105,,,"0.00",,,5,4084,"Tarjeta rechazada",2,"  ",,,"BONELESS Estandar 1 $0.00","SALSA BÚFALO $0.00",""
57192708,"Davilas CCU","909",0,1,"Mariana",,"15:56:53 12-02-2024","15:56:54 12-02-2024","16:04:39 12-02-2024",,"2024-02-12 16:00:00","Admin Company Davilas UDEM","Lista","Tarjeta Tarjeta Debito",105,,,"0.00","Tarjeta Debito",,3,4084,,2,"  ",,,"BONELESS Estandar 1 $0.00","SALSA BÚFALO $0.00",""
57192786,"Davilas CCU","910",0,1,"Edgar Eduardo Cantu Soto",,"15:58:43 12-02-2024","15:58:45 12-02-2024","16:10:38 12-02-2024",,"2024-02-12 15:58:43","Admin Company Davilas UDEM","Lista","Tarjeta Tarjeta Debito",105,,,"0.00","Tarjeta Debito",,3,4084,,2,"  ",,,"CHICKEN TENDERS Estandar 1 $0.00","SALSA BÚFALO $0.00","para llevar"
57192861,"Davilas CCU","911",0,1,"EberSanchez",,"16:00:36 12-02-2024","16:00:37 12-02-2024","16:16:18 12-02-2024",,"2024-02-12 16:00:36","Admin Company Davilas UDEM","Lista","Tarjeta Tarjeta Credito",105,,,"0.00","Tarjeta Credito",,3,4084,,2,"  ",,,"HAMBURGUESA DE POLLO Estandar 1 $0.00,SALSA BBQ Estandar 1 $0.00",,"HAMBURGUESA DE POLLO Estandar: Sin mayonesa \n"
57193466,"Davilas CCU","912",0,1,"norberto ",,"16:17:18 12-02-2024","16:17:23 12-02-2024","16:31:48 12-02-2024",,"2024-02-12 16:17:18","Admin Company Davilas UDEM","Lista","Tarjeta Tarjeta Credito",105,,,"0.00","Tarjeta Credito",,3,4084,,2,"  ",,,"CHICKEN TENDERS Estandar 1 $0.00","SALSA BBQ $0.00",""
57205867,"Davilas CCU","913",0,1,"Ilse",,"11:54:42 13-02-2024","11:54:45 13-02-2024","12:08:59 13-02-2024",,"2024-02-13 11:55:00","Admin Company Davilas UDEM","Lista","Tarjeta Tarjeta Debito",105,,,"0.00","Tarjeta Debito",,3,4084,,2,"  ",,,"CHICKEN TENDERS Estandar 1 $0.00","SALSA BBQ $0.00",""
57207218,"Davilas CCU","914",0,0,"SamanthaCastilloMontero",,"12:29:17 13-02-2024",,,"12:40:00 13-02-2024","2024-02-13 13:45:00",,"Cancelada","Tarjeta ",192,,,"0.00",,,5,,"Problemas de internet por parte del establecimiento",2,"  ",,,"DEDOS DE QUESO Estandar 2 $0.00",,""
58563257,"Davilas CCU","915",0,0,"IanCano",,"17:27:49 05-04-2024",,,"17:38:00 05-04-2024","2024-04-05 17:40:00",,"Cancelada","Tarjeta ",60,,,"0.00",,,5,,"Problemas de internet por parte del establecimiento",2,"  ",,,"ORDEN PAPAS ESPECIALES Estandar 1 $0.00",,"De trompo gracias"
58825538,"Davilas CCU","916",0,0,"MauricioGallardoBarbosa",,"09:13:33 16-04-2024",,,"09:24:00 16-04-2024","2024-04-16 11:30:00",,"Cancelada","Tarjeta ",224,,,"0.00",,,5,,"Problemas de internet por parte del establecimiento",2,"  ",,,"ALITAS Estandar 1 $0.00,ORDEN DE TROMPO Estandar 1 $0.00,AGUA 1 LITRO Estandar 1 $0.00","SALSA BÚFALO $0.00,MAIZ $0.00,SIN QUESO $0.00","ALITAS Estandar: como siempre se preparan no se si sea la buffalo o no pero hganlas como siempre por favor \n"
58859270,"Davilas CCU","917",0,0,"DanielLopez",,"12:28:37 17-04-2024",,,"12:40:00 17-04-2024","2024-04-17 13:05:00",,"Cancelada","Tarjeta ",110,,,"0.00",,,5,,"Problemas de internet por parte del establecimiento",2,"  ",,,"BURRITO DE CARNE ASADA Estandar 1 $0.00","CON QUESO $0.00",""
58859809,"Davilas CCU","918",0,0,"DanielLopez",,"12:41:44 17-04-2024",,,"12:52:00 17-04-2024","2024-04-17 13:05:00",,"Cancelada","Tarjeta ",110,,,"0.00",,,5,,"Problemas de internet por parte del establecimiento",2,"  ",,,"BURRITO DE CARNE ASADA Estandar 1 $0.00","CON QUESO $0.00",""
59088692,"Davilas CCU","919",0,0,"Alo",,"10:19:47 26-04-2024",,,"10:30:00 26-04-2024","2024-04-26 11:40:00",,"Cancelada","Tarjeta ",110,,,"0.00",,,5,,"Problemas de internet por parte del establecimiento",2,"  ",,,"HAMBURGUESA DE POLLO Estandar 1 $0.00",,""
61838417,"Davilas CCU","920",0,0,"GermanGonzalezCavazos",,"16:34:45 05-08-2024",,,"16:46:00 05-08-2024","2024-08-05 17:25:00",,"Cancelada","Tarjeta ",115,,,"0.00",,,5,,"Problemas de internet por parte del establecimiento",2,"  ",,,"BONELESS Estandar 1 $0.00","SALSA BÚFALO $0.00",""
61844406,"Davilas CCU","921",0,0,"XimenaSánchez",,"07:23:01 06-08-2024",,,"07:34:00 06-08-2024","2024-08-06 14:50:00",,"Cancelada","Tarjeta ",110,,,"0.00",,,5,,"Problemas de internet por parte del establecimiento",2,"  ",,,"BURRITO DE CARNE ASADA Estandar 1 $0.00","CON QUESO $0.00","Si lo pueden poner para llevar mejor Gracias D"
61845979,"Davilas CCU","922",0,0,"NataliaBenitez",,"09:31:41 06-08-2024",,,"09:42:00 06-08-2024","2024-08-06 10:05:00",,"Cancelada","Tarjeta ",51,,,"0.00",,,5,,"Problemas de internet por parte del establecimiento",2,"  ",,,"ORDEN DE PAPAS Estandar 1 $0.00","SALSA BBQ $6.00",""
61850010,"Davilas CCU","923",0,0,"XimenaSánchez",,"11:17:04 06-08-2024",,,"11:28:00 06-08-2024","2024-08-06 14:50:00",,"Cancelada","Tarjeta ",110,,,"0.00",,,5,,"Problemas de internet por parte del establecimiento",2,"  ",,,"BURRITO DE CARNE ASADA Estandar 1 $0.00","CON QUESO $0.00",""
61865944,"Davilas CCU","924",0,0,"CarolinaGonzálezQuintanilla",,"17:04:04 06-08-2024",,,"11:06:00 07-08-2024","2024-08-07 10:55:00",,"Cancelada","Tarjeta ",115,,,"0.00",,,5,,"Problemas de internet por parte del establecimiento",2,"  ",,,"BONELESS Estandar 1 $0.00","SALSA BÚFALO $0.00",""
61873830,"Davilas CCU","925",0,0,"MagdalenaMartínez",,"09:59:43 07-08-2024",,,"10:10:00 07-08-2024","2024-08-07 10:50:00",,"Cancelada","Tarjeta ",115,,,"0.00",,,5,,"Problemas de internet por parte del establecimiento",2,"  ",,,"BONELESS Estandar 1 $0.00","SALSA BÚFALO $0.00",""
61906507,"Davilas CCU","926",0,0,"DanielaContreras",,"12:32:45 08-08-2024",,,"12:44:00 08-08-2024","2024-08-08 13:45:00",,"Cancelada","Tarjeta ",115,,,"0.00",,,5,,"Problemas de internet por parte del establecimiento",2,"  ",,,"CHICKEN TENDERS Estandar 1 $0.00","SALSA BÚFALO $0.00",""
61909123,"Davilas CCU","927",0,0,"DanielaContreras",,"13:21:37 08-08-2024",,,"13:32:00 08-08-2024","2024-08-08 13:40:00",,"Cancelada","Tarjeta ",115,,,"0.00",,,5,,"Problemas de internet por parte del establecimiento",2,"  ",,,"CHICKEN TENDERS Estandar 1 $0.00","SALSA BÚFALO $0.00",""
61912531,"Davilas CCU","928",0,0,"Gallia",,"14:23:20 08-08-2024",,,"14:34:00 08-08-2024","2024-08-08 14:50:00",,"Cancelada","Tarjeta ",105,,,"0.00",,,5,,"Problemas de internet por parte del establecimiento",2,"  ",,,"ORDEN TACOS DE CARNE ASADA Estandar 1 $0.00","MAIZ $0.00,SIN QUESO $0.00",""
64406341,"Davilas CCU","929",0,1,"Roberto",,"14:41:40 11-11-2024","14:41:46 11-11-2024","15:06:44 11-11-2024",,"2024-11-11 14:45:00","Caja Davilas UDEM","Lista","Tarjeta Tarjeta Credito",139,,"","0.00","Tarjeta Credito",,3,4086,,2,"  ",,,"BONELESS Estandar 1 $0.00,AGUA 1 LITRO Estandar 1 $0.00","SALSA BBQ $0.00",""
64406795,"Davilas CCU","930",0,1,"JorgeVladimirRodríguezBerino",,"14:51:24 11-11-2024","14:51:29 11-11-2024","15:06:39 11-11-2024",,"2024-11-11 14:55:00","Caja Davilas UDEM","Lista","Tarjeta Tarjeta Debito",141,,"","0.00","Tarjeta Debito",,3,4086,,2,"  ",,,"BONELESS Estandar 1 $0.00,FUZE TEA Estandar 1 $0.00","SALSA BBQ $0.00",""
64426495,"Davilas CCU","931",0,1,"Beatriz",,"12:58:43 12-11-2024","12:58:45 12-11-2024","13:03:11 12-11-2024",,"2024-11-12 13:00:00","Caja Davilas UDEM","Lista","Tarjeta Tarjeta Debito",115,,"","0.00","Tarjeta Debito",,3,4086,,2,"  ",,,"BONELESS Estandar 1 $0.00","NATURALES $0.00",""
64480385,"Davilas CCU","932",0,1,"Roberto",,"14:12:25 14-11-2024","14:12:30 14-11-2024","14:19:03 14-11-2024",,"2024-11-14 14:15:00","Caja Davilas UDEM","Lista","Tarjeta Tarjeta Credito",139,,"","0.00","Tarjeta Credito",,3,4086,,2,"  ",,,"BONELESS Estandar 1 $0.00,AGUA 1 LITRO Estandar 1 $0.00","SALSA BBQ $0.00",""
64503439,"Davilas CCU","933",0,1,"Beatriz",,"12:47:31 15-11-2024","12:47:33 15-11-2024","12:56:47 15-11-2024",,"2024-11-15 12:50:00","Caja Davilas UDEM","Lista","Tarjeta Tarjeta Debito",115,,"","0.00","Tarjeta Debito",,3,4086,,2,"  ",,,"BONELESS Estandar 1 $0.00","NATURALES $0.00","para llevar"
67288283,"Davilas CCU","934",0,1,"IanCano",,"14:25:54 05-03-2025","14:25:58 05-03-2025",,,"2025-03-05 14:25:54","Caja Davilas UDEM","Procesándose","Tarjeta Tarjeta Credito",75,,,"0.00","Tarjeta Credito",,2,4086,,2,"  ",,,"ORDEN PAPAS ESPECIALES Estandar 1 $0.00",,""
67334816,"Davilas CCU","935",0,1,"AnaSalas",,"14:01:08 07-03-2025","14:01:16 07-03-2025","14:08:20 07-03-2025",,"2025-03-07 14:25:00","Caja Davilas UDEM","Lista","Tarjeta Tarjeta Debito",61,,"","0.00","Tarjeta Debito",,3,4086,,2,"  ",,,"ORDEN DE PAPAS Estandar 1 $0.00","ADEREZO RANCH $6.00",""
67452367,"Davilas CCU","936",0,1,"Santiago",,"13:05:16 12-03-2025","13:05:21 12-03-2025","13:57:00 12-03-2025",,"2025-03-12 14:10:00","Caja Davilas UDEM","Lista","Tarjeta Tarjeta Debito",125,,"","0.00","Tarjeta Debito",,3,4086,,2,"  ",,,"HAMBURGUESA DE POLLO Estandar 1 $0.00","SIN QUESO $0.00",""
67456211,"Davilas CCU","937",0,1,"IanCano",,"14:21:50 12-03-2025","14:21:52 12-03-2025","14:26:39 12-03-2025",,"2025-03-12 14:25:00","Caja Davilas UDEM","Lista","Tarjeta Tarjeta Credito",75,,"","0.00","Tarjeta Credito",,3,4086,,2,"  ",,,"ORDEN PAPAS ESPECIALES Estandar 1 $0.00",,"DE TROMPOORDEN PAPAS ESPECIALES Estandar: DE TROMPO PORFAVOR\n"
67461568,"Davilas CCU","938",0,1,"Mariana",,"16:39:55 12-03-2025","16:39:56 12-03-2025","17:13:12 12-03-2025",,"2025-03-12 17:30:00","Caja Davilas UDEM","Lista","Tarjeta Tarjeta Debito",125,,"","0.00","Tarjeta Debito",,3,4086,,2,"  ",,,"HAMBURGUESA DE POLLO Estandar 1 $0.00",,""
67475734,"Davilas CCU","939",0,0,"AnaSalas",,"12:58:42 13-03-2025",,,"13:10:00 13-03-2025","2025-03-13 13:25:00",,"Cancelada","Tarjeta ",191,,,"0.00",,,5,,"Problemas de internet por parte del establecimiento",2,"  ",,,"BONELESS Estandar 1 $0.00,ORDEN DE PAPAS Estandar 1 $0.00","SALSA BBQ $0.00,ADEREZO RANCH $6.00",""
67765179,"Davilas CCU","940",0,1,"Giovana Vite",,"12:34:39 25-03-2025",,,"12:34:41 25-03-2025","2025-03-25 12:34:39","Caja Davilas UDEM","Cancelada","Tarjeta ",120,,,"0.00",,,5,4086,"Tarjeta rechazada",2,"  ",,,"ORDEN TACOS DE CARNE ASADA Estandar 1 $0.00","HARINA $0.00,CON QUESO $0.00",""
67766813,"Davilas CCU","941",0,0,"DiegoEsquivelMartínez",,"13:14:15 25-03-2025",,,"13:26:00 25-03-2025","2025-03-25 13:15:00",,"Cancelada","Tarjeta ",110,,,"0.00",,,5,,"Problemas de internet por parte del establecimiento",2,"  ",,,"HAMBURGUESA DE RES Estandar 1 $0.00",,""
69025171,"Davilas CCU","942",0,1,"RebecaVillegas",,"15:31:54 14-05-2025","15:32:11 14-05-2025","15:37:07 14-05-2025",,"2025-05-14 15:35:00","Caja Davilas UDEM","Lista","Tarjeta Tarjeta Credito",245,,"","0.00","Tarjeta Credito",,3,4086,,2,"  ",,,"CHICKEN TENDERS Estandar 1 $0.00,DEDOS DE QUESO Estandar 1 $0.00","SALSA BÚFALO $0.00",""
71127570,"Davilas CCU","943",0,1,"VeronicaGómez",,"14:40:10 04-08-2025","14:40:22 04-08-2025","14:55:37 04-08-2025",,"2025-08-04 14:40:10","Caja Davilas UDEM","Lista","Tarjeta Tarjeta Credito",240,,"","0.00","Tarjeta Credito",,3,4086,,2,"  ",,,"ORDEN TACOS DE CARNE ASADA Estandar 2 $0.00","MAIZ $0.00,CON QUESO $0.00",""
71129443,"Davilas CCU","944",0,1,"Roberto",,"15:20:13 04-08-2025","15:20:23 04-08-2025","15:21:18 04-08-2025",,"2025-08-04 15:20:13","Caja Davilas UDEM","Lista","Tarjeta Tarjeta Credito",154,,"","0.00","Tarjeta Credito",,3,4086,,2,"  ",,,"CHICKEN TENDERS Estandar 1 $0.00,AGUA 1 LITRO Estandar 1 $0.00","SALSA BÚFALO $0.00",""
71132396,"Davilas CCU","945",0,1,"achantyparedes",,"16:31:57 04-08-2025","16:32:01 04-08-2025","16:45:48 04-08-2025",,"2025-08-04 17:00:00","Caja Davilas UDEM","Lista","Tarjeta Tarjeta Debito",75,,"","0.00","Tarjeta Debito",,3,4086,,2,"  ",,,"ORDEN PAPAS ESPECIALES Estandar 1 $0.00",,""
71307338,"Davilas CCU","946",0,1,"Roberto",,"14:02:26 11-08-2025","14:02:39 11-08-2025","14:25:45 11-08-2025",,"2025-08-11 14:40:00","Caja Davilas UDEM","Lista","Tarjeta Tarjeta Credito",154,,"","0.00","Tarjeta Credito",,3,4086,,2,"  ",,,"BONELESS Estandar 1 $0.00,AGUA 1 LITRO Estandar 1 $0.00","SALSA BÚFALO $0.00",""
71357886,"Davilas CCU","947",0,1,"MatiasNava",,"13:54:26 13-08-2025","13:54:34 13-08-2025","13:57:58 13-08-2025",,"2025-08-13 13:55:00","Caja Davilas UDEM","Lista","Tarjeta Tarjeta Debito",125,5,"Muy bueno todo, solo debería agregar la opción de comprar bebidas y mandar una notificación cuando ya está el pedido. ","0.00","Tarjeta Debito",,3,4086,,2,"  ",,,"BURRITO DE CARNE ASADA Estandar 1 $0.00","CON QUESO $0.00",""
71505061,"Davilas CCU","948",0,1,"jocelyngarza",,"19:08:05 18-08-2025","19:08:10 18-08-2025","19:09:27 18-08-2025",,"2025-08-18 19:08:05","Caja Davilas UDEM","Lista","Tarjeta Tarjeta Debito",156,,"","0.00","Tarjeta Debito",,3,4086,,2,"  ",,,"BONELESS Estandar 1 $0.00,FUZE TEA Estandar 1 $0.00","SALSA BÚFALO $0.00",""
72255962,"Davilas CCU","949",0,0,"CristyMenchaca",,"13:21:53 17-09-2025",,,"13:32:00 17-09-2025","2025-09-17 14:05:00",,"Cancelada","Tarjeta ",115,,,"0.00",,,5,,"Problemas de internet por parte del establecimiento",2,"  ",,,"TORTA DE PIERNA Estandar 1 $0.00",,""
72577872,"Davilas CCU","950",0,1,"Renatha",,"11:20:05 30-09-2025","11:20:15 30-09-2025",,,"2025-09-30 11:20:05","Caja Davilas UDEM","Procesándose","Tarjeta Tarjeta Debito",130,,,"0.00","Tarjeta Debito",,2,4086,,2,"  ",,,"CHICKEN TENDERS Estandar 1 $0.00","SALSA BÚFALO $0.00",""
72936291,"Davilas CCU","951",0,0,"Andreaavalos",,"12:48:54 14-10-2025",,,"13:00:00 14-10-2025","2025-10-14 13:00:00",,"Cancelada","Tarjeta ",75,,,"0.00",,,5,,"Problemas de internet por parte del establecimiento",2,"  ",,,"ORDEN PAPAS ESPECIALES Estandar 1 $0.00",,"ORDEN PAPAS ESPECIALES Estandar: sobres de catsup\n"
72936421,"Davilas CCU","952",0,0,"Andreaavalos",,"12:51:46 14-10-2025",,,"13:02:00 14-10-2025","2025-10-14 13:00:00",,"Cancelada","Tarjeta ",75,,,"0.00",,,5,,"Problemas de internet por parte del establecimiento",2,"  ",,,"ORDEN PAPAS ESPECIALES Estandar 1 $0.00",,""
73263818,"Davilas CCU","953",0,0,"Suri",,"11:42:15 27-10-2025",,,"11:54:00 27-10-2025","2025-10-27 12:20:00",,"Cancelada","Tarjeta ",120,,,"0.00",,,5,,"Problemas de internet por parte del establecimiento",2,"  ",,,"PAPA ASADA CON CARNE ASADA Estandar 1 $0.00",,"Ir por la papa con carne asada a las 1220"
73504558,"Davilas CCU","954",0,1,"RebecaVillegas",,"17:23:50 05-11-2025","17:24:03 05-11-2025",,,"2025-11-05 17:25:00","Caja Davilas UDEM","Procesándose","Tarjeta Tarjeta Debito",245,,,"0.00","Tarjeta Debito",,2,4086,,2,"  ",,,"BONELESS Estandar 1 $0.00,DEDOS DE QUESO Estandar 1 $0.00","SALSA BÚFALO $0.00",""
73622832,"Davilas CCU","955",0,1,"VerónicaMoreno",,"13:11:29 10-11-2025","13:11:32 10-11-2025",,,"2025-11-10 14:05:00","Caja Davilas UDEM","Procesándose","Tarjeta Tarjeta Credito",155,,,"0.00","Tarjeta Credito",,2,4086,,2,"  ",,,"CHICKEN TENDERS Estandar 1 $0.00,COCA COLA  Estandar 1 $0.00","SALSA BÚFALO $0.00",""
73646168,"Davilas CCU","956",0,1,"CristalMurillo",,"12:44:35 11-11-2025","12:44:48 11-11-2025",,,"2025-11-11 12:45:00","Caja Davilas UDEM","Procesándose","Tarjeta Tarjeta Credito",130,,,"0.00","Tarjeta Credito",,2,4086,,2,"  ",,,"BONELESS Estandar 1 $0.00","SALSA BBQ $0.00",""
73646453,"Davilas CCU","957",0,1,"Karla ",,"12:50:50 11-11-2025",,,"12:50:53 11-11-2025","2025-11-11 13:25:00","Caja Davilas UDEM","Cancelada","Tarjeta ",145,,,"0.00",,,5,4086,"Tarjeta rechazada",2,"  ",,,"CAMPECHANA Estandar 1 $0.00,AGUA FRESCA Estandar 1 $0.00","CON QUESO $0.00",""
73671497,"Davilas CCU","958",0,1,"ximenaasanchez",,"13:04:33 12-11-2025","13:04:44 12-11-2025",,,"2025-11-12 13:04:33","Caja Davilas UDEM","Procesándose","Tarjeta Tarjeta Debito",110,,,"0.00","Tarjeta Debito",,2,4086,,2,"  ",,,"HAMBURGUESA DE RES Estandar 1 $0.00",,"sin jalapeo ni chileHAMBURGUESA DE RES Estandar: sin jalapeo \n"
73905554,"Davilas CCU","959",0,1,"VerónicaMoreno",,"13:06:00 21-11-2025","13:06:05 21-11-2025",,,"2025-11-21 13:25:00","Caja Davilas UDEM","Procesándose","Tarjeta Tarjeta Credito",155,,,"0.00","Tarjeta Credito",,2,4086,,2,"  ",,,"CHICKEN TENDERS Estandar 1 $0.00,COCA COLA  Estandar 1 $0.00","SALSA BÚFALO $0.00",""
75141678,"Davilas CCU","960",0,0,"VerónicaMoreno",,"12:33:59 09-01-2026",,,"12:44:00 09-01-2026","2026-01-09 14:00:00",,"Cancelada","Tarjeta ",130,,,"0.00",,,5,,"Problemas de internet por parte del establecimiento",2,"  ",,,"CHICKEN TENDERS Estandar 1 $0.00","SALSA BÚFALO $0.00",""
75269674,"Davilas CCU","961",0,1,"CristalMurillo",,"12:36:05 15-01-2026","12:36:07 15-01-2026",,,"2026-01-15 12:40:00","Caja Davilas UDEM","Procesándose","Tarjeta Tarjeta Credito",130,,,"0.00","Tarjeta Credito",,2,4086,,2,"  ",,,"BONELESS Estandar 1 $0.00","SALSA BBQ $0.00",""
75286643,"Davilas CCU","962",0,1,"Gael",,"09:39:58 16-01-2026","09:40:02 16-01-2026",,,"2026-01-16 09:50:00","Caja Davilas UDEM","Procesándose","Tarjeta Tarjeta Debito",125,,,"0.00","Tarjeta Debito",,2,4086,,2,"  ",,,"BURRITO DE CARNE ASADA Estandar 1 $0.00","CON QUESO $0.00",""
75446734,"Davilas CCU","963",0,1,"PaulinaRueda",,"13:12:30 23-01-2026","13:12:44 23-01-2026",,,"2026-01-23 13:15:00","Caja Davilas UDEM","Procesándose","Tarjeta Tarjeta Credito",130,,,"0.00","Tarjeta Credito",,2,4086,,2,"  ",,,"BONELESS Estandar 1 $0.00","SALSA BÚFALO $0.00",""
75600508,"Davilas CCU","964",0,1,"ValeriaPeña",,"14:07:14 30-01-2026","14:07:27 30-01-2026",,,"2026-01-30 14:10:00","Caja Davilas UDEM","Procesándose","Tarjeta Tarjeta Debito",130,,,"0.00","Tarjeta Debito",,2,4086,,2,"  ",,,"CHICKEN TENDERS Estandar 1 $0.00","SALSA BÚFALO $0.00",""
75688556,"Davilas CCU","965",0,1,"Suri",,"12:56:37 03-02-2026","12:56:37 03-02-2026",,,"2026-02-03 13:00:00","Caja Davilas UDEM","Procesándose","Tarjeta Tarjeta Credito",125,,,"0.00","Tarjeta Credito",,2,4086,,2,"  ",,,"CAMPECHANA Estandar 1 $0.00","CON QUESO $0.00","A nombre de Suri "
76846085,"Davilas CCU","966",0,1,"santiagoparada",,"11:02:21 28-02-2026","11:02:22 28-02-2026",,,"2026-02-28 11:20:00","Caja Davilas UDEM","Procesándose","Tarjeta Tarjeta Debito",125,,,"0.00","Tarjeta Debito",,2,4086,,2,"  ",,,"BURRITO DE CARNE ASADA Estandar 1 $0.00","CON QUESO $0.00",""
8423,"Davilas CCU","",1,,"Javier Escobedo",0,"16:34:00 23-05-2023","Proceso de orden","Entrega de orden","Orden cancelada","Hora deseada",,"Terminado","Saldo",-92,0,"","",,"",4,,"",1,"Usuario subsidio/Meal plan","Nómina","","Recarga saldo Bundy","",""
8424,"Davilas CCU","",1,,"Javier Escobedo",0,"16:40:45 23-05-2023","Proceso de orden","Entrega de orden","Orden cancelada","Hora deseada",,"Terminado","Saldo",-92,0,"","",,"",4,,"",1,"Usuario subsidio/Meal plan","Nómina","","Recarga saldo Bundy","",""
8425,"Davilas CCU","",1,,"Javier Escobedo",0,"16:40:45 23-05-2023","Proceso de orden","Entrega de orden","Orden cancelada","Hora deseada",,"Terminado","Saldo",92,0,"","",,"",4,,"",1,"Usuario subsidio/Meal plan","Nómina","","Recarga saldo Bundy","",""
8426,"Davilas CCU","",1,,"Javier Escobedo",0,"16:46:17 23-05-2023","Proceso de orden","Entrega de orden","Orden cancelada","Hora deseada",,"Terminado","Saldo",-92,0,"","",,"",4,,"",1,"Usuario subsidio/Meal plan","Nómina","","Recarga saldo Bundy","",""
8427,"Davilas CCU","",1,,"Javier Escobedo",0,"16:52:27 23-05-2023","Proceso de orden","Entrega de orden","Orden cancelada","Hora deseada",,"Terminado","Saldo",-92,0,"","",,"",4,,"",1,"Usuario subsidio/Meal plan","Nómina","","Recarga saldo Bundy","",""
8428,"Davilas CCU","",1,,"Javier Escobedo",0,"16:52:27 23-05-2023","Proceso de orden","Entrega de orden","Orden cancelada","Hora deseada",,"Terminado","Saldo",92,0,"","",,"",4,,"",1,"Usuario subsidio/Meal plan","Nómina","","Recarga saldo Bundy","",""
8429,"Davilas CCU","",1,,"Javier Escobedo",0,"16:54:44 23-05-2023","Proceso de orden","Entrega de orden","Orden cancelada","Hora deseada",,"Terminado","Saldo",-92,0,"","",,"",4,,"",1,"Usuario subsidio/Meal plan","Nómina","","Recarga saldo Bundy","",""
8430,"Davilas CCU","",1,,"Javier Escobedo",0,"16:54:44 23-05-2023","Proceso de orden","Entrega de orden","Orden cancelada","Hora deseada",,"Terminado","Saldo",92,0,"","",,"",4,,"",1,"Usuario subsidio/Meal plan","Nómina","","Recarga saldo Bundy","",""
8431,"Davilas CCU","",1,,"Javier Escobedo",0,"16:58:02 23-05-2023","Proceso de orden","Entrega de orden","Orden cancelada","Hora deseada",,"Terminado","Saldo",-92,0,"","",,"",4,,"",1,"Usuario subsidio/Meal plan","Nómina","","Recarga saldo Bundy","",""
8435,"Davilas CCU","",1,1,"Javier Escobedo",0,"12:35:13 02-06-2023","Proceso de orden","Entrega de orden","Orden cancelada","Hora deseada","Caja Davilas UDEM","Terminado","Efectivo",500,0,"","",,"",4,4086,"",4,"Usuario subsidio/Meal plan","Nómina","","Recarga saldo Bundy","",""